path,label,session_id,timestamp,variant,capture_id,is_redundant_copy,width,height,bytes,md5
Cracking/Image_20231128195336980.jpg,Cracking,Cracking__20231128-195336,2023-11-28T19:53:36.980000,base,20231128195336980,False,3072,2048,3437148,99bd173e02b12b19933166be540af5c3
Cracking/Image_20231128195406987.jpg,Cracking,Cracking__20231128-195336,2023-11-28T19:54:06.987000,base,20231128195406987,False,3072,2048,3473447,e3459eca54088356176588cdce9af76a
Cracking/Image_20231128195436986.jpg,Cracking,Cracking__20231128-195336,2023-11-28T19:54:36.986000,base,20231128195436986,False,3072,2048,3552813,6c7eadd3d4e0927832362b85e23a00da
Cracking/Image_20231128195506996.jpg,Cracking,Cracking__20231128-195336,2023-11-28T19:55:06.996000,base,20231128195506996,False,3072,2048,3386209,504473ee163251ca815b07e79f6b6b6b
Cracking/Image_20231128195537006_aug.jpg,Cracking,Cracking__20231128-195336,2023-11-28T19:55:37.006000,aug,20231128195537006,True,3072,2048,1436464,4bb884555c3c2f2eb7d189b9d0cd3e56
Cracking/Image_20231128195537006.jpg,Cracking,Cracking__20231128-195336,2023-11-28T19:55:37.006000,base,20231128195537006,False,3072,2048,3564495,07833c6a4a5b592588a8d9a970657ef3
Cracking/Image_20231128195537006_original.jpg,Cracking,Cracking__20231128-195336,2023-11-28T19:55:37.006000,original,20231128195537006,True,3072,2048,1362278,5fc5a34e1f5ce64fc8c3859972d194fb
Cracking/Image_20231128195607013.jpg,Cracking,Cracking__20231128-195336,2023-11-28T19:56:07.013000,base,20231128195607013,False,3072,2048,3471008,ba0885d1f34b9417b3d92b1a7d787a0a
Cracking/Image_20231128195636965.jpg,Cracking,Cracking__20231128-195336,2023-11-28T19:56:36.965000,base,20231128195636965,False,3072,2048,3402993,25035653903064877c555875523ff571
Cracking/Image_20231128195706966.jpg,Cracking,Cracking__20231128-195336,2023-11-28T19:57:06.966000,base,20231128195706966,False,3072,2048,3664454,02b5bdf57238342c471b4fdf91a25e42
Cracking/Image_20231128195736979.jpg,Cracking,Cracking__20231128-195336,2023-11-28T19:57:36.979000,base,20231128195736979,False,3072,2048,3565036,5568bd10c6fd867e8c6bab3656a619b8
Cracking/Image_20231128195806986.jpg,Cracking,Cracking__20231128-195336,2023-11-28T19:58:06.986000,base,20231128195806986,False,3072,2048,3438975,7e32d1a96e6d7814a2188778b79787a1
Cracking/Image_20231128195836996.jpg,Cracking,Cracking__20231128-195336,2023-11-28T19:58:36.996000,base,20231128195836996,False,3072,2048,3517648,4ec225515ee08b2997c82415861053dc
Cracking/Image_20231128195906994.jpg,Cracking,Cracking__20231128-195336,2023-11-28T19:59:06.994000,base,20231128195906994,False,3072,2048,3572024,b539b311372033e3ca4bf1be897df6cd
Cracking/Image_20231128195937002.jpg,Cracking,Cracking__20231128-195336,2023-11-28T19:59:37.002000,base,20231128195937002,False,3072,2048,3649692,ccd97af56e5fd7cbe3bb2f8d5b5d78a6
Cracking/Image_20231128200007017.jpg,Cracking,Cracking__20231128-195336,2023-11-28T20:00:07.017000,base,20231128200007017,False,3072,2048,3751340,768c3dd4601e54705e8ae5c0d80bc4bc
Cracking/Image_20231128200036967_aug.jpg,Cracking,Cracking__20231128-195336,2023-11-28T20:00:36.967000,aug,20231128200036967,True,3072,2048,1292777,40666b429c817127a948e29c7046890e
Cracking/Image_20231128200036967.jpg,Cracking,Cracking__20231128-195336,2023-11-28T20:00:36.967000,base,20231128200036967,False,3072,2048,3444602,b4bb40c934d3ea21bac89c679d19ff5a
Cracking/Image_20231128200036967_original.jpg,Cracking,Cracking__20231128-195336,2023-11-28T20:00:36.967000,original,20231128200036967,True,3072,2048,1265316,c30c1cb4d82f36c26f115a5c5d37b046
Cracking/Image_20231128200106969.jpg,Cracking,Cracking__20231128-195336,2023-11-28T20:01:06.969000,base,20231128200106969,False,3072,2048,3597828,b144cea08e7eafec49a439b3a6f81876
Cracking/Image_20231128200136974.jpg,Cracking,Cracking__20231128-195336,2023-11-28T20:01:36.974000,base,20231128200136974,False,3072,2048,3536452,28000905058cd9ce7132178fe87f08cf
Cracking/Image_20231128200206984.jpg,Cracking,Cracking__20231128-195336,2023-11-28T20:02:06.984000,base,20231128200206984,False,3072,2048,3479810,9575b73942185b7bd7258a9d616a0e54
Cracking/Image_20231128200236984.jpg,Cracking,Cracking__20231128-195336,2023-11-28T20:02:36.984000,base,20231128200236984,False,3072,2048,3820193,67630254bfbd523af1d11d102009bf55
Cracking/Image_20231128200306992.jpg,Cracking,Cracking__20231128-195336,2023-11-28T20:03:06.992000,base,20231128200306992,False,3072,2048,3697345,734eca0a325b340656b84acba32635ca
Cracking/Image_20231128200337012.jpg,Cracking,Cracking__20231128-195336,2023-11-28T20:03:37.012000,base,20231128200337012,False,3072,2048,3508131,d42878bf0d78274e906a17e00d992d04
Cracking/Image_20231128200407012.jpg,Cracking,Cracking__20231128-195336,2023-11-28T20:04:07.012000,base,20231128200407012,False,3072,2048,3680212,414071097406d99844fbcb929605c585
Cracking/Image_20231128200436964.jpg,Cracking,Cracking__20231128-195336,2023-11-28T20:04:36.964000,base,20231128200436964,False,3072,2048,3402728,af4d002d3452046f04d282e673a110bc
Cracking/Image_20231128200506977.jpg,Cracking,Cracking__20231128-195336,2023-11-28T20:05:06.977000,base,20231128200506977,False,3072,2048,3548534,9997e64ee7303f8f160658c7573ef19e
Cracking/Image_20231128200536985_aug.jpg,Cracking,Cracking__20231128-195336,2023-11-28T20:05:36.985000,aug,20231128200536985,True,3072,2048,1259702,c6fb99b127c9f6aab113986ac73f7858
Cracking/Image_20231128200536985.jpg,Cracking,Cracking__20231128-195336,2023-11-28T20:05:36.985000,base,20231128200536985,False,3072,2048,3753463,13312bef557593f1a7fe9399c3a3251b
Cracking/Image_20231128200536985_original.jpg,Cracking,Cracking__20231128-195336,2023-11-28T20:05:36.985000,original,20231128200536985,True,3072,2048,1448333,474832c04741a82531f5932c56d874f4
Cracking/Image_20231128200606985.jpg,Cracking,Cracking__20231128-195336,2023-11-28T20:06:06.985000,base,20231128200606985,False,3072,2048,3542193,b7eb40f833f2ed0dfce0317f5b7f43f4
Cracking/Image_20231128200636988.jpg,Cracking,Cracking__20231128-195336,2023-11-28T20:06:36.988000,base,20231128200636988,False,3072,2048,3607866,c6590aede24fd7b2838d4c100f6498c6
Cracking/Image_20231128200706998.jpg,Cracking,Cracking__20231128-195336,2023-11-28T20:07:06.998000,base,20231128200706998,False,3072,2048,3428899,2f55c1af6e4e3fc3493f49f2b6d4a17b
Cracking/Image_20231128200736958.jpg,Cracking,Cracking__20231128-195336,2023-11-28T20:07:36.958000,base,20231128200736958,False,3072,2048,3637515,e9d361f869a406811257bb7718525cee
Cracking/Image_20231128200806963.jpg,Cracking,Cracking__20231128-195336,2023-11-28T20:08:06.963000,base,20231128200806963,False,3072,2048,3604451,84849238f69a4e42b66f94dc26915700
Cracking/Image_20231128200836964.jpg,Cracking,Cracking__20231128-195336,2023-11-28T20:08:36.964000,base,20231128200836964,False,3072,2048,3456510,5df527697da9aa4c217ab8d728acfd0c
Cracking/Image_20231128200906976.jpg,Cracking,Cracking__20231128-195336,2023-11-28T20:09:06.976000,base,20231128200906976,False,3072,2048,3493826,6f88c87321cd8c021be1f00d5276239c
Cracking/Image_20231128200936980.jpg,Cracking,Cracking__20231128-195336,2023-11-28T20:09:36.980000,base,20231128200936980,False,3072,2048,3660618,fe1f63e3bdc20c10c435faa3ee7fb24b
Cracking/Image_20231128201006991.jpg,Cracking,Cracking__20231128-195336,2023-11-28T20:10:06.991000,base,20231128201006991,False,3072,2048,3617511,b0a2b46017b09eb8b35d7f923fdfb6e7
Cracking/Image_20231128201037000_aug.jpg,Cracking,Cracking__20231128-195336,2023-11-28T20:10:37,aug,20231128201037000,True,3072,2048,1419709,72b32a6b40d8e56a6acc7a32291fcdf0
Cracking/Image_20231128201037000.jpg,Cracking,Cracking__20231128-195336,2023-11-28T20:10:37,base,20231128201037000,False,3072,2048,3727208,9ed7925e4f28340774f5204ae3b08611
Cracking/Image_20231128201037000_original.jpg,Cracking,Cracking__20231128-195336,2023-11-28T20:10:37,original,20231128201037000,True,3072,2048,1419709,72b32a6b40d8e56a6acc7a32291fcdf0
Cracking/Image_20231128201107001.jpg,Cracking,Cracking__20231128-195336,2023-11-28T20:11:07.001000,base,20231128201107001,False,3072,2048,3639733,e4f490e905897c934d0ebf9b3efddd98
Cracking/Image_20231128201136957.jpg,Cracking,Cracking__20231128-195336,2023-11-28T20:11:36.957000,base,20231128201136957,False,3072,2048,3592973,89126df3077e004d4645af71b19791e6
Cracking/Image_20231128201206957.jpg,Cracking,Cracking__20231128-195336,2023-11-28T20:12:06.957000,base,20231128201206957,False,3072,2048,3724654,5b4fa81faf56638434cde851f739594c
Cracking/Image_20231128201236968.jpg,Cracking,Cracking__20231128-195336,2023-11-28T20:12:36.968000,base,20231128201236968,False,3072,2048,3683477,6dd66ee4c7a8f4d98af0158f2c214ec0
Cracking/Image_20231128201306973.jpg,Cracking,Cracking__20231128-195336,2023-11-28T20:13:06.973000,base,20231128201306973,False,3072,2048,3707928,2d1cac24d7a3b2627fdcb9c3b2f331b2
Cracking/Image_20231128201336982.jpg,Cracking,Cracking__20231128-195336,2023-11-28T20:13:36.982000,base,20231128201336982,False,3072,2048,3738425,dd4acba68f95267480fac931b884a916
Cracking/Image_20231128201406987.jpg,Cracking,Cracking__20231128-195336,2023-11-28T20:14:06.987000,base,20231128201406987,False,3072,2048,3770160,aad680c64737709e9b889b0371155a2b
Cracking/Image_20231128201436997.jpg,Cracking,Cracking__20231128-195336,2023-11-28T20:14:36.997000,base,20231128201436997,False,3072,2048,3810192,ec598335689a29d51f103c48adb9508c
Cracking/Image_20231128201507007.jpg,Cracking,Cracking__20231128-195336,2023-11-28T20:15:07.007000,base,20231128201507007,False,3072,2048,3848637,2336ea4f57667d86f710f7e6ad05f51f
Cracking/Image_20231128201536958_aug.jpg,Cracking,Cracking__20231128-195336,2023-11-28T20:15:36.958000,aug,20231128201536958,True,3072,2048,1458534,d36a37831f53de372ba90939274c0eec
Cracking/Image_20231128201536958.jpg,Cracking,Cracking__20231128-195336,2023-11-28T20:15:36.958000,base,20231128201536958,False,3072,2048,3830728,d3243ef2d3337c4c316c6fb20ff38837
Cracking/Image_20231128201536958_original.jpg,Cracking,Cracking__20231128-195336,2023-11-28T20:15:36.958000,original,20231128201536958,True,3072,2048,1459648,03503325ed596577f055fd4790a685d1
Cracking/Image_20231128201606963.jpg,Cracking,Cracking__20231128-195336,2023-11-28T20:16:06.963000,base,20231128201606963,False,3072,2048,3667230,6f16f589f2039bb78d8e90bf5471a918
Cracking/Image_20231128201636979.jpg,Cracking,Cracking__20231128-195336,2023-11-28T20:16:36.979000,base,20231128201636979,False,3072,2048,3662002,58086e47160a2bbc86c57c8f464cbbdf
Cracking/Image_20231128201706976.jpg,Cracking,Cracking__20231128-195336,2023-11-28T20:17:06.976000,base,20231128201706976,False,3072,2048,3962360,26c56ecb422a6871b42141bc97c34c2d
Cracking/Image_20231128201736986.jpg,Cracking,Cracking__20231128-195336,2023-11-28T20:17:36.986000,base,20231128201736986,False,3072,2048,3430999,71e57eba22391f74c9ab8283653f75c1
Cracking/Image_20231128201806995.jpg,Cracking,Cracking__20231128-195336,2023-11-28T20:18:06.995000,base,20231128201806995,False,3072,2048,3426697,13a1b43515e7874cec6a72252513e1bc
Cracking/Image_20231128201836994.jpg,Cracking,Cracking__20231128-195336,2023-11-28T20:18:36.994000,base,20231128201836994,False,3072,2048,3562762,6a755c6e343dab7ffeab49bb70302e4a
Cracking/Image_20231128201907010.jpg,Cracking,Cracking__20231128-195336,2023-11-28T20:19:07.010000,base,20231128201907010,False,3072,2048,3745565,cde65ded68db8322db4b4234d6db176f
Cracking/Image_20231128201937003.jpg,Cracking,Cracking__20231128-195336,2023-11-28T20:19:37.003000,base,20231128201937003,False,3072,2048,3573283,dd8e9c0a4b43a9ed8aa3bab87708719c
Cracking/Image_20231128202006967.jpg,Cracking,Cracking__20231128-195336,2023-11-28T20:20:06.967000,base,20231128202006967,False,3072,2048,3708227,5fba24a57a8389a807d4aa43fa859280
Cracking/Image_20231128202036967_aug.jpg,Cracking,Cracking__20231128-195336,2023-11-28T20:20:36.967000,aug,20231128202036967,True,3072,2048,1173812,d18d4b38e3be45ac0edcef4a38e53792
Cracking/Image_20231128202036967.jpg,Cracking,Cracking__20231128-195336,2023-11-28T20:20:36.967000,base,20231128202036967,False,3072,2048,3554654,8655ceb988c0ab0c2311d64eb1b4e6ee
Cracking/Image_20231128202036967_original.jpg,Cracking,Cracking__20231128-195336,2023-11-28T20:20:36.967000,original,20231128202036967,True,3072,2048,1343258,094ebd7a5865fcfed2cad621734a7940
Cracking/Image_20231128202106973.jpg,Cracking,Cracking__20231128-195336,2023-11-28T20:21:06.973000,base,20231128202106973,False,3072,2048,3540161,6de7a6471d677a81da38245c6671e66f
Cracking/Image_20231128202136977.jpg,Cracking,Cracking__20231128-195336,2023-11-28T20:21:36.977000,base,20231128202136977,False,3072,2048,3674567,809d68129fa2ab2be814c283a175b72e
Cracking/Image_20231128202206989.jpg,Cracking,Cracking__20231128-195336,2023-11-28T20:22:06.989000,base,20231128202206989,False,3072,2048,3868603,a768b90c879a491d839cc5115a2201b1
Cracking/Image_20231128202236990.jpg,Cracking,Cracking__20231128-195336,2023-11-28T20:22:36.990000,base,20231128202236990,False,3072,2048,3714319,5c9957953e22cef47c503f9aa54454f7
Cracking/Image_20231128202306996.jpg,Cracking,Cracking__20231128-195336,2023-11-28T20:23:06.996000,base,20231128202306996,False,3072,2048,3545009,9e04e44bf2e95f2d9cc37472119b10b2
Cracking/Image_20231128202336958.jpg,Cracking,Cracking__20231128-195336,2023-11-28T20:23:36.958000,base,20231128202336958,False,3072,2048,3643619,cfec5abc776b4f43612b8a1ecab6bc63
Cracking/Image_20231128202406962.jpg,Cracking,Cracking__20231128-195336,2023-11-28T20:24:06.962000,base,20231128202406962,False,3072,2048,3527926,dd0faa8cd3598749fa4effc247daa885
Cracking/Image_20231128202436965.jpg,Cracking,Cracking__20231128-195336,2023-11-28T20:24:36.965000,base,20231128202436965,False,3072,2048,3781335,f93070e24f7944e643033bd96d1a19ad
Cracking/Image_20231128202506981.jpg,Cracking,Cracking__20231128-195336,2023-11-28T20:25:06.981000,base,20231128202506981,False,3072,2048,3652627,fc0e2de75210f9e0758c1f992c3bf5d2
Cracking/Image_20231128202536986_aug.jpg,Cracking,Cracking__20231128-195336,2023-11-28T20:25:36.986000,aug,20231128202536986,True,3072,2048,1208343,dc82861f84fd36882c78d0f66057259f
Cracking/Image_20231128202536986.jpg,Cracking,Cracking__20231128-195336,2023-11-28T20:25:36.986000,base,20231128202536986,False,3072,2048,3559257,12045fcc7ca5e73e3c6336fb71f443c7
Cracking/Image_20231128202536986_original.jpg,Cracking,Cracking__20231128-195336,2023-11-28T20:25:36.986000,original,20231128202536986,True,3072,2048,1333893,d002850efea509419773cc373650d8ae
Cracking/Image_20231128202606987.jpg,Cracking,Cracking__20231128-195336,2023-11-28T20:26:06.987000,base,20231128202606987,False,3072,2048,3644124,2e53e792adbec038abc589e1d3772f52
Cracking/Image_20231128202637004.jpg,Cracking,Cracking__20231128-195336,2023-11-28T20:26:37.004000,base,20231128202637004,False,3072,2048,3637650,2dc338ac6445f6ac6f1e3c272837a01a
Cracking/Image_20231128202706999.jpg,Cracking,Cracking__20231128-195336,2023-11-28T20:27:06.999000,base,20231128202706999,False,3072,2048,3902941,d29d1a1125d61d21348305a273052b55
Cracking/Image_20231128202737014.jpg,Cracking,Cracking__20231128-195336,2023-11-28T20:27:37.014000,base,20231128202737014,False,3072,2048,3900971,093658009707fb0de1682e8deefdf1b7
Cracking/Image_20231128202806971.jpg,Cracking,Cracking__20231128-195336,2023-11-28T20:28:06.971000,base,20231128202806971,False,3072,2048,3919012,5f91669bd8705d8660e99ac3723a431c
Cracking/Image_20231128202836962.jpg,Cracking,Cracking__20231128-195336,2023-11-28T20:28:36.962000,base,20231128202836962,False,3072,2048,3742013,90d6fc00c234cf93acb674ec63e375fc
Cracking/Image_20231128202906982.jpg,Cracking,Cracking__20231128-195336,2023-11-28T20:29:06.982000,base,20231128202906982,False,3072,2048,3852710,8eeb76ea2bff8441bb90b5adba886ea5
Cracking/Image_20231128202936978.jpg,Cracking,Cracking__20231128-195336,2023-11-28T20:29:36.978000,base,20231128202936978,False,3072,2048,3888136,743d9f9b96ea70dba3075deaaedd888d
Cracking/Image_20231128203006995.jpg,Cracking,Cracking__20231128-195336,2023-11-28T20:30:06.995000,base,20231128203006995,False,3072,2048,3717418,8ab3de878b17cd1666f910931db80a2a
Cracking/Image_20231128203036997_aug.jpg,Cracking,Cracking__20231128-195336,2023-11-28T20:30:36.997000,aug,20231128203036997,True,3072,2048,1408400,21030640c8d219271325111eec797884
Cracking/Image_20231128203036997.jpg,Cracking,Cracking__20231128-195336,2023-11-28T20:30:36.997000,base,20231128203036997,False,3072,2048,3706364,ee21ed644f9dfc9da6364b3af38234ce
Cracking/Image_20231128203036997_original.jpg,Cracking,Cracking__20231128-195336,2023-11-28T20:30:36.997000,original,20231128203036997,True,3072,2048,1410279,fce37630dc573927ebfcf31d45c34e02
Cracking/Image_20231130101301723.jpg,Cracking,Cracking__20231130-101301,2023-11-30T10:13:01.723000,base,20231130101301723,False,3072,2048,3115748,a0c100bd3aa08295c49e3022482bd07f
Cracking/Image_20231130101331718.jpg,Cracking,Cracking__20231130-101301,2023-11-30T10:13:31.718000,base,20231130101331718,False,3072,2048,3001212,247eadac73d1b46e27a6ff905cb3ba6c
Cracking/Image_20231130101401724.jpg,Cracking,Cracking__20231130-101301,2023-11-30T10:14:01.724000,base,20231130101401724,False,3072,2048,3112184,4c4f682dc87a05628cf61ce6d044fd85
Cracking/Image_20231130101431742.jpg,Cracking,Cracking__20231130-101301,2023-11-30T10:14:31.742000,base,20231130101431742,False,3072,2048,3060275,0aa11d645ef517d31f665d8d7823911c
Cracking/Image_20231130101501750.jpg,Cracking,Cracking__20231130-101301,2023-11-30T10:15:01.750000,base,20231130101501750,False,3072,2048,3108815,cfcaaaae74be735f73693ea6d3aed276
Cracking/Image_20231130101531704.jpg,Cracking,Cracking__20231130-101301,2023-11-30T10:15:31.704000,base,20231130101531704,False,3072,2048,3025016,0755283ea4419823fed4c4075e3c8a87
Cracking/Image_20231130101601709.jpg,Cracking,Cracking__20231130-101301,2023-11-30T10:16:01.709000,base,20231130101601709,False,3072,2048,3035809,a08f3f6ea2419aec6f50946d0692c1b2
Cracking/Image_20231130101631705.jpg,Cracking,Cracking__20231130-101301,2023-11-30T10:16:31.705000,base,20231130101631705,False,3072,2048,2969397,f311a5d9ed06749e45e6ba15e4de19d0
Cracking/Image_20231130101701718.jpg,Cracking,Cracking__20231130-101301,2023-11-30T10:17:01.718000,base,20231130101701718,False,3072,2048,2993702,9c62987120851135f0ca1b4f8030cd68
Cracking/Image_20231130101731719.jpg,Cracking,Cracking__20231130-101301,2023-11-30T10:17:31.719000,base,20231130101731719,False,3072,2048,2982641,66aad03c6ed7a845e0a2a4e443540c67
Cracking/Image_20231130101801726_aug.jpg,Cracking,Cracking__20231130-101301,2023-11-30T10:18:01.726000,aug,20231130101801726,True,3072,2048,600506,613fa48a8c26a6d70ed528ecc455da02
Cracking/Image_20231130101801726.jpg,Cracking,Cracking__20231130-101301,2023-11-30T10:18:01.726000,base,20231130101801726,False,3072,2048,2983153,eff0fb87bb4224632f9f30a1686bc89d
Cracking/Image_20231130101801726_original.jpg,Cracking,Cracking__20231130-101301,2023-11-30T10:18:01.726000,original,20231130101801726,True,3072,2048,1091130,c5bbb4a637d92b4b463e5d147e184300
Cracking/Image_20231130101831742.jpg,Cracking,Cracking__20231130-101301,2023-11-30T10:18:31.742000,base,20231130101831742,False,3072,2048,2997998,db3496721cf5f7465d5a19177ce20296
Cracking/Image_20231130101901753.jpg,Cracking,Cracking__20231130-101301,2023-11-30T10:19:01.753000,base,20231130101901753,False,3072,2048,3058231,dbfd5ea8dbbd6a873d3f63c3606e5702
Cracking/Image_20231130101931701.jpg,Cracking,Cracking__20231130-101301,2023-11-30T10:19:31.701000,base,20231130101931701,False,3072,2048,3064377,5a6d298fd77c756f3e1e50f2b7e5515a
Cracking/Image_20231130102001703.jpg,Cracking,Cracking__20231130-101301,2023-11-30T10:20:01.703000,base,20231130102001703,False,3072,2048,3002273,a8e0d00def7e60a725c474e1ca4ee950
Cracking/Image_20231130102031714.jpg,Cracking,Cracking__20231130-101301,2023-11-30T10:20:31.714000,base,20231130102031714,False,3072,2048,3136359,3cf444d6d53bb89f3f856b85eb4d8a16
Cracking/Image_20231130102101720.jpg,Cracking,Cracking__20231130-101301,2023-11-30T10:21:01.720000,base,20231130102101720,False,3072,2048,3017901,28e179fe857a354a66289b99dd28ce94
Cracking/Image_20231130102131717.jpg,Cracking,Cracking__20231130-101301,2023-11-30T10:21:31.717000,base,20231130102131717,False,3072,2048,3182402,8b154b0e0483e7105c519f82ca5b4752
Cracking/Image_20231130102201725.jpg,Cracking,Cracking__20231130-101301,2023-11-30T10:22:01.725000,base,20231130102201725,False,3072,2048,3099932,2a0dc940da5eabeaae1f54bd5033c281
Cracking/Image_20231130102231737.jpg,Cracking,Cracking__20231130-101301,2023-11-30T10:22:31.737000,base,20231130102231737,False,3072,2048,3168378,2fc33c8156f39c0a0fea2087d4ac56c9
Cracking/Image_20231130102301750_aug.jpg,Cracking,Cracking__20231130-101301,2023-11-30T10:23:01.750000,aug,20231130102301750,True,3072,2048,1028973,a87bd65c5611fbc4e52b902ca023a279
Cracking/Image_20231130102301750.jpg,Cracking,Cracking__20231130-101301,2023-11-30T10:23:01.750000,base,20231130102301750,False,3072,2048,3095938,84a04d7603cae97d420f17a9c3ff983e
Cracking/Image_20231130102301750_original.jpg,Cracking,Cracking__20231130-101301,2023-11-30T10:23:01.750000,original,20231130102301750,True,3072,2048,1132705,2797ffc17e0cec40174dadb5af472072
Cracking/Image_20231130102331703.jpg,Cracking,Cracking__20231130-101301,2023-11-30T10:23:31.703000,base,20231130102331703,False,3072,2048,3130306,4ab27d1bc166e3798d3ce718eca9c71a
Cracking/Image_20231130102401699.jpg,Cracking,Cracking__20231130-101301,2023-11-30T10:24:01.699000,base,20231130102401699,False,3072,2048,3291376,86bd42efea1c9055317573cc75e26c93
Cracking/Image_20231130102431718.jpg,Cracking,Cracking__20231130-101301,2023-11-30T10:24:31.718000,base,20231130102431718,False,3072,2048,3194916,d6c4e761d23fac71ab48cd7ba5039fe9
Cracking/Image_20231130102501719.jpg,Cracking,Cracking__20231130-101301,2023-11-30T10:25:01.719000,base,20231130102501719,False,3072,2048,3184016,2581b69cfb8d955f63260a21d3e4b6fe
Cracking/Image_20231130102531730.jpg,Cracking,Cracking__20231130-101301,2023-11-30T10:25:31.730000,base,20231130102531730,False,3072,2048,3181905,dbe64304368878ed1c10aa382a14a8dc
Cracking/Image_20231130102601747.jpg,Cracking,Cracking__20231130-101301,2023-11-30T10:26:01.747000,base,20231130102601747,False,3072,2048,3131117,2a90403dbd1cf8d5c14d5a90a136cf58
Cracking/Image_20231130102631740.jpg,Cracking,Cracking__20231130-101301,2023-11-30T10:26:31.740000,base,20231130102631740,False,3072,2048,3217884,0845bb5ac77e0aa07ce1ba44e385080c
Cracking/Image_20231130102701752.jpg,Cracking,Cracking__20231130-101301,2023-11-30T10:27:01.752000,base,20231130102701752,False,3072,2048,3246946,66f02686e1b78610a2bbc491f330feaa
Cracking/Image_20231130102731703.jpg,Cracking,Cracking__20231130-101301,2023-11-30T10:27:31.703000,base,20231130102731703,False,3072,2048,3317186,b2a07bb7522aa1a3043c598166aaec52
Cracking/Image_20231130102801712_aug.jpg,Cracking,Cracking__20231130-101301,2023-11-30T10:28:01.712000,aug,20231130102801712,True,3072,2048,1060752,4a523d331787df8aea457cf9f8f023f0
Cracking/Image_20231130102801712.jpg,Cracking,Cracking__20231130-101301,2023-11-30T10:28:01.712000,base,20231130102801712,False,3072,2048,3272790,a3c1df0c6b3c4b6bae258ad18fc7f0f9
Cracking/Image_20231130102801712_original.jpg,Cracking,Cracking__20231130-101301,2023-11-30T10:28:01.712000,original,20231130102801712,True,3072,2048,1210632,e97b163106d9f57be207a3dc9e1a4f7c
Cracking/Image_20231130102831708.jpg,Cracking,Cracking__20231130-101301,2023-11-30T10:28:31.708000,base,20231130102831708,False,3072,2048,3301984,bfe446b2c05f482dc903569bd8ba8c5c
Cracking/Image_20231130102901741.jpg,Cracking,Cracking__20231130-101301,2023-11-30T10:29:01.741000,base,20231130102901741,False,3072,2048,3323925,ea8d97f945998712f172e05f8a70a8ca
Cracking/Image_20231130102931725.jpg,Cracking,Cracking__20231130-101301,2023-11-30T10:29:31.725000,base,20231130102931725,False,3072,2048,3272278,2244cd519651a00417123493376102fa
Cracking/Image_20231130103001748.jpg,Cracking,Cracking__20231130-101301,2023-11-30T10:30:01.748000,base,20231130103001748,False,3072,2048,3312380,19b94ba1e56b137f0606028d9f60e183
Cracking/Image_20231130103031740.jpg,Cracking,Cracking__20231130-101301,2023-11-30T10:30:31.740000,base,20231130103031740,False,3072,2048,3457777,ba0e226c259160fe662fe6865f746dd9
Cracking/Image_20231130103101751.jpg,Cracking,Cracking__20231130-101301,2023-11-30T10:31:01.751000,base,20231130103101751,False,3072,2048,3384271,236b8d4ae492ff4161033459446cca8a
Cracking/Image_20231130103131712.jpg,Cracking,Cracking__20231130-101301,2023-11-30T10:31:31.712000,base,20231130103131712,False,3072,2048,3438015,ffef26bc309591c6e6aad83bb89e9ca6
Cracking/Image_20231130103201711.jpg,Cracking,Cracking__20231130-101301,2023-11-30T10:32:01.711000,base,20231130103201711,False,3072,2048,3353409,256bec7b9602aed59ce0baf136f43d9c
Cracking/Image_20231130103231716.jpg,Cracking,Cracking__20231130-101301,2023-11-30T10:32:31.716000,base,20231130103231716,False,3072,2048,3352868,9bd99a2ccff7da19d53b197f1fde718f
Cracking/Image_20231130103301714_aug.jpg,Cracking,Cracking__20231130-101301,2023-11-30T10:33:01.714000,aug,20231130103301714,True,3072,2048,1175428,8e1095578af696d82e2c7151c482259e
Cracking/Image_20231130103301714.jpg,Cracking,Cracking__20231130-101301,2023-11-30T10:33:01.714000,base,20231130103301714,False,3072,2048,3370653,61e03aabf6aa629e76b55e67751eebf0
Cracking/Image_20231130103301714_original.jpg,Cracking,Cracking__20231130-101301,2023-11-30T10:33:01.714000,original,20231130103301714,True,3072,2048,1252645,aad214c630171fe182589efc729fe840
Cracking/Image_20231130103331728.jpg,Cracking,Cracking__20231130-101301,2023-11-30T10:33:31.728000,base,20231130103331728,False,3072,2048,3351433,7b065b73aed413ba27861222a2f91e26
Cracking/Image_20231130103401744.jpg,Cracking,Cracking__20231130-101301,2023-11-30T10:34:01.744000,base,20231130103401744,False,3072,2048,3446414,91c1e6060c27835afcd248c4f9d636a6
Cracking/Image_20231130103431749.jpg,Cracking,Cracking__20231130-101301,2023-11-30T10:34:31.749000,base,20231130103431749,False,3072,2048,3441668,2ff073c959f29c4efe3e69a590eaa85a
Cracking/Image_20231130103501746.jpg,Cracking,Cracking__20231130-101301,2023-11-30T10:35:01.746000,base,20231130103501746,False,3072,2048,3419886,e97072c9c5edc86d1ba33cfc2ea04268
Cracking/Image_20231130103531706.jpg,Cracking,Cracking__20231130-101301,2023-11-30T10:35:31.706000,base,20231130103531706,False,3072,2048,3375142,5e35727176a7ad8cf418400be49dc49d
Cracking/Image_20231130103601710.jpg,Cracking,Cracking__20231130-101301,2023-11-30T10:36:01.710000,base,20231130103601710,False,3072,2048,3537543,c46397cdacc52772ccf763c9088ec20c
Cracking/Image_20231130103631720.jpg,Cracking,Cracking__20231130-101301,2023-11-30T10:36:31.720000,base,20231130103631720,False,3072,2048,3427915,bac2d1b81394deda9a862d0d4c6a5f44
Cracking/Image_20231130103701716.jpg,Cracking,Cracking__20231130-101301,2023-11-30T10:37:01.716000,base,20231130103701716,False,3072,2048,3540680,ad2b35474dc9e9d0b64dc31cab8b5c26
Cracking/Image_20231130103731728.jpg,Cracking,Cracking__20231130-101301,2023-11-30T10:37:31.728000,base,20231130103731728,False,3072,2048,3470229,ec75fdf3b9d1d7cc3cf6f1a51eeb45f8
Cracking/Image_20231130103801735_aug.jpg,Cracking,Cracking__20231130-101301,2023-11-30T10:38:01.735000,aug,20231130103801735,True,3072,2048,1341484,8d2c627e11b8db8544a2c232f28e05cb
Cracking/Image_20231130103801735.jpg,Cracking,Cracking__20231130-101301,2023-11-30T10:38:01.735000,base,20231130103801735,False,3072,2048,3551513,2a338fab96e9553ac4adb5e40e06677b
Cracking/Image_20231130103801735_original.jpg,Cracking,Cracking__20231130-101301,2023-11-30T10:38:01.735000,original,20231130103801735,True,3072,2048,1341484,8d2c627e11b8db8544a2c232f28e05cb
Cracking/Image_20231130103831750.jpg,Cracking,Cracking__20231130-101301,2023-11-30T10:38:31.750000,base,20231130103831750,False,3072,2048,3584976,9054cc1e9d344ded4d17a54b1deb5112
Cracking/Image_20231130103901742.jpg,Cracking,Cracking__20231130-101301,2023-11-30T10:39:01.742000,base,20231130103901742,False,3072,2048,3464375,892c5ac17efee2ca818c127dc121663b
Cracking/Image_20231130103931702.jpg,Cracking,Cracking__20231130-101301,2023-11-30T10:39:31.702000,base,20231130103931702,False,3072,2048,3619541,1864a9f007f242b5b293a9d5207b3ff6
Cracking/Image_20231130104001711.jpg,Cracking,Cracking__20231130-101301,2023-11-30T10:40:01.711000,base,20231130104001711,False,3072,2048,3551714,d11fd76678f5dd23baec44a31cefe084
Cracking/Image_20231130104031718.jpg,Cracking,Cracking__20231130-101301,2023-11-30T10:40:31.718000,base,20231130104031718,False,3072,2048,3581778,4b85d781ab3fa63dc30d49aabeac212e
Cracking/Image_20231130104101716.jpg,Cracking,Cracking__20231130-101301,2023-11-30T10:41:01.716000,base,20231130104101716,False,3072,2048,3490801,3dd5b535d67215e5612389f6a8308750
Cracking/Image_20231130104131730.jpg,Cracking,Cracking__20231130-101301,2023-11-30T10:41:31.730000,base,20231130104131730,False,3072,2048,3491838,049626cbb36f653d40df3b5c18734994
Cracking/Image_20231130104201732.jpg,Cracking,Cracking__20231130-101301,2023-11-30T10:42:01.732000,base,20231130104201732,False,3072,2048,3367997,090dee5be2becc006cb5f8098dac6d75
Cracking/Image_20231130104231746.jpg,Cracking,Cracking__20231130-101301,2023-11-30T10:42:31.746000,base,20231130104231746,False,3072,2048,3381425,d41592a790348ef475db483749971853
Cracking/Image_20231130104301742_aug.jpg,Cracking,Cracking__20231130-101301,2023-11-30T10:43:01.742000,aug,20231130104301742,True,3072,2048,1229574,49a77c41fb4ed397bfca0355fcfcac97
Cracking/Image_20231130104301742.jpg,Cracking,Cracking__20231130-101301,2023-11-30T10:43:01.742000,base,20231130104301742,False,3072,2048,3411528,f1d4557950cc13c0b589afd71e9f89d3
Cracking/Image_20231130104301742_original.jpg,Cracking,Cracking__20231130-101301,2023-11-30T10:43:01.742000,original,20231130104301742,True,3072,2048,1304248,95135c1cd5c967d3726924cac04d5b42
Cracking/Image_20231130104331759.jpg,Cracking,Cracking__20231130-101301,2023-11-30T10:43:31.759000,base,20231130104331759,False,3072,2048,3422419,549b428659b6d3108dbc42228d8f36ef
Cracking/Image_20231130104401706.jpg,Cracking,Cracking__20231130-101301,2023-11-30T10:44:01.706000,base,20231130104401706,False,3072,2048,3378053,aa5cb5e368fc4f92341d4e9f139b1e85
Cracking/Image_20231130104431719.jpg,Cracking,Cracking__20231130-101301,2023-11-30T10:44:31.719000,base,20231130104431719,False,3072,2048,3376134,065d08bed921a0861abfa4286ce48372
Cracking/Image_20231130104501713.jpg,Cracking,Cracking__20231130-101301,2023-11-30T10:45:01.713000,base,20231130104501713,False,3072,2048,3434330,b13db9a96300d580adad72cfacc404c3
Cracking/Image_20231130104531728.jpg,Cracking,Cracking__20231130-101301,2023-11-30T10:45:31.728000,base,20231130104531728,False,3072,2048,3526265,3c579ace389027910b657e9f39a700a8
Cracking/Image_20231130104601738.jpg,Cracking,Cracking__20231130-101301,2023-11-30T10:46:01.738000,base,20231130104601738,False,3072,2048,3443427,7638f5392044dd9d9c687a3a653c7dfe
Cracking/Image_20231130104631746.jpg,Cracking,Cracking__20231130-101301,2023-11-30T10:46:31.746000,base,20231130104631746,False,3072,2048,3608012,0730176afea488b638f9f729e1ebae20
Cracking/Image_20231130104701742.jpg,Cracking,Cracking__20231130-101301,2023-11-30T10:47:01.742000,base,20231130104701742,False,3072,2048,3463815,6e7d1bc7fefcf5431a0db9fc7ced4ca5
Cracking/Image_20231130104731708.jpg,Cracking,Cracking__20231130-101301,2023-11-30T10:47:31.708000,base,20231130104731708,False,3072,2048,3531439,ae4fc806b171fc984121e253d7cf8be1
Cracking/Image_20231130104801707_aug.jpg,Cracking,Cracking__20231130-101301,2023-11-30T10:48:01.707000,aug,20231130104801707,True,3072,2048,1323116,cd275b62297cd660155cfd0f4b10ca71
Cracking/Image_20231130104801707.jpg,Cracking,Cracking__20231130-101301,2023-11-30T10:48:01.707000,base,20231130104801707,False,3072,2048,3465913,cffb0f9bb1e56bb427dfe5c8533170ed
Cracking/Image_20231130104801707_original.jpg,Cracking,Cracking__20231130-101301,2023-11-30T10:48:01.707000,original,20231130104801707,True,3072,2048,1325018,816ef00cfe3c6ec56cc7a3ee9319502b
Cracking/Image_20231130104831720.jpg,Cracking,Cracking__20231130-101301,2023-11-30T10:48:31.720000,base,20231130104831720,False,3072,2048,3460193,2f77d3f2ccf63c27b0c0f2bd5f52b2cb
Cracking/Image_20231130104901717.jpg,Cracking,Cracking__20231130-101301,2023-11-30T10:49:01.717000,base,20231130104901717,False,3072,2048,3455927,2c77181d67cc09c8833c8c3679025d56
Cracking/Image_20231130104931729.jpg,Cracking,Cracking__20231130-101301,2023-11-30T10:49:31.729000,base,20231130104931729,False,3072,2048,3329527,085c2d9e6d148be5494095d184471bf2
Cracking/Image_20231130105001728.jpg,Cracking,Cracking__20231130-101301,2023-11-30T10:50:01.728000,base,20231130105001728,False,3072,2048,3349776,d6de0d3020047d62dcf8dff90d4a69a4
Cracking/Image_20231130105031734.jpg,Cracking,Cracking__20231130-101301,2023-11-30T10:50:31.734000,base,20231130105031734,False,3072,2048,3189960,29d743b8efdd78ec1ca6c7028af815fd
Cracking/Image_20231130105101745.jpg,Cracking,Cracking__20231130-101301,2023-11-30T10:51:01.745000,base,20231130105101745,False,3072,2048,3176639,015ae941d17bdfe974b24be1c8a85363
Cracking/Image_20231130105131762.jpg,Cracking,Cracking__20231130-101301,2023-11-30T10:51:31.762000,base,20231130105131762,False,3072,2048,3151926,bb0da18fea85a933aa0a14384e3b324a
Cracking/Image_20231130105201702.jpg,Cracking,Cracking__20231130-101301,2023-11-30T10:52:01.702000,base,20231130105201702,False,3072,2048,3142715,a4e46aa3df5399b589a0ad9a245438e2
Cracking/Image_20231130105231710.jpg,Cracking,Cracking__20231130-101301,2023-11-30T10:52:31.710000,base,20231130105231710,False,3072,2048,2990992,fb8a993ffd39e6808099e55cc5ef4553
Cracking/Image_20231130105301727_aug.jpg,Cracking,Cracking__20231130-101301,2023-11-30T10:53:01.727000,aug,20231130105301727,True,3072,2048,1018941,4c4d6fb31fda39e6ee7830dd75a99132
Cracking/Image_20231130105301727.jpg,Cracking,Cracking__20231130-101301,2023-11-30T10:53:01.727000,base,20231130105301727,False,3072,2048,2995868,cd03f84df26cd92039d485977647f13d
Cracking/Image_20231130105301727_original.jpg,Cracking,Cracking__20231130-101301,2023-11-30T10:53:01.727000,original,20231130105301727,True,3072,2048,1161749,f76bc7f0bd681725dc847568aa5f1975
Cracking/Image_20231130105331734.jpg,Cracking,Cracking__20231130-101301,2023-11-30T10:53:31.734000,base,20231130105331734,False,3072,2048,2968919,c7435c49f97b8d7f797dff2f1d861eb7
Cracking/Image_20231130105401735.jpg,Cracking,Cracking__20231130-101301,2023-11-30T10:54:01.735000,base,20231130105401735,False,3072,2048,2947702,1debbac31213794fc05143396607186f
Cracking/Image_20231130105431741.jpg,Cracking,Cracking__20231130-101301,2023-11-30T10:54:31.741000,base,20231130105431741,False,3072,2048,2933062,0f8751b53a16cec58bacc35dd2765956
Cracking/Image_20231130105501754.jpg,Cracking,Cracking__20231130-101301,2023-11-30T10:55:01.754000,base,20231130105501754,False,3072,2048,2773421,f373a2ec362688cdd1da965daaaad703
Cracking/Image_20231130111901702.jpg,Cracking,Cracking__20231130-111901,2023-11-30T11:19:01.702000,base,20231130111901702,False,3072,2048,2937745,801ada731e3a2e1dfc75436e0957eab3
Cracking/Image_20231130111931709.jpg,Cracking,Cracking__20231130-111901,2023-11-30T11:19:31.709000,base,20231130111931709,False,3072,2048,2927877,553087b62530e4eb5d5a1258180b45eb
Cracking/Image_20231130112001712.jpg,Cracking,Cracking__20231130-111901,2023-11-30T11:20:01.712000,base,20231130112001712,False,3072,2048,2914055,a82c03239b8f3ed6806731f48fc0fbd7
Cracking/Image_20231130112031718.jpg,Cracking,Cracking__20231130-111901,2023-11-30T11:20:31.718000,base,20231130112031718,False,3072,2048,2894096,e9176d7cc03f6536b92400d4d18ee508
Cracking/Image_20231130112101725.jpg,Cracking,Cracking__20231130-111901,2023-11-30T11:21:01.725000,base,20231130112101725,False,3072,2048,2923573,35b42ef5d5b719e3c84ce94fdaa633f2
Cracking/Image_20231130112131736.jpg,Cracking,Cracking__20231130-111901,2023-11-30T11:21:31.736000,base,20231130112131736,False,3072,2048,2902354,5b44dc8ec7558fa5c4615dcf9295ede7
Cracking/Image_20231130112201743.jpg,Cracking,Cracking__20231130-111901,2023-11-30T11:22:01.743000,base,20231130112201743,False,3072,2048,2922693,67ca9d38f3fb7049a660ebb659bba2b5
Cracking/Image_20231130112231750.jpg,Cracking,Cracking__20231130-111901,2023-11-30T11:22:31.750000,base,20231130112231750,False,3072,2048,2954121,5de03acea8ea08dd1bbb3bc5b12ac6cd
Cracking/Image_20231130112301702.jpg,Cracking,Cracking__20231130-111901,2023-11-30T11:23:01.702000,base,20231130112301702,False,3072,2048,2906491,8da8a6d476e1dbb43fd9ff02e3bdc9a4
Cracking/Image_20231130112331708.jpg,Cracking,Cracking__20231130-111901,2023-11-30T11:23:31.708000,base,20231130112331708,False,3072,2048,2892857,ce54209f3b39ab600e97e04e61bd304e
Cracking/Image_20231130112401717.jpg,Cracking,Cracking__20231130-111901,2023-11-30T11:24:01.717000,base,20231130112401717,False,3072,2048,2931948,58a5548a275c385fa31a991d9e8683b3
Cracking/Image_20231130112431720.jpg,Cracking,Cracking__20231130-111901,2023-11-30T11:24:31.720000,base,20231130112431720,False,3072,2048,2867432,2cc86f41c12ee5c37a0c242fa5851908
Cracking/Image_20231130112501733_aug.jpg,Cracking,Cracking__20231130-111901,2023-11-30T11:25:01.733000,aug,20231130112501733,True,3072,2048,1008562,e55ea083d163dd2e608a5303b56f7b06
Cracking/Image_20231130112501733.jpg,Cracking,Cracking__20231130-111901,2023-11-30T11:25:01.733000,base,20231130112501733,False,3072,2048,2909418,f5a914fc4a0403f2b0c984612775674b
Cracking/Image_20231130112501733_original.jpg,Cracking,Cracking__20231130-111901,2023-11-30T11:25:01.733000,original,20231130112501733,True,3072,2048,1085764,25bb6b1fb4e1089a1681f4811221a53e
Cracking/Image_20231130112531727.jpg,Cracking,Cracking__20231130-111901,2023-11-30T11:25:31.727000,base,20231130112531727,False,3072,2048,2871899,cde827d12df38172057907f668bf12d7
Cracking/Image_20231130112601736.jpg,Cracking,Cracking__20231130-111901,2023-11-30T11:26:01.736000,base,20231130112601736,False,3072,2048,2979214,e71aa9c5cea30d7e16c68d14e51ced63
Cracking/Image_20231130112631699.jpg,Cracking,Cracking__20231130-111901,2023-11-30T11:26:31.699000,base,20231130112631699,False,3072,2048,2943358,aa8229dedc87c27ed56d13d82b392120
Cracking/Image_20231130112701704.jpg,Cracking,Cracking__20231130-111901,2023-11-30T11:27:01.704000,base,20231130112701704,False,3072,2048,2913912,5807864c8f0bda58aabd46d2d0c70450
Cracking/Image_20231130112731710.jpg,Cracking,Cracking__20231130-111901,2023-11-30T11:27:31.710000,base,20231130112731710,False,3072,2048,2932593,7ba9221dc52d989b9a294eac39323d59
Cracking/Image_20231130112801715.jpg,Cracking,Cracking__20231130-111901,2023-11-30T11:28:01.715000,base,20231130112801715,False,3072,2048,2980082,1edeee58131f315c2e504a993c27c0e8
Cracking/Image_20231130112831714.jpg,Cracking,Cracking__20231130-111901,2023-11-30T11:28:31.714000,base,20231130112831714,False,3072,2048,2925765,7e3efee74239abfa5d0c2f5f104a5827
Cracking/Image_20231130112901726.jpg,Cracking,Cracking__20231130-111901,2023-11-30T11:29:01.726000,base,20231130112901726,False,3072,2048,2940088,eed8cb7834f9e0487308431cf4170fb4
Cracking/Image_20231130112931733.jpg,Cracking,Cracking__20231130-111901,2023-11-30T11:29:31.733000,base,20231130112931733,False,3072,2048,2899452,768bf38f70ddf9db79c68d7845f4143a
Cracking/Image_20231130113001736_aug.jpg,Cracking,Cracking__20231130-111901,2023-11-30T11:30:01.736000,aug,20231130113001736,True,3072,2048,1178650,99fb5e76c3a33f991a4d8fa41d3164cf
Cracking/Image_20231130113001736.jpg,Cracking,Cracking__20231130-111901,2023-11-30T11:30:01.736000,base,20231130113001736,False,3072,2048,3022120,bb6d0e3f2f784560cd0b4b2ace620e26
Cracking/Image_20231130113001736_original.jpg,Cracking,Cracking__20231130-111901,2023-11-30T11:30:01.736000,original,20231130113001736,True,3072,2048,1154589,310fa1f928712261dc46f92c6241e7ac
Cracking/Image_20231130113031701.jpg,Cracking,Cracking__20231130-111901,2023-11-30T11:30:31.701000,base,20231130113031701,False,3072,2048,2975417,8a8f31f7146377742378d48a480ca694
Cracking/Image_20231130113101756.jpg,Cracking,Cracking__20231130-111901,2023-11-30T11:31:01.756000,base,20231130113101756,False,3072,2048,2963213,5ffefb6d71e3740afb068cfc1267111d
Cracking/Image_20231130113131701.jpg,Cracking,Cracking__20231130-111901,2023-11-30T11:31:31.701000,base,20231130113131701,False,3072,2048,3063813,e8fb7edbcabfdca906be2d1a3f09e905
Cracking/Image_20231130113201721.jpg,Cracking,Cracking__20231130-111901,2023-11-30T11:32:01.721000,base,20231130113201721,False,3072,2048,3047949,9eed7c2a4d760ad55dab57a4734c212d
Cracking/Image_20231130113231720.jpg,Cracking,Cracking__20231130-111901,2023-11-30T11:32:31.720000,base,20231130113231720,False,3072,2048,3037721,8490c1e6828a9e7cfb62eb8b0922ea6e
Cracking/Image_20231130113301725.jpg,Cracking,Cracking__20231130-111901,2023-11-30T11:33:01.725000,base,20231130113301725,False,3072,2048,3147483,c98dc686320fe2ccf3d8d7f8867a4cec
Cracking/Image_20231130113331726.jpg,Cracking,Cracking__20231130-111901,2023-11-30T11:33:31.726000,base,20231130113331726,False,3072,2048,2957717,5c203d1ed897e51fed0b1cc8fb215a3a
Cracking/Image_20231130113401747.jpg,Cracking,Cracking__20231130-111901,2023-11-30T11:34:01.747000,base,20231130113401747,False,3072,2048,2993737,570b3f8970ee058fc63ffc61cd5bc8e7
Cracking/Image_20231130113431750.jpg,Cracking,Cracking__20231130-111901,2023-11-30T11:34:31.750000,base,20231130113431750,False,3072,2048,3046351,12dcaaa431344dc7b780d51efd382d68
Cracking/Image_20231130113501707_aug.jpg,Cracking,Cracking__20231130-111901,2023-11-30T11:35:01.707000,aug,20231130113501707,True,3072,2048,1136083,555eae430fd8ca6d5b412b39af718425
Cracking/Image_20231130113501707.jpg,Cracking,Cracking__20231130-111901,2023-11-30T11:35:01.707000,base,20231130113501707,False,3072,2048,3013677,d6ecf080fba1ef85f9cb3c50ee4580c4
Cracking/Image_20231130113501707_original.jpg,Cracking,Cracking__20231130-111901,2023-11-30T11:35:01.707000,original,20231130113501707,True,3072,2048,1137874,580373717f3f81b18dae0c15126d7b64
Cracking/Image_20231130113531714.jpg,Cracking,Cracking__20231130-111901,2023-11-30T11:35:31.714000,base,20231130113531714,False,3072,2048,3101440,da427177abce8324a525c90e6bbceb53
Cracking/Image_20231130113601718.jpg,Cracking,Cracking__20231130-111901,2023-11-30T11:36:01.718000,base,20231130113601718,False,3072,2048,3036417,5f12499219b294bb7be4cb74c25c5492
Cracking/Image_20231130113631716.jpg,Cracking,Cracking__20231130-111901,2023-11-30T11:36:31.716000,base,20231130113631716,False,3072,2048,3102132,ab46a637f339ed1629ab6df202265547
Cracking/Image_20231130113701728.jpg,Cracking,Cracking__20231130-111901,2023-11-30T11:37:01.728000,base,20231130113701728,False,3072,2048,3092648,912dcf1c507dfbe78b7a9ac99f53d4a8
Cracking/Image_20231130113731741.jpg,Cracking,Cracking__20231130-111901,2023-11-30T11:37:31.741000,base,20231130113731741,False,3072,2048,3254624,8f7bc8a2f9b56ebc79bb82dcab1d8c6c
Cracking/Image_20231130113801744.jpg,Cracking,Cracking__20231130-111901,2023-11-30T11:38:01.744000,base,20231130113801744,False,3072,2048,3142031,23eaab81d70b823cf4c4af95f5d7df0e
Cracking/Image_20231130113831757.jpg,Cracking,Cracking__20231130-111901,2023-11-30T11:38:31.757000,base,20231130113831757,False,3072,2048,3275032,6636f9e4c48c04488265cd240d534b35
Cracking/Image_20231130113901701.jpg,Cracking,Cracking__20231130-111901,2023-11-30T11:39:01.701000,base,20231130113901701,False,3072,2048,3240622,cf5b760f1cdcaf01c92d0a613a38ee66
Cracking/Image_20231130113931712.jpg,Cracking,Cracking__20231130-111901,2023-11-30T11:39:31.712000,base,20231130113931712,False,3072,2048,3199631,9c9bfe8fbc5495479373192e4d8afcea
Cracking/Image_20231130114001723_aug.jpg,Cracking,Cracking__20231130-111901,2023-11-30T11:40:01.723000,aug,20231130114001723,True,3072,2048,1272025,b4f15cce85f7c908bfc00dc7fc888c83
Cracking/Image_20231130114001723.jpg,Cracking,Cracking__20231130-111901,2023-11-30T11:40:01.723000,base,20231130114001723,False,3072,2048,3301961,1ff2eda792cd6ae55b195ea29e7ed827
Cracking/Image_20231130114001723_original.jpg,Cracking,Cracking__20231130-111901,2023-11-30T11:40:01.723000,original,20231130114001723,True,3072,2048,1272025,b4f15cce85f7c908bfc00dc7fc888c83
Cracking/Image_20231130114031727.jpg,Cracking,Cracking__20231130-111901,2023-11-30T11:40:31.727000,base,20231130114031727,False,3072,2048,3283401,0320dfcf7bda1057dc135849bb6bc4a7
Cracking/Image_20231130114101725.jpg,Cracking,Cracking__20231130-111901,2023-11-30T11:41:01.725000,base,20231130114101725,False,3072,2048,3228437,2e6936d67d8bdd729daa529c51f0f4ab
Cracking/Image_20231130114131743.jpg,Cracking,Cracking__20231130-111901,2023-11-30T11:41:31.743000,base,20231130114131743,False,3072,2048,3378436,e50497f4419e021f8e9e9117d9f4e821
Cracking/Image_20231130114201749.jpg,Cracking,Cracking__20231130-111901,2023-11-30T11:42:01.749000,base,20231130114201749,False,3072,2048,3262329,52d5e40d05f78c110cda7efb2df13f99
Cracking/Image_20231130114231743.jpg,Cracking,Cracking__20231130-111901,2023-11-30T11:42:31.743000,base,20231130114231743,False,3072,2048,3314367,9581ed696b82b48c9fa2d58ce0724e74
Cracking/Image_20231130114301711.jpg,Cracking,Cracking__20231130-111901,2023-11-30T11:43:01.711000,base,20231130114301711,False,3072,2048,3236931,f8778ecefc805cd0e8c3612d0fb66a8e
Cracking/Image_20231130114331713.jpg,Cracking,Cracking__20231130-111901,2023-11-30T11:43:31.713000,base,20231130114331713,False,3072,2048,3333024,c9969732f7fd932596751628186401bf
Cracking/Image_20231130114401714.jpg,Cracking,Cracking__20231130-111901,2023-11-30T11:44:01.714000,base,20231130114401714,False,3072,2048,3337184,04c0f95d9db5684e4f567ebf1125148f
Cracking/Image_20231130114431716.jpg,Cracking,Cracking__20231130-111901,2023-11-30T11:44:31.716000,base,20231130114431716,False,3072,2048,3284707,d60431999c548a6722a3afe7ebeb015e
Cracking/Image_20231130114501724_aug.jpg,Cracking,Cracking__20231130-111901,2023-11-30T11:45:01.724000,aug,20231130114501724,True,3072,2048,1205197,522f3959e4502515b20b478d8c952594
Cracking/Image_20231130114501724.jpg,Cracking,Cracking__20231130-111901,2023-11-30T11:45:01.724000,base,20231130114501724,False,3072,2048,3369540,4fd20d9d445416a94c584fcd3e6a3994
Cracking/Image_20231130114501724_original.jpg,Cracking,Cracking__20231130-111901,2023-11-30T11:45:01.724000,original,20231130114501724,True,3072,2048,1312481,68c7b4218bec8f374b27dd190f2b6e11
Cracking/Image_20231130114531736.jpg,Cracking,Cracking__20231130-111901,2023-11-30T11:45:31.736000,base,20231130114531736,False,3072,2048,3306992,a80b10950a541e9632da48af55047c9a
Cracking/Image_20231130114601740.jpg,Cracking,Cracking__20231130-111901,2023-11-30T11:46:01.740000,base,20231130114601740,False,3072,2048,3361867,5c41cb5b4f9aca28306d6f9d3f5ace0d
Cracking/Image_20231130114631700.jpg,Cracking,Cracking__20231130-111901,2023-11-30T11:46:31.700000,base,20231130114631700,False,3072,2048,3316745,74b805adbc09c8f9e017a5569dd30649
Cracking/Image_20231130114701703.jpg,Cracking,Cracking__20231130-111901,2023-11-30T11:47:01.703000,base,20231130114701703,False,3072,2048,3317076,0a4acec63af811bb11bff064f3f9cc72
Cracking/Image_20231130114731711.jpg,Cracking,Cracking__20231130-111901,2023-11-30T11:47:31.711000,base,20231130114731711,False,3072,2048,3317543,49622e24d3817764778d4343ee13d4bc
Cracking/Image_20240118164355147.jpg,Cracking,Cracking__20240118-164355,2024-01-18T16:43:55.147000,base,20240118164355147,False,3072,2048,3759791,3c81a1b85609dadc0218c9702a4fbf06
Cracking/Image_20240118164425156.jpg,Cracking,Cracking__20240118-164355,2024-01-18T16:44:25.156000,base,20240118164425156,False,3072,2048,3465673,0b62c4f60394d02b35796149dcefae78
Cracking/Image_20240118164455149.jpg,Cracking,Cracking__20240118-164355,2024-01-18T16:44:55.149000,base,20240118164455149,False,3072,2048,3655593,dd6eab12be472f5d6f9a678820a07406
Cracking/Image_20240118164525171.jpg,Cracking,Cracking__20240118-164355,2024-01-18T16:45:25.171000,base,20240118164525171,False,3072,2048,3541129,2498b6d71a0ef9cb110b30786c857181
Cracking/Image_20240118164555171.jpg,Cracking,Cracking__20240118-164355,2024-01-18T16:45:55.171000,base,20240118164555171,False,3072,2048,3497171,935ad0f5a756df4edda9c3410203aa3d
Cracking/Image_20240118164625181.jpg,Cracking,Cracking__20240118-164355,2024-01-18T16:46:25.181000,base,20240118164625181,False,3072,2048,3586173,ce9c38ea7793615f0916f7b137df5a67
Cracking/Image_20240118164655188.jpg,Cracking,Cracking__20240118-164355,2024-01-18T16:46:55.188000,base,20240118164655188,False,3072,2048,3676408,899fcd3e9c384d29fb14093d618019d1
Cracking/Image_20240118164725180.jpg,Cracking,Cracking__20240118-164355,2024-01-18T16:47:25.180000,base,20240118164725180,False,3072,2048,3776012,ed89ee8f5cad311baa8500d973e9bce4
Cracking/Image_20240118164755193.jpg,Cracking,Cracking__20240118-164355,2024-01-18T16:47:55.193000,base,20240118164755193,False,3072,2048,3598550,8ce78ba147e436603796b77a70aa3273
Cracking/Image_20240118164825143.jpg,Cracking,Cracking__20240118-164355,2024-01-18T16:48:25.143000,base,20240118164825143,False,3072,2048,3479285,f9a31cb241ef4fdba1fc737d2f14d6cf
Cracking/Image_20240118164855155.jpg,Cracking,Cracking__20240118-164355,2024-01-18T16:48:55.155000,base,20240118164855155,False,3072,2048,3636981,9657143b10192489f0ed30dbb108bc94
Cracking/Image_20240118164925162.jpg,Cracking,Cracking__20240118-164355,2024-01-18T16:49:25.162000,base,20240118164925162,False,3072,2048,3716814,eb17a3da6d715e1e5cdc2247d711221f
Cracking/Image_20240118164955161.jpg,Cracking,Cracking__20240118-164355,2024-01-18T16:49:55.161000,base,20240118164955161,False,3072,2048,3771539,f95806de19a43fa83b6d24e8bbe8625d
Cracking/Image_20240118165025175.jpg,Cracking,Cracking__20240118-164355,2024-01-18T16:50:25.175000,base,20240118165025175,False,3072,2048,3808405,40ac26c4e4bc3fadb33aae0845a8a96f
Cracking/Image_20240118165055176.jpg,Cracking,Cracking__20240118-164355,2024-01-18T16:50:55.176000,base,20240118165055176,False,3072,2048,3607208,f1264c9561f3e2ce9e5c90b024937d71
Cracking/Image_20240118165125190.jpg,Cracking,Cracking__20240118-164355,2024-01-18T16:51:25.190000,base,20240118165125190,False,3072,2048,3605110,e0721b92fe7c14d67a253a172a58bc1c
Cracking/Image_20240118165155144.jpg,Cracking,Cracking__20240118-164355,2024-01-18T16:51:55.144000,base,20240118165155144,False,3072,2048,3763694,dc8b690a230af9bbcbbdcd78e1ba258c
Cracking/Image_20240118165225198.jpg,Cracking,Cracking__20240118-164355,2024-01-18T16:52:25.198000,base,20240118165225198,False,3072,2048,3718754,4fe0418cddf086a8e78037733248ac8f
Cracking/Image_20240118165255149.jpg,Cracking,Cracking__20240118-164355,2024-01-18T16:52:55.149000,base,20240118165255149,False,3072,2048,3793359,b52e0bdf890a966de6c73eed2760efb8
Cracking/Image_20240118165325161.jpg,Cracking,Cracking__20240118-164355,2024-01-18T16:53:25.161000,base,20240118165325161,False,3072,2048,3837217,07252747fb857db6dddba20e0129e8b2
Cracking/Image_20240118165355167.jpg,Cracking,Cracking__20240118-164355,2024-01-18T16:53:55.167000,base,20240118165355167,False,3072,2048,3723208,163eebd082e90ff1228c3b51cd495d9a
Cracking/Image_20240118173755200.jpg,Cracking,Cracking__20240118-173755,2024-01-18T17:37:55.200000,base,20240118173755200,False,3072,2048,3664149,6a923d0ec3618949f8c81c8a96089aca
Cracking/Image_20240118173825145.jpg,Cracking,Cracking__20240118-173755,2024-01-18T17:38:25.145000,base,20240118173825145,False,3072,2048,3761964,4a8b26d563ea9d82a80f7fabe910c823
Cracking/Image_20240118173855160.jpg,Cracking,Cracking__20240118-173755,2024-01-18T17:38:55.160000,base,20240118173855160,False,3072,2048,3774854,0db67212ccefd0e71a996c5359e80c68
Cracking/Image_20240118173925167.jpg,Cracking,Cracking__20240118-173755,2024-01-18T17:39:25.167000,base,20240118173925167,False,3072,2048,3783176,ce67ddb1a6fd3bb818f01f4fe39e92e7
Cracking/Image_20240118173955175.jpg,Cracking,Cracking__20240118-173755,2024-01-18T17:39:55.175000,base,20240118173955175,False,3072,2048,3719023,b94e1f145872f71ee5afab64d747a229
Cracking/Image_20240118174025174.jpg,Cracking,Cracking__20240118-173755,2024-01-18T17:40:25.174000,base,20240118174025174,False,3072,2048,3746873,603c570e504b05e1c1d33e6071a5bea0
Cracking/Image_20240118174055182.jpg,Cracking,Cracking__20240118-173755,2024-01-18T17:40:55.182000,base,20240118174055182,False,3072,2048,3760176,9b13987685ab5b0d1e0907f23c53027e
Cracking/Image_20240118174125181.jpg,Cracking,Cracking__20240118-173755,2024-01-18T17:41:25.181000,base,20240118174125181,False,3072,2048,3756924,72496e14b3a6dfc9d3ea9918bc1384dc
Cracking/Image_20240118174155197.jpg,Cracking,Cracking__20240118-173755,2024-01-18T17:41:55.197000,base,20240118174155197,False,3072,2048,3839497,bab7077b25fc03d88d47d210e37c197a
Cracking/Image_20240118174225140.jpg,Cracking,Cracking__20240118-173755,2024-01-18T17:42:25.140000,base,20240118174225140,False,3072,2048,3767588,83418a90d1b534e8ca0af36f4c71cdf3
Cracking/Image_20240118174255160.jpg,Cracking,Cracking__20240118-173755,2024-01-18T17:42:55.160000,base,20240118174255160,False,3072,2048,3834575,d7e762a6c6d79be801cb486260c9e7a2
Cracking/Image_20240118174325161.jpg,Cracking,Cracking__20240118-173755,2024-01-18T17:43:25.161000,base,20240118174325161,False,3072,2048,3711970,335febc4439aa5bd35fcc120b709b2b5
Cracking/Image_20240118174355165.jpg,Cracking,Cracking__20240118-173755,2024-01-18T17:43:55.165000,base,20240118174355165,False,3072,2048,3627366,5314ac2ed10efc11b80d00ea62dc8456
Cracking/Image_20240118174425177.jpg,Cracking,Cracking__20240118-173755,2024-01-18T17:44:25.177000,base,20240118174425177,False,3072,2048,3793433,1c6d8b3980ecb8ede6953a2c29ee9293
Cracking/Image_20240118174455173.jpg,Cracking,Cracking__20240118-173755,2024-01-18T17:44:55.173000,base,20240118174455173,False,3072,2048,3807482,62f8981afd4fe3431db79f182f5e0e5e
Cracking/Image_20240118174525187.jpg,Cracking,Cracking__20240118-173755,2024-01-18T17:45:25.187000,base,20240118174525187,False,3072,2048,3662142,0fcaca0f218ff690d2a344a0ca8f9769
Cracking/Image_20240118174555145.jpg,Cracking,Cracking__20240118-173755,2024-01-18T17:45:55.145000,base,20240118174555145,False,3072,2048,3889925,87dadeef7869dc21a5ff44212d2acb2a
Cracking/Image_20240118174625140.jpg,Cracking,Cracking__20240118-173755,2024-01-18T17:46:25.140000,base,20240118174625140,False,3072,2048,3825322,830499b0a91d351513212b68e28cdf12
Cracking/Image_20240118174655157.jpg,Cracking,Cracking__20240118-173755,2024-01-18T17:46:55.157000,base,20240118174655157,False,3072,2048,3640447,a005b8a79091f267dda135f05b0fd43c
Cracking/Image_20240118174725165.jpg,Cracking,Cracking__20240118-173755,2024-01-18T17:47:25.165000,base,20240118174725165,False,3072,2048,3853031,61689aec9df2f1d2d1c936dd64ebffb0
Cracking/Image_20240118174755166.jpg,Cracking,Cracking__20240118-173755,2024-01-18T17:47:55.166000,base,20240118174755166,False,3072,2048,3885856,746b22f5bd91400aede56544169269f9
Cracking/Image_20240118174825163.jpg,Cracking,Cracking__20240118-173755,2024-01-18T17:48:25.163000,base,20240118174825163,False,3072,2048,3835030,9635d1b47c10ef165cedb6467c7e8953
Cracking/Image_20240118174855173.jpg,Cracking,Cracking__20240118-173755,2024-01-18T17:48:55.173000,base,20240118174855173,False,3072,2048,3731151,adffd0540888f79d6812a789ed2e6769
Cracking/Image_20240118174925181.jpg,Cracking,Cracking__20240118-173755,2024-01-18T17:49:25.181000,base,20240118174925181,False,3072,2048,3709901,7530e83c913fc22eccf911294932bcd4
Cracking/Image_20240118174955197.jpg,Cracking,Cracking__20240118-173755,2024-01-18T17:49:55.197000,base,20240118174955197,False,3072,2048,3865424,0270b5b6ab9cc214e4139d42d7c68f88
Cracking/Image_20240118175025201.jpg,Cracking,Cracking__20240118-173755,2024-01-18T17:50:25.201000,base,20240118175025201,False,3072,2048,3880486,28a6598c61051ccc06482cc610b10214
Cracking/Image_20240118175055149.jpg,Cracking,Cracking__20240118-173755,2024-01-18T17:50:55.149000,base,20240118175055149,False,3072,2048,3835946,62ba38c5804719ae895fd9f29dd11a79
Cracking/Image_20240118175125149.jpg,Cracking,Cracking__20240118-173755,2024-01-18T17:51:25.149000,base,20240118175125149,False,3072,2048,3947130,a552c2fcf2e7480e5ad76df28d91f512
Cracking/Image_20240118175155169.jpg,Cracking,Cracking__20240118-173755,2024-01-18T17:51:55.169000,base,20240118175155169,False,3072,2048,3995495,8954a509c724c9ef4dd0789d4c7f95e2
Cracking/Image_20240118175225167.jpg,Cracking,Cracking__20240118-173755,2024-01-18T17:52:25.167000,base,20240118175225167,False,3072,2048,3774315,2c29fa61b1bad76aa001e3b28f72b8e8
Cracking/Image_20240118175255171.jpg,Cracking,Cracking__20240118-173755,2024-01-18T17:52:55.171000,base,20240118175255171,False,3072,2048,3641599,5d9542b5c6a7709a5faa9ff94821ad90
Cracking/Image_20240118175325176.jpg,Cracking,Cracking__20240118-173755,2024-01-18T17:53:25.176000,base,20240118175325176,False,3072,2048,3836945,0cb104d3001a8a7775d1bbe6b90d6382
Cracking/Image_20240118175355189.jpg,Cracking,Cracking__20240118-173755,2024-01-18T17:53:55.189000,base,20240118175355189,False,3072,2048,3879535,be9bd9a745f3cafd5c9aac6ac2bdc905
Cracking/Image_20240118175425143.jpg,Cracking,Cracking__20240118-173755,2024-01-18T17:54:25.143000,base,20240118175425143,False,3072,2048,3865900,3cb2025724e049d3bfa24577a3f483c4
Cracking/Image_20240118175455141.jpg,Cracking,Cracking__20240118-173755,2024-01-18T17:54:55.141000,base,20240118175455141,False,3072,2048,3827337,1b4f632b7891ee17e33aeaa19c08f061
Cracking/Image_20240118175525152.jpg,Cracking,Cracking__20240118-173755,2024-01-18T17:55:25.152000,base,20240118175525152,False,3072,2048,3864593,cf30695edbb55c1721960cf2062f6857
Cracking/Image_20240118175555160.jpg,Cracking,Cracking__20240118-173755,2024-01-18T17:55:55.160000,base,20240118175555160,False,3072,2048,3876752,46b8ddd7ca1bf8dda515230097a5cfb0
Cracking/Image_20240118175625161.jpg,Cracking,Cracking__20240118-173755,2024-01-18T17:56:25.161000,base,20240118175625161,False,3072,2048,3804462,92cc190dd52ecbf1dd1619b94f847058
Cracking/Image_20240118175655172.jpg,Cracking,Cracking__20240118-173755,2024-01-18T17:56:55.172000,base,20240118175655172,False,3072,2048,3724055,27694ae8d502962a37e0f5fc7fb2b6cf
Cracking/Image_20240118175725174.jpg,Cracking,Cracking__20240118-173755,2024-01-18T17:57:25.174000,base,20240118175725174,False,3072,2048,3812794,18c57660031cd5a7753250201474f6e5
Cracking/Image_20240118175755184.jpg,Cracking,Cracking__20240118-173755,2024-01-18T17:57:55.184000,base,20240118175755184,False,3072,2048,3858100,c41937e840ea2bfc3950f3570fdd9afc
Cracking/Image_20240118175825144.jpg,Cracking,Cracking__20240118-173755,2024-01-18T17:58:25.144000,base,20240118175825144,False,3072,2048,3827819,45ca03e3ef57e45e8daf45527758090a
Cracking/Image_20240118175855142.jpg,Cracking,Cracking__20240118-173755,2024-01-18T17:58:55.142000,base,20240118175855142,False,3072,2048,3895551,715b48ee5ddcecaed8d3447e146cbcb1
Cracking/Image_20240118175925150.jpg,Cracking,Cracking__20240118-173755,2024-01-18T17:59:25.150000,base,20240118175925150,False,3072,2048,3692590,48684ca47a3ada565ce0e60b1b3aa850
Cracking/Image_20240118175955158.jpg,Cracking,Cracking__20240118-173755,2024-01-18T17:59:55.158000,base,20240118175955158,False,3072,2048,3914463,661735eb993566f1912acc7bccf29e1f
Cracking/Image_20240118180025163.jpg,Cracking,Cracking__20240118-173755,2024-01-18T18:00:25.163000,base,20240118180025163,False,3072,2048,3822611,64485bdef7a7def8421359f6a4edc6d2
Cracking/Image_20240118180055173.jpg,Cracking,Cracking__20240118-173755,2024-01-18T18:00:55.173000,base,20240118180055173,False,3072,2048,3907020,71a818e4959d36b2f50e0c459c47e7a8
Cracking/Image_20240118180125182.jpg,Cracking,Cracking__20240118-173755,2024-01-18T18:01:25.182000,base,20240118180125182,False,3072,2048,3837855,8d70ec4c06e101ae0512acd08f22e68f
Cracking/Image_20240118180155182.jpg,Cracking,Cracking__20240118-173755,2024-01-18T18:01:55.182000,base,20240118180155182,False,3072,2048,3904638,cda91662a4b1aed78729be542083b43e
Cracking/Image_20240118180225192.jpg,Cracking,Cracking__20240118-173755,2024-01-18T18:02:25.192000,base,20240118180225192,False,3072,2048,3923772,2ad64fa577920eb1c897769ddcd77e8e
Cracking/Image_20240118180255142.jpg,Cracking,Cracking__20240118-173755,2024-01-18T18:02:55.142000,base,20240118180255142,False,3072,2048,3871863,7b3c65db0dda443dfb78d354af63ca60
Cracking/Image_20240118180325157.jpg,Cracking,Cracking__20240118-173755,2024-01-18T18:03:25.157000,base,20240118180325157,False,3072,2048,4000597,31e934987e2c40c6ff9dca305609b183
Cracking/Image_20240118180355160.jpg,Cracking,Cracking__20240118-173755,2024-01-18T18:03:55.160000,base,20240118180355160,False,3072,2048,3862484,9f36e7b8a5e70baf3b981b1221667da0
Cracking/Image_20240118180425158.jpg,Cracking,Cracking__20240118-173755,2024-01-18T18:04:25.158000,base,20240118180425158,False,3072,2048,3855064,b93550fba8accf82d437cbe60920aa8b
Cracking/Image_20240118180455173.jpg,Cracking,Cracking__20240118-173755,2024-01-18T18:04:55.173000,base,20240118180455173,False,3072,2048,3874968,5f552db7a871b42e9b6182e508dec25f
Cracking/Image_20240118180525172.jpg,Cracking,Cracking__20240118-173755,2024-01-18T18:05:25.172000,base,20240118180525172,False,3072,2048,3866095,5844b127cabad94ea3e0ed8458eda600
Cracking/Image_20240118180555181.jpg,Cracking,Cracking__20240118-173755,2024-01-18T18:05:55.181000,base,20240118180555181,False,3072,2048,3914445,9221e31636471de26a1662003f1a2f78
Cracking/Image_20240118180625196.jpg,Cracking,Cracking__20240118-173755,2024-01-18T18:06:25.196000,base,20240118180625196,False,3072,2048,3974721,528d6f1196258dcfe77fb95dc5219bd1
Cracking/Image_20240118180655147.jpg,Cracking,Cracking__20240118-173755,2024-01-18T18:06:55.147000,base,20240118180655147,False,3072,2048,3877963,f888c9ce2249bb7c48f0876a506e7374
Cracking/Image_20240118180725145.jpg,Cracking,Cracking__20240118-173755,2024-01-18T18:07:25.145000,base,20240118180725145,False,3072,2048,3911819,653f58e29fe5497280cbf72ab54f9ee5
Cracking/Image_20240118180755150.jpg,Cracking,Cracking__20240118-173755,2024-01-18T18:07:55.150000,base,20240118180755150,False,3072,2048,4036644,2a53d739189f2506ce6964d8581d36bd
Cracking/Image_20240118180825153.jpg,Cracking,Cracking__20240118-173755,2024-01-18T18:08:25.153000,base,20240118180825153,False,3072,2048,3799278,a2d2bac299f0b586e2124a6a8ea159a4
Cracking/Image_20240118180855173.jpg,Cracking,Cracking__20240118-173755,2024-01-18T18:08:55.173000,base,20240118180855173,False,3072,2048,3840658,a8c488d7998202c48d547ff993ff3664
Cracking/Image_20240118180925176.jpg,Cracking,Cracking__20240118-173755,2024-01-18T18:09:25.176000,base,20240118180925176,False,3072,2048,3899676,d41105f6872e2ea00b942538ad704e0f
Cracking/Image_20240118180955175.jpg,Cracking,Cracking__20240118-173755,2024-01-18T18:09:55.175000,base,20240118180955175,False,3072,2048,4047223,fdec0a883ed0e1dbdac444f39d2b5ad7
Cracking/Image_20240118181025186.jpg,Cracking,Cracking__20240118-173755,2024-01-18T18:10:25.186000,base,20240118181025186,False,3072,2048,3849774,ff6873df249b7e8e05c6737e2a26a4f3
Cracking/Image_20240118181055200.jpg,Cracking,Cracking__20240118-173755,2024-01-18T18:10:55.200000,base,20240118181055200,False,3072,2048,3905374,c0e1013d887488b44265f5c933c9d337
Cracking/Image_20240118181125141.jpg,Cracking,Cracking__20240118-173755,2024-01-18T18:11:25.141000,base,20240118181125141,False,3072,2048,3832314,8fea994b172813dd77fc3d6f014e492f
Cracking/Image_20240118181155146.jpg,Cracking,Cracking__20240118-173755,2024-01-18T18:11:55.146000,base,20240118181155146,False,3072,2048,3844719,3226a1a3f0362b166275647aa8d58204
Cracking/Image_20240118181225155.jpg,Cracking,Cracking__20240118-173755,2024-01-18T18:12:25.155000,base,20240118181225155,False,3072,2048,3968233,d9bf20f0788646609f1d10779f3dab6a
Cracking/Image_20240118181255172.jpg,Cracking,Cracking__20240118-173755,2024-01-18T18:12:55.172000,base,20240118181255172,False,3072,2048,3861169,ba288581317ba74d8409a0bddfdb8f77
Cracking/Image_20240118181325174.jpg,Cracking,Cracking__20240118-173755,2024-01-18T18:13:25.174000,base,20240118181325174,False,3072,2048,3848722,ad699bb7f5a59a3c17b404cff482f1b4
Cracking/Image_20240118181355171.jpg,Cracking,Cracking__20240118-173755,2024-01-18T18:13:55.171000,base,20240118181355171,False,3072,2048,3997020,d409a1d23c99e3f742a9562094bb5fcc
Cracking/Image_20240118181425189.jpg,Cracking,Cracking__20240118-173755,2024-01-18T18:14:25.189000,base,20240118181425189,False,3072,2048,3869014,6a218f2a821070e382983bdd6dd1e4b7
Cracking/Image_20240118181455144.jpg,Cracking,Cracking__20240118-173755,2024-01-18T18:14:55.144000,base,20240118181455144,False,3072,2048,4070807,b92c37b71d8fedca45dc1ee7deaa7b7c
Cracking/Image_20240118181525201.jpg,Cracking,Cracking__20240118-173755,2024-01-18T18:15:25.201000,base,20240118181525201,False,3072,2048,3872977,2de8d2a6c41674af7dc1b53a22d8d1be
Cracking/Image_20240118181555156.jpg,Cracking,Cracking__20240118-173755,2024-01-18T18:15:55.156000,base,20240118181555156,False,3072,2048,4081895,4ebad8a3e8c3634b9260f847433333e1
Cracking/Image_20240118181625158.jpg,Cracking,Cracking__20240118-173755,2024-01-18T18:16:25.158000,base,20240118181625158,False,3072,2048,3996886,a903146334f583d291912ea3ca5744c4
Cracking/Image_20240118181655163.jpg,Cracking,Cracking__20240118-173755,2024-01-18T18:16:55.163000,base,20240118181655163,False,3072,2048,4136052,045a474bc44710701f63fc9b1550a66e
Cracking/Image_20240118181725172.jpg,Cracking,Cracking__20240118-173755,2024-01-18T18:17:25.172000,base,20240118181725172,False,3072,2048,4021578,34541d618f710b1b931c87272ab35be5
Cracking/Image_20240118181755172.jpg,Cracking,Cracking__20240118-173755,2024-01-18T18:17:55.172000,base,20240118181755172,False,3072,2048,4098052,7e92439afaa441cdaea7218981a9cf16
Cracking/Image_20240118181825179.jpg,Cracking,Cracking__20240118-173755,2024-01-18T18:18:25.179000,base,20240118181825179,False,3072,2048,4170340,4f3e87992a70b4b86323e803c3935c44
Cracking/Image_20240118181855195.jpg,Cracking,Cracking__20240118-173755,2024-01-18T18:18:55.195000,base,20240118181855195,False,3072,2048,4245000,028776a72a20adaa11755733209272e5
Cracking/Image_20240118181925143.jpg,Cracking,Cracking__20240118-173755,2024-01-18T18:19:25.143000,base,20240118181925143,False,3072,2048,4208571,f9d1aee56e825a38736ba03e4b2a124f
Cracking/Image_20240118181955143.jpg,Cracking,Cracking__20240118-173755,2024-01-18T18:19:55.143000,base,20240118181955143,False,3072,2048,4205580,c41a132b9f0d93cf82d8255e949958a4
Cracking/Image_20240124143258923.jpg,Cracking,Cracking__20240124-143258,2024-01-24T14:32:58.923000,base,20240124143258923,False,3072,2048,2972285,a412e47f5ab65561cb58e6e5a00645f8
Cracking/Image_20240124143328924.jpg,Cracking,Cracking__20240124-143258,2024-01-24T14:33:28.924000,base,20240124143328924,False,3072,2048,3044952,e54bea8a6090a0f27bdcca3049106ca0
Cracking/Image_20240124143358939.jpg,Cracking,Cracking__20240124-143258,2024-01-24T14:33:58.939000,base,20240124143358939,False,3072,2048,2977982,963cf351930faf2e769b0fe4be107467
Cracking/Image_20240124143428949.jpg,Cracking,Cracking__20240124-143258,2024-01-24T14:34:28.949000,base,20240124143428949,False,3072,2048,3004962,d50e003c808c3bf32c0021b58599c67c
Cracking/Image_20240124143458958.jpg,Cracking,Cracking__20240124-143258,2024-01-24T14:34:58.958000,base,20240124143458958,False,3072,2048,3255176,14c25239e0f7eaabe460a8ef5d92679d
Cracking/Image_20240124143528958.jpg,Cracking,Cracking__20240124-143258,2024-01-24T14:35:28.958000,base,20240124143528958,False,3072,2048,3141234,31947ef523c405404540c441856754e8
Cracking/Image_20240124143558912.jpg,Cracking,Cracking__20240124-143258,2024-01-24T14:35:58.912000,base,20240124143558912,False,3072,2048,3238275,6ff95795de63e7f9be9ae398b3784be0
Cracking/Image_20240124143628916.jpg,Cracking,Cracking__20240124-143258,2024-01-24T14:36:28.916000,base,20240124143628916,False,3072,2048,3287250,d0b1dbb84f866024519e5900a9872bd7
Cracking/Image_20240124143658918.jpg,Cracking,Cracking__20240124-143258,2024-01-24T14:36:58.918000,base,20240124143658918,False,3072,2048,3271628,298f10d6e69d02f679d68a0f81cc56f1
Cracking/Image_20240124143728935.jpg,Cracking,Cracking__20240124-143258,2024-01-24T14:37:28.935000,base,20240124143728935,False,3072,2048,3250048,86308f704aa17a5990af1e62f38d430d
Cracking/Image_20240124143758931.jpg,Cracking,Cracking__20240124-143258,2024-01-24T14:37:58.931000,base,20240124143758931,False,3072,2048,2884113,5a21adf24ffaff6efb2f6a78fab82fe9
Cracking/Image_20240124143828941.jpg,Cracking,Cracking__20240124-143258,2024-01-24T14:38:28.941000,base,20240124143828941,False,3072,2048,2824073,e00ce28d898b2a43ab18c09e2de36504
Cracking/Image_20240124143858946.jpg,Cracking,Cracking__20240124-143258,2024-01-24T14:38:58.946000,base,20240124143858946,False,3072,2048,2983694,04ec316dfb8ba8c25a916b00795f9291
Cracking/Image_20240124143928959.jpg,Cracking,Cracking__20240124-143258,2024-01-24T14:39:28.959000,base,20240124143928959,False,3072,2048,2967447,49fa4bcc88e3c19d42186df7f6a36f08
Cracking/Image_20240124143958917.jpg,Cracking,Cracking__20240124-143258,2024-01-24T14:39:58.917000,base,20240124143958917,False,3072,2048,3223402,0edcced6999dd1fb85f6491f4ca9e5c6
Cracking/Image_20240124144028914.jpg,Cracking,Cracking__20240124-143258,2024-01-24T14:40:28.914000,base,20240124144028914,False,3072,2048,3418580,e07c25c5db73d56daedd00e7191d8f38
Cracking/Image_20240124144058928.jpg,Cracking,Cracking__20240124-143258,2024-01-24T14:40:58.928000,base,20240124144058928,False,3072,2048,3064148,437409027b25b79b6a40de4acfb3d995
Cracking/Image_20240124144128931.jpg,Cracking,Cracking__20240124-143258,2024-01-24T14:41:28.931000,base,20240124144128931,False,3072,2048,3311751,1ecb58fad4f73462ab77fbf59da59d61
Cracking/Image_20240124144158944.jpg,Cracking,Cracking__20240124-143258,2024-01-24T14:41:58.944000,base,20240124144158944,False,3072,2048,3291075,7ae30e0e695f4be7c2911b09eebecb3a
Cracking/Image_20240124144228937.jpg,Cracking,Cracking__20240124-143258,2024-01-24T14:42:28.937000,base,20240124144228937,False,3072,2048,3043799,4b359706d61c744c97d8ee48de0da762
Cracking/Image_20240124144258949.jpg,Cracking,Cracking__20240124-143258,2024-01-24T14:42:58.949000,base,20240124144258949,False,3072,2048,3254252,da5e3e60fc673e95fda42dfbab9f0977
Cracking/Image_20240124144328954.jpg,Cracking,Cracking__20240124-143258,2024-01-24T14:43:28.954000,base,20240124144328954,False,3072,2048,3368660,78c6f89269b23fd8b800d0257419fbfc
Cracking/Image_20240124144358966.jpg,Cracking,Cracking__20240124-143258,2024-01-24T14:43:58.966000,base,20240124144358966,False,3072,2048,3061145,bb7fc7523366212d7100fd8560dbed6d
Cracking/Image_20240124144428922.jpg,Cracking,Cracking__20240124-143258,2024-01-24T14:44:28.922000,base,20240124144428922,False,3072,2048,3298193,a27ac201df72f10d68cdc37ab1f9ad4f
Cracking/Image_20240124144458923.jpg,Cracking,Cracking__20240124-143258,2024-01-24T14:44:58.923000,base,20240124144458923,False,3072,2048,3349854,d68591f966acc32ce05f140a4fd409bb
Cracking/Image_20240124144528931.jpg,Cracking,Cracking__20240124-143258,2024-01-24T14:45:28.931000,base,20240124144528931,False,3072,2048,2984592,329143a8024d40383643d2b55bed4868
Cracking/Image_20240124144558935.jpg,Cracking,Cracking__20240124-143258,2024-01-24T14:45:58.935000,base,20240124144558935,False,3072,2048,3379606,83a6cf556d691588e1b05aa558b4d02d
Cracking/Image_20240124144628941.jpg,Cracking,Cracking__20240124-143258,2024-01-24T14:46:28.941000,base,20240124144628941,False,3072,2048,3082428,4b0fccfa52453be76fbce4b1f52a0c0c
Cracking/Image_20240124144658944.jpg,Cracking,Cracking__20240124-143258,2024-01-24T14:46:58.944000,base,20240124144658944,False,3072,2048,3327721,6399227e8917b58cd0fb53746e2d1817
Cracking/Image_20240124144728952.jpg,Cracking,Cracking__20240124-143258,2024-01-24T14:47:28.952000,base,20240124144728952,False,3072,2048,2904462,90d14b831a9711e035b0bf6fd49749e2
Cracking/Image_20240124144758966.jpg,Cracking,Cracking__20240124-143258,2024-01-24T14:47:58.966000,base,20240124144758966,False,3072,2048,3411187,7775d57c2bbd25a065787e798ac0e72d
Cracking/Image_20240124144828918.jpg,Cracking,Cracking__20240124-143258,2024-01-24T14:48:28.918000,base,20240124144828918,False,3072,2048,2995692,661404c1de84751391c551e37789da9e
Cracking/Image_20240124144858918.jpg,Cracking,Cracking__20240124-143258,2024-01-24T14:48:58.918000,base,20240124144858918,False,3072,2048,3035495,f24a9e633873376d521e609d27f42428
Cracking/Image_20240124144928929.jpg,Cracking,Cracking__20240124-143258,2024-01-24T14:49:28.929000,base,20240124144928929,False,3072,2048,3480452,49ee9c40b583b58666746b6a0520b7ed
Cracking/Image_20240124144958944.jpg,Cracking,Cracking__20240124-143258,2024-01-24T14:49:58.944000,base,20240124144958944,False,3072,2048,3490286,ff1c2e4d6da1d4e7594f4dd5d7496ffe
Cracking/Image_20240124145028952.jpg,Cracking,Cracking__20240124-143258,2024-01-24T14:50:28.952000,base,20240124145028952,False,3072,2048,3460699,64840966da9c67209025b1e94506d0f1
Cracking/Image_20240124145058957.jpg,Cracking,Cracking__20240124-143258,2024-01-24T14:50:58.957000,base,20240124145058957,False,3072,2048,3440007,ab867d4999e4152c401c76a57e32ae73
Cracking/Image_20240124145128964.jpg,Cracking,Cracking__20240124-143258,2024-01-24T14:51:28.964000,base,20240124145128964,False,3072,2048,2903155,46032d2a4b4800303054ce649363629e
Cracking/Image_20240124145158908.jpg,Cracking,Cracking__20240124-143258,2024-01-24T14:51:58.908000,base,20240124145158908,False,3072,2048,3524563,8fa580a2c15cbf024588e8da34da1897
Cracking/Image_20240124145228924.jpg,Cracking,Cracking__20240124-143258,2024-01-24T14:52:28.924000,base,20240124145228924,False,3072,2048,3281647,acdbe694e50c750ddf57edf3a9b8d93a
Cracking/Image_20240124145258929.jpg,Cracking,Cracking__20240124-143258,2024-01-24T14:52:58.929000,base,20240124145258929,False,3072,2048,3038906,3278edaf6ec8e5b40fcb053da705a8fa
Cracking/Image_20240124145328933.jpg,Cracking,Cracking__20240124-143258,2024-01-24T14:53:28.933000,base,20240124145328933,False,3072,2048,3378071,33def9e4271954b674c2e9cdb9b75cc2
Cracking/Image_20240124145358945.jpg,Cracking,Cracking__20240124-143258,2024-01-24T14:53:58.945000,base,20240124145358945,False,3072,2048,3367565,9dad2053bc1bda1e108cb811dd810d5f
Cracking/Image_20240124145428943.jpg,Cracking,Cracking__20240124-143258,2024-01-24T14:54:28.943000,base,20240124145428943,False,3072,2048,3583616,0864b7d862318e034eb161bc9159446b
Cracking/Image_20240124145458948.jpg,Cracking,Cracking__20240124-143258,2024-01-24T14:54:58.948000,base,20240124145458948,False,3072,2048,3414282,4ea4882dc14b69d651fbb6bbcc902b70
Cracking/Image_20240124145528952.jpg,Cracking,Cracking__20240124-143258,2024-01-24T14:55:28.952000,base,20240124145528952,False,3072,2048,2865662,429cbcfafb2739dcdb6c6e7c87f37fb9
Cracking/Image_20240124145558918.jpg,Cracking,Cracking__20240124-143258,2024-01-24T14:55:58.918000,base,20240124145558918,False,3072,2048,3065546,2898562d2839bc058cd958c7db6fc8c8
Cracking/Image_20240124145628918.jpg,Cracking,Cracking__20240124-143258,2024-01-24T14:56:28.918000,base,20240124145628918,False,3072,2048,3247415,600159a3f643e9f8020b45b45cc7055f
Cracking/Image_20240124145658921.jpg,Cracking,Cracking__20240124-143258,2024-01-24T14:56:58.921000,base,20240124145658921,False,3072,2048,3306010,6e024912d2d9ee4e0360aeaf9547626d
Cracking/Image_20240124145728934.jpg,Cracking,Cracking__20240124-143258,2024-01-24T14:57:28.934000,base,20240124145728934,False,3072,2048,3624588,3fbac6144f8784a602fa9306dc5b6296
Cracking/Image_20240124145758938.jpg,Cracking,Cracking__20240124-143258,2024-01-24T14:57:58.938000,base,20240124145758938,False,3072,2048,2999046,4c51c41f16311b0ca90843c828a684d0
Cracking/Image_20240124145828953.jpg,Cracking,Cracking__20240124-143258,2024-01-24T14:58:28.953000,base,20240124145828953,False,3072,2048,2955018,ef853c2313b4ffc077ed8b33bf2b1116
Cracking/Image_20240124145858959.jpg,Cracking,Cracking__20240124-143258,2024-01-24T14:58:58.959000,base,20240124145858959,False,3072,2048,3230362,0bda2bf9cc74b1c2ecae74cd75827d5b
Cracking/Image_20240124145928963.jpg,Cracking,Cracking__20240124-143258,2024-01-24T14:59:28.963000,base,20240124145928963,False,3072,2048,3378096,fb0d44bf19fe72bce975df61cab828ab
Cracking/Image_20240124152858932.jpg,Cracking,Cracking__20240124-152858,2024-01-24T15:28:58.932000,base,20240124152858932,False,3072,2048,3259030,375f5f3e81750a01d1079b4eb6ba0280
Cracking/Image_20240124152928941.jpg,Cracking,Cracking__20240124-152858,2024-01-24T15:29:28.941000,base,20240124152928941,False,3072,2048,3258556,b49b13e1f1850415395bcebd980ae769
Cracking/Image_20240124155058966.jpg,Cracking,Cracking__20240124-155058,2024-01-24T15:50:58.966000,base,20240124155058966,False,3072,2048,3156235,daccf54b0bb7dacb6ad4935e1e281262
Cracking/Image_20240124155128916.jpg,Cracking,Cracking__20240124-155058,2024-01-24T15:51:28.916000,base,20240124155128916,False,3072,2048,3264279,fb156c5ec79951e77b44bed054a238e4
Cracking/Image_20240124155158917.jpg,Cracking,Cracking__20240124-155058,2024-01-24T15:51:58.917000,base,20240124155158917,False,3072,2048,3186221,c6e5f67237b45b81aad675964e21b6c9
Cracking/Image_20240124155228928.jpg,Cracking,Cracking__20240124-155058,2024-01-24T15:52:28.928000,base,20240124155228928,False,3072,2048,3188258,70307c87b6361c2b1dd773849423b9f3
Cracking/Image_20240124155258927.jpg,Cracking,Cracking__20240124-155058,2024-01-24T15:52:58.927000,base,20240124155258927,False,3072,2048,3187329,b00b871441001e2dee109d2f4d733843
Cracking/Image_20240124155328948.jpg,Cracking,Cracking__20240124-155058,2024-01-24T15:53:28.948000,base,20240124155328948,False,3072,2048,3172579,b3b14675235f465a1aaeb89388199256
Cracking/Image_20240124155358947.jpg,Cracking,Cracking__20240124-155058,2024-01-24T15:53:58.947000,base,20240124155358947,False,3072,2048,3182632,ff579dbcbe57c2101fdad00a364408ad
Cracking/Image_20240124155428948.jpg,Cracking,Cracking__20240124-155058,2024-01-24T15:54:28.948000,base,20240124155428948,False,3072,2048,3244625,6be554c394f275bb35fb260570ba13d0
Cracking/Image_20240124155458959.jpg,Cracking,Cracking__20240124-155058,2024-01-24T15:54:58.959000,base,20240124155458959,False,3072,2048,3197380,abed3cbf21a272194358f9e58adaa33d
Cracking/Image_20240124155528968.jpg,Cracking,Cracking__20240124-155058,2024-01-24T15:55:28.968000,base,20240124155528968,False,3072,2048,3217081,628bcee69df9ff86fa8335a6b3431d09
Cracking/Image_20240124155558914.jpg,Cracking,Cracking__20240124-155058,2024-01-24T15:55:58.914000,base,20240124155558914,False,3072,2048,3257442,7462e443e78ab0c594b64235333f5511
Cracking/Image_20240124155628920.jpg,Cracking,Cracking__20240124-155058,2024-01-24T15:56:28.920000,base,20240124155628920,False,3072,2048,3307268,9187c288b192ec315ffdab8507fde40f
Cracking/Image_20240124155658938.jpg,Cracking,Cracking__20240124-155058,2024-01-24T15:56:58.938000,base,20240124155658938,False,3072,2048,3215428,4ccc7a98b74d5943b5365dbacc1f2bfa
Cracking/Image_20240124155728942.jpg,Cracking,Cracking__20240124-155058,2024-01-24T15:57:28.942000,base,20240124155728942,False,3072,2048,3206501,170ccf441e27c65a4bea2685d6b518c1
Cracking/Image_20240124155758953.jpg,Cracking,Cracking__20240124-155058,2024-01-24T15:57:58.953000,base,20240124155758953,False,3072,2048,3244898,3c38de128a0439a9794c5777a083f689
Cracking/Image_20240124155828948.jpg,Cracking,Cracking__20240124-155058,2024-01-24T15:58:28.948000,base,20240124155828948,False,3072,2048,3253036,3e2562acbd77cc8acef2d5166e860c42
Cracking/Image_20240124155858913.jpg,Cracking,Cracking__20240124-155058,2024-01-24T15:58:58.913000,base,20240124155858913,False,3072,2048,3233140,58fe927111a46caf64dedf3f13264445
Cracking/Image_20240124155928967.jpg,Cracking,Cracking__20240124-155058,2024-01-24T15:59:28.967000,base,20240124155928967,False,3072,2048,3241001,6c98e8ce19b6811396772a5fe08cc498
Cracking/Image_20240124155958920.jpg,Cracking,Cracking__20240124-155058,2024-01-24T15:59:58.920000,base,20240124155958920,False,3072,2048,3281579,fd45cf6be49207c60db68a265df0f0da
Cracking/Image_20240124160028932.jpg,Cracking,Cracking__20240124-155058,2024-01-24T16:00:28.932000,base,20240124160028932,False,3072,2048,3283049,bd02d84339b37816a1667ac6193fc9fe
Cracking/Image_20240124160058933.jpg,Cracking,Cracking__20240124-155058,2024-01-24T16:00:58.933000,base,20240124160058933,False,3072,2048,3266067,8239343c9d3f7dd5cd2a9f3e998f9efc
Cracking/Image_20240124160128943.jpg,Cracking,Cracking__20240124-155058,2024-01-24T16:01:28.943000,base,20240124160128943,False,3072,2048,3265522,4f90d29e70885f5324433de1be3048d4
Cracking/Image_20240124160158949.jpg,Cracking,Cracking__20240124-155058,2024-01-24T16:01:58.949000,base,20240124160158949,False,3072,2048,3279761,07ae9bd4f10954f1afddd66321373735
Cracking/Image_20240124160228948.jpg,Cracking,Cracking__20240124-155058,2024-01-24T16:02:28.948000,base,20240124160228948,False,3072,2048,3286406,92350c53939f725d00272deb2bf90ed6
Cracking/Image_20240124160258962.jpg,Cracking,Cracking__20240124-155058,2024-01-24T16:02:58.962000,base,20240124160258962,False,3072,2048,3314928,8889d887c3f25bc17ee9ab4ca275c07b
Cracking/Image_20240124160328917.jpg,Cracking,Cracking__20240124-155058,2024-01-24T16:03:28.917000,base,20240124160328917,False,3072,2048,3297766,9c90b8ca0b22f4abdb8866aae20f2760
Cracking/Image_20240124160358919.jpg,Cracking,Cracking__20240124-155058,2024-01-24T16:03:58.919000,base,20240124160358919,False,3072,2048,3280093,1c3eae3cdb147b202508282278f8d1a4
Cracking/Image_20240124160428929.jpg,Cracking,Cracking__20240124-155058,2024-01-24T16:04:28.929000,base,20240124160428929,False,3072,2048,3327809,0cd87aee96d730c3fb6514779c9c6c0b
Cracking/Image_20240124160458940.jpg,Cracking,Cracking__20240124-155058,2024-01-24T16:04:58.940000,base,20240124160458940,False,3072,2048,3278127,8e5ce7337d0b4f5ed2a1bd3d4bffe14f
Cracking/Image_20240124160528948.jpg,Cracking,Cracking__20240124-155058,2024-01-24T16:05:28.948000,base,20240124160528948,False,3072,2048,3303958,a525e2375958dc23fec95e1476393827
Cracking/Image_20240124160558955.jpg,Cracking,Cracking__20240124-155058,2024-01-24T16:05:58.955000,base,20240124160558955,False,3072,2048,3284912,8222bbb111b6438b9ff1457329192c92
Cracking/Image_20240124160628950.jpg,Cracking,Cracking__20240124-155058,2024-01-24T16:06:28.950000,base,20240124160628950,False,3072,2048,3411649,8aa0aa930d1764ae6f1773a4fb850916
Cracking/Image_20240124160658964.jpg,Cracking,Cracking__20240124-155058,2024-01-24T16:06:58.964000,base,20240124160658964,False,3072,2048,3283002,798d4ecdf2a0788b3ebbf62254ad53d4
Cracking/Image_20240124160728917.jpg,Cracking,Cracking__20240124-155058,2024-01-24T16:07:28.917000,base,20240124160728917,False,3072,2048,3352126,039e0f6e3624dab08daed3c110b77104
Cracking/Image_20240124160758915.jpg,Cracking,Cracking__20240124-155058,2024-01-24T16:07:58.915000,base,20240124160758915,False,3072,2048,3397908,69ce9e3b635373f645449435850ab334
Cracking/Image_20240124160828933.jpg,Cracking,Cracking__20240124-155058,2024-01-24T16:08:28.933000,base,20240124160828933,False,3072,2048,3474441,2c101e6bccf86ce0d12d1393e05d3c20
Cracking/Image_20240124160858934.jpg,Cracking,Cracking__20240124-155058,2024-01-24T16:08:58.934000,base,20240124160858934,False,3072,2048,3414308,d5e39f22eb0708cf3c8bbc3cc74630a0
Cracking/Image_20240124160928937.jpg,Cracking,Cracking__20240124-155058,2024-01-24T16:09:28.937000,base,20240124160928937,False,3072,2048,3398076,f47d5a9be29e0d7eda210268c295cbd7
Cracking/Image_20240124160958946.jpg,Cracking,Cracking__20240124-155058,2024-01-24T16:09:58.946000,base,20240124160958946,False,3072,2048,3400216,761564095e5f1165a67ec7f7937cb475
Cracking/Image_20240124161028908.jpg,Cracking,Cracking__20240124-155058,2024-01-24T16:10:28.908000,base,20240124161028908,False,3072,2048,3492538,23ab56c3f2bf5e202dcd86ce7a4da6ed
Cracking/Image_20240124161058908.jpg,Cracking,Cracking__20240124-155058,2024-01-24T16:10:58.908000,base,20240124161058908,False,3072,2048,3412400,63a928f78dbc1626ac7b3569df196892
Cracking/Image_20240124161128916.jpg,Cracking,Cracking__20240124-155058,2024-01-24T16:11:28.916000,base,20240124161128916,False,3072,2048,3430609,f61d75b75afee2c7cffcdf6971377bb6
Cracking/Image_20240124161158917.jpg,Cracking,Cracking__20240124-155058,2024-01-24T16:11:58.917000,base,20240124161158917,False,3072,2048,3504699,6eb6a481e61351cb44704e09d1c6e291
Cracking/Image_20240124161228926.jpg,Cracking,Cracking__20240124-155058,2024-01-24T16:12:28.926000,base,20240124161228926,False,3072,2048,3397352,5c9f03f5d0af08fb04430102652bb9c6
Cracking/Image_20240124161258930.jpg,Cracking,Cracking__20240124-155058,2024-01-24T16:12:58.930000,base,20240124161258930,False,3072,2048,3466185,4c267d419b9a92edcf7c29c73c36be20
Cracking/Image_20240124161328946.jpg,Cracking,Cracking__20240124-155058,2024-01-24T16:13:28.946000,base,20240124161328946,False,3072,2048,3432563,eded20aaa2c1bfb6e94d7624210783ae
Cracking/Image_20240124161358944.jpg,Cracking,Cracking__20240124-155058,2024-01-24T16:13:58.944000,base,20240124161358944,False,3072,2048,3528277,0852875761ec96a0e732063b15c965cc
Cracking/Image_20240124161428957.jpg,Cracking,Cracking__20240124-155058,2024-01-24T16:14:28.957000,base,20240124161428957,False,3072,2048,3517702,7d90227a6a46418b9c6f87339056d83d
Cracking/Image_20240124161458965.jpg,Cracking,Cracking__20240124-155058,2024-01-24T16:14:58.965000,base,20240124161458965,False,3072,2048,3570669,21cdbe9e141f37aca153eb5cad1cc2a3
Cracking/Image_20240124161528923.jpg,Cracking,Cracking__20240124-155058,2024-01-24T16:15:28.923000,base,20240124161528923,False,3072,2048,3769430,242c4a8a2d80c609f2afbc8f7cf96660
Layer_shifting/Image_20231128155537009.jpg,Layer_shifting,Layer_shifting__20231128-155537,2023-11-28T15:55:37.009000,base,20231128155537009,False,3072,2048,3215602,cb4c3d926fcb09d011deab66ea97e51f
Layer_shifting/Image_20231128155607013.jpg,Layer_shifting,Layer_shifting__20231128-155537,2023-11-28T15:56:07.013000,base,20231128155607013,False,3072,2048,3139121,eb3478b9d2bd2653529ea9a675f46006
Layer_shifting/Image_20231128155636969.jpg,Layer_shifting,Layer_shifting__20231128-155537,2023-11-28T15:56:36.969000,base,20231128155636969,False,3072,2048,3191850,3fe7aa4f1699fac88c91873d142c3101
Layer_shifting/Image_20231128155706973.jpg,Layer_shifting,Layer_shifting__20231128-155537,2023-11-28T15:57:06.973000,base,20231128155706973,False,3072,2048,3104439,7dc342f0f3c9a83eab8338b3a1f113d8
Layer_shifting/Image_20231128155736976.jpg,Layer_shifting,Layer_shifting__20231128-155537,2023-11-28T15:57:36.976000,base,20231128155736976,False,3072,2048,3130427,c6cb7dddff7ef0860eee9c1f01fa411a
Layer_shifting/Image_20231128155806986.jpg,Layer_shifting,Layer_shifting__20231128-155537,2023-11-28T15:58:06.986000,base,20231128155806986,False,3072,2048,3056069,341272978455f34b02b6df5590bdf27c
Layer_shifting/Image_20231128155836994.jpg,Layer_shifting,Layer_shifting__20231128-155537,2023-11-28T15:58:36.994000,base,20231128155836994,False,3072,2048,3217122,9a6365de850e5b36bd9b7f8735c89632
Layer_shifting/Image_20231128155906990.jpg,Layer_shifting,Layer_shifting__20231128-155537,2023-11-28T15:59:06.990000,base,20231128155906990,False,3072,2048,3173463,5f5a627195b6d85363e8fc200807495e
Layer_shifting/Image_20231128155937010.jpg,Layer_shifting,Layer_shifting__20231128-155537,2023-11-28T15:59:37.010000,base,20231128155937010,False,3072,2048,3155443,93fc85e386dd617f4f6361a3ac668927
Layer_shifting/Image_20231128160007013.jpg,Layer_shifting,Layer_shifting__20231128-155537,2023-11-28T16:00:07.013000,base,20231128160007013,False,3072,2048,3206569,166ada7a2356031b1c5da71bf8d872c8
Layer_shifting/Image_20231128160036961_aug.jpg,Layer_shifting,Layer_shifting__20231128-155537,2023-11-28T16:00:36.961000,aug,20231128160036961,True,3072,2048,1174964,a24a9d3c588db8932b2e9b72ed4cb309
Layer_shifting/Image_20231128160036961.jpg,Layer_shifting,Layer_shifting__20231128-155537,2023-11-28T16:00:36.961000,base,20231128160036961,False,3072,2048,3202767,db69a9865fad2ee7719396adcd2b0d5a
Layer_shifting/Image_20231128160036961_original.jpg,Layer_shifting,Layer_shifting__20231128-155537,2023-11-28T16:00:36.961000,original,20231128160036961,True,3072,2048,1174964,a24a9d3c588db8932b2e9b72ed4cb309
Layer_shifting/Image_20231128160106960.jpg,Layer_shifting,Layer_shifting__20231128-155537,2023-11-28T16:01:06.960000,base,20231128160106960,False,3072,2048,3212310,fb8dba269234f76f5ea428133ece828f
Layer_shifting/Image_20231128160136976.jpg,Layer_shifting,Layer_shifting__20231128-155537,2023-11-28T16:01:36.976000,base,20231128160136976,False,3072,2048,3158645,f682b174a1215b6d64a6f0b7174ec775
Layer_shifting/Image_20231128160206987.jpg,Layer_shifting,Layer_shifting__20231128-155537,2023-11-28T16:02:06.987000,base,20231128160206987,False,3072,2048,3216376,77cd14ce5f291a0610079d5f3752aac3
Layer_shifting/Image_20231128160236984.jpg,Layer_shifting,Layer_shifting__20231128-155537,2023-11-28T16:02:36.984000,base,20231128160236984,False,3072,2048,3188999,9cd861771762a4324f33f2ebb07be668
Layer_shifting/Image_20231128160306990.jpg,Layer_shifting,Layer_shifting__20231128-155537,2023-11-28T16:03:06.990000,base,20231128160306990,False,3072,2048,3209316,a092b518c844e880754b876085b730a1
Layer_shifting/Image_20231128160336993.jpg,Layer_shifting,Layer_shifting__20231128-155537,2023-11-28T16:03:36.993000,base,20231128160336993,False,3072,2048,3213897,98bbb72a32df2ae97ca73166a762cec7
Layer_shifting/Image_20231128160407010.jpg,Layer_shifting,Layer_shifting__20231128-155537,2023-11-28T16:04:07.010000,base,20231128160407010,False,3072,2048,3279259,55ff41eb113934568a1c3bb8f04b9221
Layer_shifting/Image_20231128160436963.jpg,Layer_shifting,Layer_shifting__20231128-155537,2023-11-28T16:04:36.963000,base,20231128160436963,False,3072,2048,3348757,d2c89f21e93563726354c6b56e30da99
Layer_shifting/Image_20231128160506980.jpg,Layer_shifting,Layer_shifting__20231128-155537,2023-11-28T16:05:06.980000,base,20231128160506980,False,3072,2048,3363124,623c692f42dafce45e339c7744f1916f
Layer_shifting/Image_20231128160536968_aug.jpg,Layer_shifting,Layer_shifting__20231128-155537,2023-11-28T16:05:36.968000,aug,20231128160536968,True,3072,2048,1188373,5f62e46131980a0bf280e17e75d94903
Layer_shifting/Image_20231128160536968.jpg,Layer_shifting,Layer_shifting__20231128-155537,2023-11-28T16:05:36.968000,base,20231128160536968,False,3072,2048,3225090,b9b029dd0255b45663ff8d175a4271d1
Layer_shifting/Image_20231128160536968_original.jpg,Layer_shifting,Layer_shifting__20231128-155537,2023-11-28T16:05:36.968000,original,20231128160536968,True,3072,2048,1190244,f8f688a16a596d76e52c8e6b905e5067
Layer_shifting/Image_20231128160606983.jpg,Layer_shifting,Layer_shifting__20231128-155537,2023-11-28T16:06:06.983000,base,20231128160606983,False,3072,2048,3126823,cd14cd2fd0a6b8c58f90d686fa4b8075
Layer_shifting/Image_20231128160636993.jpg,Layer_shifting,Layer_shifting__20231128-155537,2023-11-28T16:06:36.993000,base,20231128160636993,False,3072,2048,3215968,d7f5be2e138c4fe047ed9c0d2a0f7d5a
Layer_shifting/Image_20231128160707000.jpg,Layer_shifting,Layer_shifting__20231128-155537,2023-11-28T16:07:07,base,20231128160707000,False,3072,2048,3238530,1e12044c294e199bad5e97027fdfcb20
Layer_shifting/Image_20231128160736957.jpg,Layer_shifting,Layer_shifting__20231128-155537,2023-11-28T16:07:36.957000,base,20231128160736957,False,3072,2048,3330459,727cf9e64e1c1d276b2832c9888fd089
Layer_shifting/Image_20231128160807009.jpg,Layer_shifting,Layer_shifting__20231128-155537,2023-11-28T16:08:07.009000,base,20231128160807009,False,3072,2048,3272936,5d9fc9e3d6dae2c03ae0954115c8afc5
Layer_shifting/Image_20231128160837016.jpg,Layer_shifting,Layer_shifting__20231128-155537,2023-11-28T16:08:37.016000,base,20231128160837016,False,3072,2048,3284649,e7f48ccc5eecc9f91a74ecc543f7cf95
Layer_shifting/Image_20231128160906964.jpg,Layer_shifting,Layer_shifting__20231128-155537,2023-11-28T16:09:06.964000,base,20231128160906964,False,3072,2048,3315643,7548a47cc3a41283f0af36343e2243f2
Layer_shifting/Image_20231128160936981.jpg,Layer_shifting,Layer_shifting__20231128-155537,2023-11-28T16:09:36.981000,base,20231128160936981,False,3072,2048,3320849,3762cb71e850588406107897194654bc
Layer_shifting/Image_20231128161006974.jpg,Layer_shifting,Layer_shifting__20231128-155537,2023-11-28T16:10:06.974000,base,20231128161006974,False,3072,2048,3304440,aec7ea2a86dfe5e7600dc7511e9e3931
Layer_shifting/Image_20231128161036995_aug.jpg,Layer_shifting,Layer_shifting__20231128-155537,2023-11-28T16:10:36.995000,aug,20231128161036995,True,3072,2048,1037600,760e5172ab9236de207043acf2b3adee
Layer_shifting/Image_20231128161036995.jpg,Layer_shifting,Layer_shifting__20231128-155537,2023-11-28T16:10:36.995000,base,20231128161036995,False,3072,2048,3334811,8e122031c84ad1313414772d833c2941
Layer_shifting/Image_20231128161036995_original.jpg,Layer_shifting,Layer_shifting__20231128-155537,2023-11-28T16:10:36.995000,original,20231128161036995,True,3072,2048,1233368,fb14b0b88c891742ba8dcd645a1bb0bc
Layer_shifting/Image_20231128161106993.jpg,Layer_shifting,Layer_shifting__20231128-155537,2023-11-28T16:11:06.993000,base,20231128161106993,False,3072,2048,3307920,ae4292068ed41a2396843bd1d71f1692
Layer_shifting/Image_20231128161136997.jpg,Layer_shifting,Layer_shifting__20231128-155537,2023-11-28T16:11:36.997000,base,20231128161136997,False,3072,2048,3327884,35713dc1b5751613c1433e1112416537
Layer_shifting/Image_20231128161207002.jpg,Layer_shifting,Layer_shifting__20231128-155537,2023-11-28T16:12:07.002000,base,20231128161207002,False,3072,2048,3369354,c2a35aefb2b882594bf524935d919d34
Layer_shifting/Image_20231128161236959.jpg,Layer_shifting,Layer_shifting__20231128-155537,2023-11-28T16:12:36.959000,base,20231128161236959,False,3072,2048,3336167,4e48895fa9a2d87789625c402a1ac9db
Layer_shifting/Image_20231128161306961.jpg,Layer_shifting,Layer_shifting__20231128-155537,2023-11-28T16:13:06.961000,base,20231128161306961,False,3072,2048,3379699,037891a4d7cd148c104ca0eec321fb99
Layer_shifting/Image_20231128161336977.jpg,Layer_shifting,Layer_shifting__20231128-155537,2023-11-28T16:13:36.977000,base,20231128161336977,False,3072,2048,3344309,2a33fc22afc3eff591c5073fe88a977a
Layer_shifting/Image_20231128161406983.jpg,Layer_shifting,Layer_shifting__20231128-155537,2023-11-28T16:14:06.983000,base,20231128161406983,False,3072,2048,3373040,af70148bf2f195b45c5e1e01c91e04a4
Layer_shifting/Image_20231128161436989.jpg,Layer_shifting,Layer_shifting__20231128-155537,2023-11-28T16:14:36.989000,base,20231128161436989,False,3072,2048,3471157,c8a3166c264506a9661a087f6120bb0e
Layer_shifting/Image_20231128161506988.jpg,Layer_shifting,Layer_shifting__20231128-155537,2023-11-28T16:15:06.988000,base,20231128161506988,False,3072,2048,3350192,71c56b79e05f092a999ce88f61c4d554
Layer_shifting/Image_20231128161536995_aug.jpg,Layer_shifting,Layer_shifting__20231128-155537,2023-11-28T16:15:36.995000,aug,20231128161536995,True,3072,2048,1091508,c1b986bc1833e371bff29268c4480810
Layer_shifting/Image_20231128161536995.jpg,Layer_shifting,Layer_shifting__20231128-155537,2023-11-28T16:15:36.995000,base,20231128161536995,False,3072,2048,3456135,057dfea382c401578a7d4d69172183aa
Layer_shifting/Image_20231128161536995_original.jpg,Layer_shifting,Layer_shifting__20231128-155537,2023-11-28T16:15:36.995000,original,20231128161536995,True,3072,2048,1287805,117e29f586d93f161c6bf5df4f0b0642
Layer_shifting/Image_20231128161606962.jpg,Layer_shifting,Layer_shifting__20231128-155537,2023-11-28T16:16:06.962000,base,20231128161606962,False,3072,2048,3593968,83b8adac59aa9e924be575040426dec6
Layer_shifting/Image_20231128161636960.jpg,Layer_shifting,Layer_shifting__20231128-155537,2023-11-28T16:16:36.960000,base,20231128161636960,False,3072,2048,3457066,6ca2be5d22fdb6d4fe456328ef2c104e
Layer_shifting/Image_20231128161706967.jpg,Layer_shifting,Layer_shifting__20231128-155537,2023-11-28T16:17:06.967000,base,20231128161706967,False,3072,2048,3577088,5d8e4d5c0bca3838e8d96c274401eda9
Layer_shifting/Image_20231128161736971.jpg,Layer_shifting,Layer_shifting__20231128-155537,2023-11-28T16:17:36.971000,base,20231128161736971,False,3072,2048,3678348,982f5ee21c3edec3b9349aca13238f7f
Layer_shifting/Image_20231128161806989.jpg,Layer_shifting,Layer_shifting__20231128-155537,2023-11-28T16:18:06.989000,base,20231128161806989,False,3072,2048,3503040,5c04aa6812ca3c830c46a2c7f0b4e3f1
Layer_shifting/Image_20231128161836988.jpg,Layer_shifting,Layer_shifting__20231128-155537,2023-11-28T16:18:36.988000,base,20231128161836988,False,3072,2048,3488701,79097fa7cb1e451edd0c375ab17ee8bf
Layer_shifting/Image_20231128161906990.jpg,Layer_shifting,Layer_shifting__20231128-155537,2023-11-28T16:19:06.990000,base,20231128161906990,False,3072,2048,3494452,bd8926766b1b7524fc48c69e9e9faebe
Layer_shifting/Image_20231128161936998.jpg,Layer_shifting,Layer_shifting__20231128-155537,2023-11-28T16:19:36.998000,base,20231128161936998,False,3072,2048,3747145,74c849d7dc2ab1fb2f56f8730de1ff7d
Layer_shifting/Image_20231128162007003.jpg,Layer_shifting,Layer_shifting__20231128-155537,2023-11-28T16:20:07.003000,base,20231128162007003,False,3072,2048,3465935,567e7a60dfdf4c132bcc054bac5c789b
Layer_shifting/Image_20231128162037018_aug.jpg,Layer_shifting,Layer_shifting__20231128-155537,2023-11-28T16:20:37.018000,aug,20231128162037018,True,3072,2048,1291985,fafcbaa51c4f1b4ab75a46b7132d103f
Layer_shifting/Image_20231128162037018.jpg,Layer_shifting,Layer_shifting__20231128-155537,2023-11-28T16:20:37.018000,base,20231128162037018,False,3072,2048,3469261,d8f7108b0f2e0bf94e3a204f369d7053
Layer_shifting/Image_20231128162037018_original.jpg,Layer_shifting,Layer_shifting__20231128-155537,2023-11-28T16:20:37.018000,original,20231128162037018,True,3072,2048,1294145,08a0dce00776d7e193ba4f0e9e774232
Layer_shifting/Image_20231128162106973.jpg,Layer_shifting,Layer_shifting__20231128-155537,2023-11-28T16:21:06.973000,base,20231128162106973,False,3072,2048,3565190,0707baaa47a6e1991fa868f5a09c7361
Layer_shifting/Image_20231128162136976.jpg,Layer_shifting,Layer_shifting__20231128-155537,2023-11-28T16:21:36.976000,base,20231128162136976,False,3072,2048,3557386,56bac016ce362c7ebd16b6b164e24fc2
Layer_shifting/Image_20231128162206976.jpg,Layer_shifting,Layer_shifting__20231128-155537,2023-11-28T16:22:06.976000,base,20231128162206976,False,3072,2048,3742907,136a2dc7c603f1db1503a0a2be375e3c
Layer_shifting/Image_20231128162236982.jpg,Layer_shifting,Layer_shifting__20231128-155537,2023-11-28T16:22:36.982000,base,20231128162236982,False,3072,2048,3485518,da0c14fb05b07df487195741056d37f7
Layer_shifting/Image_20231128162307000.jpg,Layer_shifting,Layer_shifting__20231128-155537,2023-11-28T16:23:07,base,20231128162307000,False,3072,2048,3725623,25c2a014ed693e7a4db72605e9f1654e
Layer_shifting/Image_20231128162337004.jpg,Layer_shifting,Layer_shifting__20231128-155537,2023-11-28T16:23:37.004000,base,20231128162337004,False,3072,2048,3509009,fdca25938146bccd6adcdef09629375a
Layer_shifting/Image_20231128162407009.jpg,Layer_shifting,Layer_shifting__20231128-155537,2023-11-28T16:24:07.009000,base,20231128162407009,False,3072,2048,3603163,71ca434562e9e67f862f3c668fbc7c33
Layer_shifting/Image_20231128162436958.jpg,Layer_shifting,Layer_shifting__20231128-155537,2023-11-28T16:24:36.958000,base,20231128162436958,False,3072,2048,3791215,c29fdc531cc164f78a4980512878a118
Layer_shifting/Image_20231128162506970.jpg,Layer_shifting,Layer_shifting__20231128-155537,2023-11-28T16:25:06.970000,base,20231128162506970,False,3072,2048,3563539,b3507ddf307717a1270a1e8af0185162
Layer_shifting/Image_20231128162536978_aug.jpg,Layer_shifting,Layer_shifting__20231128-155537,2023-11-28T16:25:36.978000,aug,20231128162536978,True,3072,2048,1394902,3f4129d506af0d3bbd2a9a7ca3fb196c
Layer_shifting/Image_20231128162536978.jpg,Layer_shifting,Layer_shifting__20231128-155537,2023-11-28T16:25:36.978000,base,20231128162536978,False,3072,2048,3768919,553dd5243ced70afed60ebd5ea0a8fdd
Layer_shifting/Image_20231128162536978_original.jpg,Layer_shifting,Layer_shifting__20231128-155537,2023-11-28T16:25:36.978000,original,20231128162536978,True,3072,2048,1436121,427057fd3c3819f60d4fe04a39b13833
Layer_shifting/Image_20231128162606980.jpg,Layer_shifting,Layer_shifting__20231128-155537,2023-11-28T16:26:06.980000,base,20231128162606980,False,3072,2048,3527710,2eca2d9010e5bce5411274bb5a624baa
Layer_shifting/Image_20231128162636989.jpg,Layer_shifting,Layer_shifting__20231128-155537,2023-11-28T16:26:36.989000,base,20231128162636989,False,3072,2048,3518126,713710b1c6b5828de27b1693968a5140
Layer_shifting/Image_20231128162706999.jpg,Layer_shifting,Layer_shifting__20231128-155537,2023-11-28T16:27:06.999000,base,20231128162706999,False,3072,2048,3686177,8346a716ab30f01e79023b2e05e10620
Layer_shifting/Image_20231128162736997.jpg,Layer_shifting,Layer_shifting__20231128-155537,2023-11-28T16:27:36.997000,base,20231128162736997,False,3072,2048,3663505,8f4293033e64daf5b546c71adb58cd3c
Layer_shifting/Image_20231128164936977.jpg,Layer_shifting,Layer_shifting__20231128-164936,2023-11-28T16:49:36.977000,base,20231128164936977,False,3072,2048,3344029,df0bd46039a08b7e23efd312f8822f0d
Layer_shifting/Image_20231128165006980.jpg,Layer_shifting,Layer_shifting__20231128-164936,2023-11-28T16:50:06.980000,base,20231128165006980,False,3072,2048,3277294,a1c527c512db60d6c61c26ff00507910
Layer_shifting/Image_20231128165036983.jpg,Layer_shifting,Layer_shifting__20231128-164936,2023-11-28T16:50:36.983000,base,20231128165036983,False,3072,2048,3288406,26be5e8167125ffe07763f7abee734c9
Layer_shifting/Image_20231128165107001.jpg,Layer_shifting,Layer_shifting__20231128-164936,2023-11-28T16:51:07.001000,base,20231128165107001,False,3072,2048,3320852,e2d28e99300e95b632cbbf9634efbb2d
Layer_shifting/Image_20231128165137005.jpg,Layer_shifting,Layer_shifting__20231128-164936,2023-11-28T16:51:37.005000,base,20231128165137005,False,3072,2048,3435386,a9811fe0f176afa5632099078053060e
Layer_shifting/Image_20231128165207010.jpg,Layer_shifting,Layer_shifting__20231128-164936,2023-11-28T16:52:07.010000,base,20231128165207010,False,3072,2048,3310202,f49203c5754f5c5161136a892599e3ac
Layer_shifting/Image_20231128165236961.jpg,Layer_shifting,Layer_shifting__20231128-164936,2023-11-28T16:52:36.961000,base,20231128165236961,False,3072,2048,3410377,0e09acefbfd866299b54d5ea68e2ee52
Layer_shifting/Image_20231128165306962_aug.jpg,Layer_shifting,Layer_shifting__20231128-164936,2023-11-28T16:53:06.962000,aug,20231128165306962,True,3072,2048,1269633,1108e2a96a6adacd48a08456259de722
Layer_shifting/Image_20231128165306962.jpg,Layer_shifting,Layer_shifting__20231128-164936,2023-11-28T16:53:06.962000,base,20231128165306962,False,3072,2048,3420363,d8b552ddd6eb8e1ce85f238b1c317c74
Layer_shifting/Image_20231128165306962_original.jpg,Layer_shifting,Layer_shifting__20231128-164936,2023-11-28T16:53:06.962000,original,20231128165306962,True,3072,2048,1269633,1108e2a96a6adacd48a08456259de722
Layer_shifting/Image_20231128165336967.jpg,Layer_shifting,Layer_shifting__20231128-164936,2023-11-28T16:53:36.967000,base,20231128165336967,False,3072,2048,3345806,b53ed6452a5c32cf82d86d3ee17f1264
Layer_shifting/Image_20231128165406976.jpg,Layer_shifting,Layer_shifting__20231128-164936,2023-11-28T16:54:06.976000,base,20231128165406976,False,3072,2048,3409206,c5d5dac583508f11ddd00c880307b0ee
Layer_shifting/Image_20231128165436980.jpg,Layer_shifting,Layer_shifting__20231128-164936,2023-11-28T16:54:36.980000,base,20231128165436980,False,3072,2048,3417023,65583bc0aa5cafb0fa4e8fe0176a430e
Layer_shifting/Image_20231128165506990.jpg,Layer_shifting,Layer_shifting__20231128-164936,2023-11-28T16:55:06.990000,base,20231128165506990,False,3072,2048,3471283,ca667100e7ff301edfd30e43cb0700da
Layer_shifting/Image_20231128165537001.jpg,Layer_shifting,Layer_shifting__20231128-164936,2023-11-28T16:55:37.001000,base,20231128165537001,False,3072,2048,3486978,ebfed2e4d6d7bcaafded2066265f2a83
Layer_shifting/Image_20231128165607014.jpg,Layer_shifting,Layer_shifting__20231128-164936,2023-11-28T16:56:07.014000,base,20231128165607014,False,3072,2048,3398248,76e2b42511e3114622672d0170a249cf
Layer_shifting/Image_20231128165636957.jpg,Layer_shifting,Layer_shifting__20231128-164936,2023-11-28T16:56:36.957000,base,20231128165636957,False,3072,2048,3500413,f246293b99dcc340406cef7a6e6ac407
Layer_shifting/Image_20231128165706969.jpg,Layer_shifting,Layer_shifting__20231128-164936,2023-11-28T16:57:06.969000,base,20231128165706969,False,3072,2048,3445113,0f882c970735bc42a4dee576f014b91f
Layer_shifting/Image_20231128165736969.jpg,Layer_shifting,Layer_shifting__20231128-164936,2023-11-28T16:57:36.969000,base,20231128165736969,False,3072,2048,3377118,512dbe61eea4e00f9fc19d0eb298c0c5
Layer_shifting/Image_20231128165806986_aug.jpg,Layer_shifting,Layer_shifting__20231128-164936,2023-11-28T16:58:06.986000,aug,20231128165806986,True,3072,2048,1242774,d4e12e560411151d5f89da46962e633d
Layer_shifting/Image_20231128165806986.jpg,Layer_shifting,Layer_shifting__20231128-164936,2023-11-28T16:58:06.986000,base,20231128165806986,False,3072,2048,3392192,5dd36ef1a29ad817f0cb296dfa7bf3bd
Layer_shifting/Image_20231128165806986_original.jpg,Layer_shifting,Layer_shifting__20231128-164936,2023-11-28T16:58:06.986000,original,20231128165806986,True,3072,2048,1244190,af228ddff1c4326682cf1a251bc42448
Layer_shifting/Image_20231128165836982.jpg,Layer_shifting,Layer_shifting__20231128-164936,2023-11-28T16:58:36.982000,base,20231128165836982,False,3072,2048,3422557,b99e12860061813bcaa9bdaa0ae9cc1c
Layer_shifting/Image_20231128165906997.jpg,Layer_shifting,Layer_shifting__20231128-164936,2023-11-28T16:59:06.997000,base,20231128165906997,False,3072,2048,3401835,a954b77297dd705745de7a8751a30306
Layer_shifting/Image_20231128165937005.jpg,Layer_shifting,Layer_shifting__20231128-164936,2023-11-28T16:59:37.005000,base,20231128165937005,False,3072,2048,3447913,94341915bd258d340c6759b28a96f7ad
Layer_shifting/Image_20231128170007002.jpg,Layer_shifting,Layer_shifting__20231128-164936,2023-11-28T17:00:07.002000,base,20231128170007002,False,3072,2048,3540407,b2de37c3c96145dadac58ded55b24106
Layer_shifting/Image_20231128170036963.jpg,Layer_shifting,Layer_shifting__20231128-164936,2023-11-28T17:00:36.963000,base,20231128170036963,False,3072,2048,3471885,bf36a907389fc63d01295858551fd410
Layer_shifting/Image_20231128170106971.jpg,Layer_shifting,Layer_shifting__20231128-164936,2023-11-28T17:01:06.971000,base,20231128170106971,False,3072,2048,3506120,f968af335dc7087f039a9a87268c2761
Layer_shifting/Image_20231128170136974.jpg,Layer_shifting,Layer_shifting__20231128-164936,2023-11-28T17:01:36.974000,base,20231128170136974,False,3072,2048,3513548,5068a11bb786aeda493584f94dbde607
Layer_shifting/Image_20231128170206974.jpg,Layer_shifting,Layer_shifting__20231128-164936,2023-11-28T17:02:06.974000,base,20231128170206974,False,3072,2048,3462532,f3bd6f31b49978b04111a3b73a24581f
Layer_shifting/Image_20231128170236981.jpg,Layer_shifting,Layer_shifting__20231128-164936,2023-11-28T17:02:36.981000,base,20231128170236981,False,3072,2048,3556578,1b898137e2619e7354146d30c8b33b04
Layer_shifting/Image_20231128170306988_aug.jpg,Layer_shifting,Layer_shifting__20231128-164936,2023-11-28T17:03:06.988000,aug,20231128170306988,True,3072,2048,1337597,cff3481d38e4c624fac8468b4cf7e19b
Layer_shifting/Image_20231128170306988.jpg,Layer_shifting,Layer_shifting__20231128-164936,2023-11-28T17:03:06.988000,base,20231128170306988,False,3072,2048,3596351,cf7a769dfecd0089ff928c9a58ced437
Layer_shifting/Image_20231128170306988_original.jpg,Layer_shifting,Layer_shifting__20231128-164936,2023-11-28T17:03:06.988000,original,20231128170306988,True,3072,2048,1354948,8eedf1986f57ec2d5c7091f3e58d6f8f
Layer_shifting/Image_20231128170336996.jpg,Layer_shifting,Layer_shifting__20231128-164936,2023-11-28T17:03:36.996000,base,20231128170336996,False,3072,2048,3522667,cea81d365a306e646cec885135ad3f22
Layer_shifting/Image_20231128170407012.jpg,Layer_shifting,Layer_shifting__20231128-164936,2023-11-28T17:04:07.012000,base,20231128170407012,False,3072,2048,3602603,b462f8579f81e0def0d027f863e955a9
Layer_shifting/Image_20231128170436965.jpg,Layer_shifting,Layer_shifting__20231128-164936,2023-11-28T17:04:36.965000,base,20231128170436965,False,3072,2048,3600499,b0777b72d73e52607e010cc2e69a9e96
Layer_shifting/Image_20231128170506965.jpg,Layer_shifting,Layer_shifting__20231128-164936,2023-11-28T17:05:06.965000,base,20231128170506965,False,3072,2048,3553466,dcecee58d40cf9903b81fa42753121cc
Layer_shifting/Image_20231128170536972.jpg,Layer_shifting,Layer_shifting__20231128-164936,2023-11-28T17:05:36.972000,base,20231128170536972,False,3072,2048,3637917,2f6530461289f85596ac5e68b5987c68
Layer_shifting/Image_20231128170606984.jpg,Layer_shifting,Layer_shifting__20231128-164936,2023-11-28T17:06:06.984000,base,20231128170606984,False,3072,2048,3594398,60e4cd69597377763a4166491a2e9678
Layer_shifting/Image_20231128170636989.jpg,Layer_shifting,Layer_shifting__20231128-164936,2023-11-28T17:06:36.989000,base,20231128170636989,False,3072,2048,3642001,8ca54741cac446c5f0d628503b80e930
Layer_shifting/Image_20231128170706990.jpg,Layer_shifting,Layer_shifting__20231128-164936,2023-11-28T17:07:06.990000,base,20231128170706990,False,3072,2048,3699384,220367501624fdc5e3cdd4904ea123cf
Layer_shifting/Image_20231128170736998.jpg,Layer_shifting,Layer_shifting__20231128-164936,2023-11-28T17:07:36.998000,base,20231128170736998,False,3072,2048,3592819,1c84fa9ba7db7f7089147db68af9cfe9
Layer_shifting/Image_20231128170807016_aug.jpg,Layer_shifting,Layer_shifting__20231128-164936,2023-11-28T17:08:07.016000,aug,20231128170807016,True,3072,2048,1469890,599ed4deec809008e5391dc675928a6b
Layer_shifting/Image_20231128170807016.jpg,Layer_shifting,Layer_shifting__20231128-164936,2023-11-28T17:08:07.016000,base,20231128170807016,False,3072,2048,3819853,47a993dc4148aa4b699b89f156a435ec
Layer_shifting/Image_20231128170807016_original.jpg,Layer_shifting,Layer_shifting__20231128-164936,2023-11-28T17:08:07.016000,original,20231128170807016,True,3072,2048,1469890,599ed4deec809008e5391dc675928a6b
Layer_shifting/Image_20231128170837013.jpg,Layer_shifting,Layer_shifting__20231128-164936,2023-11-28T17:08:37.013000,base,20231128170837013,False,3072,2048,3657680,cfebc3f72093273283f8900598f7a687
Layer_shifting/Image_20231128170906963.jpg,Layer_shifting,Layer_shifting__20231128-164936,2023-11-28T17:09:06.963000,base,20231128170906963,False,3072,2048,3829847,5caf878c16b48451c3ee997d9b1851f9
Layer_shifting/Image_20231128170936968.jpg,Layer_shifting,Layer_shifting__20231128-164936,2023-11-28T17:09:36.968000,base,20231128170936968,False,3072,2048,3639465,b213dd18c9f909322a7605a44e28304f
Layer_shifting/Image_20231128171006985.jpg,Layer_shifting,Layer_shifting__20231128-164936,2023-11-28T17:10:06.985000,base,20231128171006985,False,3072,2048,3681613,9d11beaa0060739646454ae7a1e3e54c
Layer_shifting/Image_20231128171036981.jpg,Layer_shifting,Layer_shifting__20231128-164936,2023-11-28T17:10:36.981000,base,20231128171036981,False,3072,2048,3842457,cc3a6105a28223f6545e4116d5c0267f
Layer_shifting/Image_20231128171106992.jpg,Layer_shifting,Layer_shifting__20231128-164936,2023-11-28T17:11:06.992000,base,20231128171106992,False,3072,2048,3649951,4dbf356051865e38db33abd337e8a12e
Layer_shifting/Image_20231128171136999.jpg,Layer_shifting,Layer_shifting__20231128-164936,2023-11-28T17:11:36.999000,base,20231128171136999,False,3072,2048,3922477,e839d6b7f3023459692c469323a9b046
Layer_shifting/Image_20231128171207015.jpg,Layer_shifting,Layer_shifting__20231128-164936,2023-11-28T17:12:07.015000,base,20231128171207015,False,3072,2048,3765573,b2e30b6edf66b53321c3ee167dfcc16d
Layer_shifting/Image_20231128171237015.jpg,Layer_shifting,Layer_shifting__20231128-164936,2023-11-28T17:12:37.015000,base,20231128171237015,False,3072,2048,3821852,aef2b13a7e1c1f99f04469deed70514f
Layer_shifting/Image_20231128171306966_aug.jpg,Layer_shifting,Layer_shifting__20231128-164936,2023-11-28T17:13:06.966000,aug,20231128171306966,True,3072,2048,1350657,01b67f32d52c5d720718b690f397818b
Layer_shifting/Image_20231128171306966.jpg,Layer_shifting,Layer_shifting__20231128-164936,2023-11-28T17:13:06.966000,base,20231128171306966,False,3072,2048,3718492,8e2c6d616b94964c5f1ce96673a95a47
Layer_shifting/Image_20231128171306966_original.jpg,Layer_shifting,Layer_shifting__20231128-164936,2023-11-28T17:13:06.966000,original,20231128171306966,True,3072,2048,1419730,14117fd98a6170013fcd237268bce585
Layer_shifting/Image_20231128171336980.jpg,Layer_shifting,Layer_shifting__20231128-164936,2023-11-28T17:13:36.980000,base,20231128171336980,False,3072,2048,3755364,c3bfb0db8e2c1dff51a2970575eb3c46
Layer_shifting/Image_20231128171406988.jpg,Layer_shifting,Layer_shifting__20231128-164936,2023-11-28T17:14:06.988000,base,20231128171406988,False,3072,2048,3947234,adf32726d1baa033dd862d65ac5e40f5
Layer_shifting/Image_20231128171436987.jpg,Layer_shifting,Layer_shifting__20231128-164936,2023-11-28T17:14:36.987000,base,20231128171436987,False,3072,2048,3776266,55fe60ef1e2fbc0fad08f9a1e8cb8826
Layer_shifting/Image_20231128171506992.jpg,Layer_shifting,Layer_shifting__20231128-164936,2023-11-28T17:15:06.992000,base,20231128171506992,False,3072,2048,3927383,d67f6b795c0bb7023150069939792ce8
Layer_shifting/Image_20231128171537006.jpg,Layer_shifting,Layer_shifting__20231128-164936,2023-11-28T17:15:37.006000,base,20231128171537006,False,3072,2048,3959644,06489f396b79c7795de6f5e793542fa3
Layer_shifting/Image_20231128171607014.jpg,Layer_shifting,Layer_shifting__20231128-164936,2023-11-28T17:16:07.014000,base,20231128171607014,False,3072,2048,3798986,368bc562e2ff37d6190d8808ea93e142
Layer_shifting/Image_20231128171636957.jpg,Layer_shifting,Layer_shifting__20231128-164936,2023-11-28T17:16:36.957000,base,20231128171636957,False,3072,2048,3904363,ef315096a2ada8ae7e4166c60e5e82b4
Layer_shifting/Image_20231128171706965.jpg,Layer_shifting,Layer_shifting__20231128-164936,2023-11-28T17:17:06.965000,base,20231128171706965,False,3072,2048,3795343,47cf604e2f97ce07e77953ce65aacec5
Layer_shifting/Image_20231128171736976.jpg,Layer_shifting,Layer_shifting__20231128-164936,2023-11-28T17:17:36.976000,base,20231128171736976,False,3072,2048,3991994,00a6dea86adf64b25b66b2eeffbb50ae
Layer_shifting/Image_20231128171806982_aug.jpg,Layer_shifting,Layer_shifting__20231128-164936,2023-11-28T17:18:06.982000,aug,20231128171806982,True,3072,2048,1553813,6de2f6f706e9c5fd9c7bc3623444abec
Layer_shifting/Image_20231128171806982.jpg,Layer_shifting,Layer_shifting__20231128-164936,2023-11-28T17:18:06.982000,base,20231128171806982,False,3072,2048,3983166,42f551e28131f8587d52bdd137f396b4
Layer_shifting/Image_20231128171806982_original.jpg,Layer_shifting,Layer_shifting__20231128-164936,2023-11-28T17:18:06.982000,original,20231128171806982,True,3072,2048,1553813,6de2f6f706e9c5fd9c7bc3623444abec
Layer_shifting/Image_20231128171836988.jpg,Layer_shifting,Layer_shifting__20231128-164936,2023-11-28T17:18:36.988000,base,20231128171836988,False,3072,2048,3933316,2df9008e40ec3d8a283834aa8c5c7460
Layer_shifting/Image_20231128171907001.jpg,Layer_shifting,Layer_shifting__20231128-164936,2023-11-28T17:19:07.001000,base,20231128171907001,False,3072,2048,4062239,fbdfdc2ee7c883660133e5eebfce36b1
Layer_shifting/Image_20231128171937005.jpg,Layer_shifting,Layer_shifting__20231128-164936,2023-11-28T17:19:37.005000,base,20231128171937005,False,3072,2048,4101481,00c5adab9350fcadbb0cd3afb903af8f
Layer_shifting/Image_20231128172007013.jpg,Layer_shifting,Layer_shifting__20231128-164936,2023-11-28T17:20:07.013000,base,20231128172007013,False,3072,2048,3809961,bb2fe90cdd07991f7ec3b76f13b92ab0
Layer_shifting/Image_20231128172036965.jpg,Layer_shifting,Layer_shifting__20231128-164936,2023-11-28T17:20:36.965000,base,20231128172036965,False,3072,2048,4119813,51b620a1232dc019a5336e311263fef6
Layer_shifting/Image_20231128172106961.jpg,Layer_shifting,Layer_shifting__20231128-164936,2023-11-28T17:21:06.961000,base,20231128172106961,False,3072,2048,4087751,7d76c630d59b4c451a383f205d08fd56
Layer_shifting/Image_20231128172136967.jpg,Layer_shifting,Layer_shifting__20231128-164936,2023-11-28T17:21:36.967000,base,20231128172136967,False,3072,2048,4049564,47d9629f15a4eb06e1af491080124f7b
Layer_shifting/Image_20231128172206987.jpg,Layer_shifting,Layer_shifting__20231128-164936,2023-11-28T17:22:06.987000,base,20231128172206987,False,3072,2048,4093764,b9648df89f5ad1c8129f0d07af6c5fd7
Layer_shifting/Image_20231128172236987.jpg,Layer_shifting,Layer_shifting__20231128-164936,2023-11-28T17:22:36.987000,base,20231128172236987,False,3072,2048,3861532,11e646bce2ffc2646c1d3b9d89f54957
Layer_shifting/Image_20231128172307000_aug.jpg,Layer_shifting,Layer_shifting__20231128-164936,2023-11-28T17:23:07,aug,20231128172307000,True,3072,2048,1410200,1576b9db8e560360a4e024ff02eb8df5
Layer_shifting/Image_20231128172307000.jpg,Layer_shifting,Layer_shifting__20231128-164936,2023-11-28T17:23:07,base,20231128172307000,False,3072,2048,3859554,b2fe3c9844bf1d76f51c00591817d1d8
Layer_shifting/Image_20231128172307000_original.jpg,Layer_shifting,Layer_shifting__20231128-164936,2023-11-28T17:23:07,original,20231128172307000,True,3072,2048,1480727,6de801c85365cde9ac43f7fa20379cc4
Layer_shifting/Image_20231128172336993.jpg,Layer_shifting,Layer_shifting__20231128-164936,2023-11-28T17:23:36.993000,base,20231128172336993,False,3072,2048,4148483,83cbb973fa46d833023c4a61e5b6febf
Layer_shifting/Image_20231128172406960.jpg,Layer_shifting,Layer_shifting__20231128-164936,2023-11-28T17:24:06.960000,base,20231128172406960,False,3072,2048,4225473,55b6719bd2cb3a3c8c839016653a5db6
Layer_shifting/Image_20231128172437016.jpg,Layer_shifting,Layer_shifting__20231128-164936,2023-11-28T17:24:37.016000,base,20231128172437016,False,3072,2048,3882194,f2738eed64ab80e87201a3b4d3469c6e
Layer_shifting/Image_20231128172506961.jpg,Layer_shifting,Layer_shifting__20231128-164936,2023-11-28T17:25:06.961000,base,20231128172506961,False,3072,2048,4060392,ae0fb033101b18063acb6468e26d1cd8
Layer_shifting/Image_20231128172536980.jpg,Layer_shifting,Layer_shifting__20231128-164936,2023-11-28T17:25:36.980000,base,20231128172536980,False,3072,2048,4174045,c8b1022045b8c198d361850058b707d4
Layer_shifting/Image_20231128172606986.jpg,Layer_shifting,Layer_shifting__20231128-164936,2023-11-28T17:26:06.986000,base,20231128172606986,False,3072,2048,3924133,b2e58454a47e2d9e0b4bc37aea048223
Layer_shifting/Image_20231128172636990.jpg,Layer_shifting,Layer_shifting__20231128-164936,2023-11-28T17:26:36.990000,base,20231128172636990,False,3072,2048,4166298,e826cca1314624b6fd5c0c6a3fde8055
Layer_shifting/Image_20231128172706993.jpg,Layer_shifting,Layer_shifting__20231128-164936,2023-11-28T17:27:06.993000,base,20231128172706993,False,3072,2048,3950254,b57e3ba791bf00c76f2942c439317275
Layer_shifting/Image_20231128172737005.jpg,Layer_shifting,Layer_shifting__20231128-164936,2023-11-28T17:27:37.005000,base,20231128172737005,False,3072,2048,3929808,2cad3e5288acdbeb77b3244f953dd9e9
Layer_shifting/Image_20231128172806959_aug.jpg,Layer_shifting,Layer_shifting__20231128-164936,2023-11-28T17:28:06.959000,aug,20231128172806959,True,3072,2048,1615681,ecea6b7e9b27725dffefa62e33ced4b6
Layer_shifting/Image_20231128172806959.jpg,Layer_shifting,Layer_shifting__20231128-164936,2023-11-28T17:28:06.959000,base,20231128172806959,False,3072,2048,4108464,3a1ca8fb3e867990280954bfb2ea477d
Layer_shifting/Image_20231128172806959_original.jpg,Layer_shifting,Layer_shifting__20231128-164936,2023-11-28T17:28:06.959000,original,20231128172806959,True,3072,2048,1617422,9ed91490621de3fc4040821b96992509
Layer_shifting/Image_20231128172836960.jpg,Layer_shifting,Layer_shifting__20231128-164936,2023-11-28T17:28:36.960000,base,20231128172836960,False,3072,2048,4020350,4097c3bd7f51354d61eb0e7d032b7eb4
Layer_shifting/Image_20231128175536993.jpg,Layer_shifting,Layer_shifting__20231128-175536,2023-11-28T17:55:36.993000,base,20231128175536993,False,3072,2048,3405269,18d787d949d1da8cf52cdf2c945edc36
Layer_shifting/Image_20231128175607011.jpg,Layer_shifting,Layer_shifting__20231128-175536,2023-11-28T17:56:07.011000,base,20231128175607011,False,3072,2048,3474980,74379be2565a664f2a4a316534dfa955
Layer_shifting/Image_20231128175637020.jpg,Layer_shifting,Layer_shifting__20231128-175536,2023-11-28T17:56:37.020000,base,20231128175637020,False,3072,2048,3413365,108e1c181873cd46f2f821dbe1195bff
Layer_shifting/Image_20231128175706971.jpg,Layer_shifting,Layer_shifting__20231128-175536,2023-11-28T17:57:06.971000,base,20231128175706971,False,3072,2048,3429566,857a00b44411b1fbdc1ab2e642a1973b
Layer_shifting/Image_20231128175736966.jpg,Layer_shifting,Layer_shifting__20231128-175536,2023-11-28T17:57:36.966000,base,20231128175736966,False,3072,2048,3413400,6e37fc33c724fc151e3a6e25f89c7631
Layer_shifting/Image_20231128175806980.jpg,Layer_shifting,Layer_shifting__20231128-175536,2023-11-28T17:58:06.980000,base,20231128175806980,False,3072,2048,3522634,7e5fd0a44a6005610784a172be9c1bef
Layer_shifting/Image_20231128175836982.jpg,Layer_shifting,Layer_shifting__20231128-175536,2023-11-28T17:58:36.982000,base,20231128175836982,False,3072,2048,3435532,c95cdcdd127b3b7beb3125e62f6beb99
Layer_shifting/Image_20231128175906997.jpg,Layer_shifting,Layer_shifting__20231128-175536,2023-11-28T17:59:06.997000,base,20231128175906997,False,3072,2048,3445123,354a1e05b2eb3842900990528340ffdd
Layer_shifting/Image_20231128175936990.jpg,Layer_shifting,Layer_shifting__20231128-175536,2023-11-28T17:59:36.990000,base,20231128175936990,False,3072,2048,3536339,bf78c3d435c866b748b45dc8caa0ae9b
Layer_shifting/Image_20231128180007009.jpg,Layer_shifting,Layer_shifting__20231128-175536,2023-11-28T18:00:07.009000,base,20231128180007009,False,3072,2048,3501306,81a7c56c397ea1447d09aea69e9a8022
Layer_shifting/Image_20231128180037011_aug.jpg,Layer_shifting,Layer_shifting__20231128-175536,2023-11-28T18:00:37.011000,aug,20231128180037011,True,3072,2048,1308636,97c8a8030a05952fc7e683d21a962d9f
Layer_shifting/Image_20231128180037011.jpg,Layer_shifting,Layer_shifting__20231128-175536,2023-11-28T18:00:37.011000,base,20231128180037011,False,3072,2048,3508200,981b749477fe3ea57c596a0208c92d99
Layer_shifting/Image_20231128180037011_original.jpg,Layer_shifting,Layer_shifting__20231128-175536,2023-11-28T18:00:37.011000,original,20231128180037011,True,3072,2048,1309609,52e68af6f769923cf2d6ca5f532eca0b
Layer_shifting/Image_20231128180106963.jpg,Layer_shifting,Layer_shifting__20231128-175536,2023-11-28T18:01:06.963000,base,20231128180106963,False,3072,2048,3493598,a57c3e644d3a6a17490f1cc560e70e7f
Layer_shifting/Image_20231128180136968.jpg,Layer_shifting,Layer_shifting__20231128-175536,2023-11-28T18:01:36.968000,base,20231128180136968,False,3072,2048,3584629,e5b0091485c6901d7b0393f37edcb5af
Layer_shifting/Image_20231128180206983.jpg,Layer_shifting,Layer_shifting__20231128-175536,2023-11-28T18:02:06.983000,base,20231128180206983,False,3072,2048,3503875,e24d6d95887e9f2170e73f4effd18ed6
Layer_shifting/Image_20231128180236982.jpg,Layer_shifting,Layer_shifting__20231128-175536,2023-11-28T18:02:36.982000,base,20231128180236982,False,3072,2048,3527315,f6c78b10d3cbda06f8dbec8c7b059fab
Layer_shifting/Image_20231128180306991.jpg,Layer_shifting,Layer_shifting__20231128-175536,2023-11-28T18:03:06.991000,base,20231128180306991,False,3072,2048,3617408,182a786792eb19ae49db1d6972584695
Layer_shifting/Image_20231128180336958.jpg,Layer_shifting,Layer_shifting__20231128-175536,2023-11-28T18:03:36.958000,base,20231128180336958,False,3072,2048,3517511,04ac7ac492ec331912787efcac3b2724
Layer_shifting/Image_20231128180406958.jpg,Layer_shifting,Layer_shifting__20231128-175536,2023-11-28T18:04:06.958000,base,20231128180406958,False,3072,2048,3522773,6e78df2d7920a073f4c9534493d04d72
Layer_shifting/Image_20231128180436960.jpg,Layer_shifting,Layer_shifting__20231128-175536,2023-11-28T18:04:36.960000,base,20231128180436960,False,3072,2048,3611441,e443209346f0df1d5b7d3e1cc801691e
Layer_shifting/Image_20231128180506971.jpg,Layer_shifting,Layer_shifting__20231128-175536,2023-11-28T18:05:06.971000,base,20231128180506971,False,3072,2048,3643674,987645dfca2c5e0bab42852a201fb14a
Layer_shifting/Image_20231128180536973_aug.jpg,Layer_shifting,Layer_shifting__20231128-175536,2023-11-28T18:05:36.973000,aug,20231128180536973,True,3072,2048,1399371,97a808e4817ed54e4184db544e414a3b
Layer_shifting/Image_20231128180536973.jpg,Layer_shifting,Layer_shifting__20231128-175536,2023-11-28T18:05:36.973000,base,20231128180536973,False,3072,2048,3686225,c94fd33ae068e9aece24ca80b114d92d
Layer_shifting/Image_20231128180536973_original.jpg,Layer_shifting,Layer_shifting__20231128-175536,2023-11-28T18:05:36.973000,original,20231128180536973,True,3072,2048,1400515,84691e34c56bd75953c44e849015c3bc
Layer_shifting/Image_20231128180606970.jpg,Layer_shifting,Layer_shifting__20231128-175536,2023-11-28T18:06:06.970000,base,20231128180606970,False,3072,2048,3595415,4463b1de90e56e042d8decfab151a695
Layer_shifting/Image_20231128180636984.jpg,Layer_shifting,Layer_shifting__20231128-175536,2023-11-28T18:06:36.984000,base,20231128180636984,False,3072,2048,3660743,b75f5498d0485e09374421b35cdbbd9c
Layer_shifting/Image_20231128180706993.jpg,Layer_shifting,Layer_shifting__20231128-175536,2023-11-28T18:07:06.993000,base,20231128180706993,False,3072,2048,3620823,f0c5ea0d07c3c27f138243bef425a27e
Layer_shifting/Image_20231128180736993.jpg,Layer_shifting,Layer_shifting__20231128-175536,2023-11-28T18:07:36.993000,base,20231128180736993,False,3072,2048,3715390,cd59eea5c62f3747f14bb05afff06c65
Layer_shifting/Image_20231128180806957.jpg,Layer_shifting,Layer_shifting__20231128-175536,2023-11-28T18:08:06.957000,base,20231128180806957,False,3072,2048,3635350,d4a2d767ee905f75682aed68f1a3b8d5
Layer_shifting/Image_20231128180836963.jpg,Layer_shifting,Layer_shifting__20231128-175536,2023-11-28T18:08:36.963000,base,20231128180836963,False,3072,2048,3795060,ad8a10e7d5731a28b96ae2494069167d
Layer_shifting/Image_20231128180906964.jpg,Layer_shifting,Layer_shifting__20231128-175536,2023-11-28T18:09:06.964000,base,20231128180906964,False,3072,2048,3795514,f94e95f6af9cf42c611d23c263bf6119
Layer_shifting/Image_20231128180936975.jpg,Layer_shifting,Layer_shifting__20231128-175536,2023-11-28T18:09:36.975000,base,20231128180936975,False,3072,2048,3710382,14b5bb82434c16def036f6fca115749d
Layer_shifting/Image_20231128181006986.jpg,Layer_shifting,Layer_shifting__20231128-175536,2023-11-28T18:10:06.986000,base,20231128181006986,False,3072,2048,3759524,40a833633144d040ea9e5bd2c5aed96d
Layer_shifting/Image_20231128181036980_aug.jpg,Layer_shifting,Layer_shifting__20231128-175536,2023-11-28T18:10:36.980000,aug,20231128181036980,True,3072,2048,1470214,58c4129a8d8453ded2f2b4c46d1bf408
Layer_shifting/Image_20231128181036980.jpg,Layer_shifting,Layer_shifting__20231128-175536,2023-11-28T18:10:36.980000,base,20231128181036980,False,3072,2048,3800295,42fcb84850c7bbc81a4c6c5e7ed6b3a2
Layer_shifting/Image_20231128181036980_original.jpg,Layer_shifting,Layer_shifting__20231128-175536,2023-11-28T18:10:36.980000,original,20231128181036980,True,3072,2048,1470214,58c4129a8d8453ded2f2b4c46d1bf408
Layer_shifting/Image_20231128181106991.jpg,Layer_shifting,Layer_shifting__20231128-175536,2023-11-28T18:11:06.991000,base,20231128181106991,False,3072,2048,3693670,9180340121648c0d13f105c020a422d8
Layer_shifting/Image_20231128181136998.jpg,Layer_shifting,Layer_shifting__20231128-175536,2023-11-28T18:11:36.998000,base,20231128181136998,False,3072,2048,3893063,852296ff921d56f93c661f8a3b0b82db
Layer_shifting/Image_20231128181207010.jpg,Layer_shifting,Layer_shifting__20231128-175536,2023-11-28T18:12:07.010000,base,20231128181207010,False,3072,2048,3675726,b3df77ee83a96cad8746d46ff12833cf
Layer_shifting/Image_20231128181236962.jpg,Layer_shifting,Layer_shifting__20231128-175536,2023-11-28T18:12:36.962000,base,20231128181236962,False,3072,2048,3858276,820a675831814058f6dbff1911173d29
Layer_shifting/Image_20231128181306957.jpg,Layer_shifting,Layer_shifting__20231128-175536,2023-11-28T18:13:06.957000,base,20231128181306957,False,3072,2048,3706322,196fea4700a3dacb18e05a9dc53dc9ac
Layer_shifting/Image_20231128181336972.jpg,Layer_shifting,Layer_shifting__20231128-175536,2023-11-28T18:13:36.972000,base,20231128181336972,False,3072,2048,3943492,f181aee5ea9a4e66cd2b923d8300ad45
Layer_shifting/Image_20231128181406974.jpg,Layer_shifting,Layer_shifting__20231128-175536,2023-11-28T18:14:06.974000,base,20231128181406974,False,3072,2048,3820761,2e86d3ed9cd011b4103a5c2d26ccfeb5
Layer_shifting/Image_20231128181436979.jpg,Layer_shifting,Layer_shifting__20231128-175536,2023-11-28T18:14:36.979000,base,20231128181436979,False,3072,2048,3769536,34748853a8a3d26d39ff79ab6a73a6a4
Layer_shifting/Image_20231128181506990.jpg,Layer_shifting,Layer_shifting__20231128-175536,2023-11-28T18:15:06.990000,base,20231128181506990,False,3072,2048,3924020,c51f1ef67875f44484b80c98c7c0aaaf
Layer_shifting/Image_20231128181537005_aug.jpg,Layer_shifting,Layer_shifting__20231128-175536,2023-11-28T18:15:37.005000,aug,20231128181537005,True,3072,2048,1416220,b4bdcad144bf8110d4376bf8188e0635
Layer_shifting/Image_20231128181537005.jpg,Layer_shifting,Layer_shifting__20231128-175536,2023-11-28T18:15:37.005000,base,20231128181537005,False,3072,2048,3743332,4e0d0b5081e557d5b187c639a1fe46dc
Layer_shifting/Image_20231128181607001.jpg,Layer_shifting,Layer_shifting__20231128-175536,2023-11-28T18:16:07.001000,base,20231128181607001,False,3072,2048,3898892,c191fd31f3572a9ac5950c7ad78ceae2
Layer_shifting/Image_20231128181637016.jpg,Layer_shifting,Layer_shifting__20231128-175536,2023-11-28T18:16:37.016000,base,20231128181637016,False,3072,2048,3798687,9a797b9955d04bca19e32e4a037db43e
Layer_shifting/Image_20231128181706958.jpg,Layer_shifting,Layer_shifting__20231128-175536,2023-11-28T18:17:06.958000,base,20231128181706958,False,3072,2048,3957598,869beb906c43935d1e6655aff5211f61
Layer_shifting/Image_20231128181736973.jpg,Layer_shifting,Layer_shifting__20231128-175536,2023-11-28T18:17:36.973000,base,20231128181736973,False,3072,2048,3829036,488ee9e93da7af8c5f466f5519c415a6
Layer_shifting/Image_20231128181806977.jpg,Layer_shifting,Layer_shifting__20231128-175536,2023-11-28T18:18:06.977000,base,20231128181806977,False,3072,2048,3874500,18e6ed1e6f1c6ba531477d6be0f3cf7e
Layer_shifting/Image_20231128181836981.jpg,Layer_shifting,Layer_shifting__20231128-175536,2023-11-28T18:18:36.981000,base,20231128181836981,False,3072,2048,3814014,1c107774a8fa992d2e9a1f0e3d74017c
Layer_shifting/Image_20240118144155178.jpg,Layer_shifting,Layer_shifting__20240118-144155,2024-01-18T14:41:55.178000,base,20240118144155178,False,3072,2048,3001403,3bf2526f235e7633c856ad07c6c49836
Layer_shifting/Image_20240118144225177.jpg,Layer_shifting,Layer_shifting__20240118-144155,2024-01-18T14:42:25.177000,base,20240118144225177,False,3072,2048,3373505,1edf970f0cb6a7f20c1751a09d7cb33f
Layer_shifting/Image_20240118144255186.jpg,Layer_shifting,Layer_shifting__20240118-144155,2024-01-18T14:42:55.186000,base,20240118144255186,False,3072,2048,3217860,6b3e73218c6f166ac0eeba402a85d0de
Layer_shifting/Image_20240118144325140.jpg,Layer_shifting,Layer_shifting__20240118-144155,2024-01-18T14:43:25.140000,base,20240118144325140,False,3072,2048,3159632,b0549cd2cdf31705350f1b1adac91d3d
Layer_shifting/Image_20240118144355143.jpg,Layer_shifting,Layer_shifting__20240118-144155,2024-01-18T14:43:55.143000,base,20240118144355143,False,3072,2048,3181562,1751bf2cb1f0c88c43d393657396c235
Layer_shifting/Image_20240118144425148.jpg,Layer_shifting,Layer_shifting__20240118-144155,2024-01-18T14:44:25.148000,base,20240118144425148,False,3072,2048,3091372,8002e4a943a1367fc9ebc59387b1a0c8
Layer_shifting/Image_20240118144455154.jpg,Layer_shifting,Layer_shifting__20240118-144155,2024-01-18T14:44:55.154000,base,20240118144455154,False,3072,2048,3201031,e0656ccc4aaacfa27b44c9916671cc0f
Layer_shifting/Image_20240118144525160.jpg,Layer_shifting,Layer_shifting__20240118-144155,2024-01-18T14:45:25.160000,base,20240118144525160,False,3072,2048,3225102,7f72ba2c18668699938b3f47ddfd850a
Layer_shifting/Image_20240118144555176.jpg,Layer_shifting,Layer_shifting__20240118-144155,2024-01-18T14:45:55.176000,base,20240118144555176,False,3072,2048,3043996,ec3f6e0e50ad6129d4e79dac7dfcd04a
Layer_shifting/Image_20240118144625175.jpg,Layer_shifting,Layer_shifting__20240118-144155,2024-01-18T14:46:25.175000,base,20240118144625175,False,3072,2048,3349169,2341bb49b5db1c2f3e809c94ca5ab54f
Layer_shifting/Image_20240118144655140.jpg,Layer_shifting,Layer_shifting__20240118-144155,2024-01-18T14:46:55.140000,base,20240118144655140,False,3072,2048,3164508,958507dbb7b6c7e9cbd319c1df62ea64
Layer_shifting/Image_20240118144725142.jpg,Layer_shifting,Layer_shifting__20240118-144155,2024-01-18T14:47:25.142000,base,20240118144725142,False,3072,2048,3096551,899c9a4e77bc235b47ed612ae234e632
Layer_shifting/Image_20240118144755139.jpg,Layer_shifting,Layer_shifting__20240118-144155,2024-01-18T14:47:55.139000,base,20240118144755139,False,3072,2048,3294253,7eb5ea15199d3add1b1982efc3c311d2
Layer_shifting/Image_20240118144825145.jpg,Layer_shifting,Layer_shifting__20240118-144155,2024-01-18T14:48:25.145000,base,20240118144825145,False,3072,2048,3211319,058e5cfb0a40db91331b2f90aa12628f
Layer_shifting/Image_20240118144855160.jpg,Layer_shifting,Layer_shifting__20240118-144155,2024-01-18T14:48:55.160000,base,20240118144855160,False,3072,2048,3085771,3b6ff1766fcbe46e9bfc6787b2ca4e32
Layer_shifting/Image_20240118144925169.jpg,Layer_shifting,Layer_shifting__20240118-144155,2024-01-18T14:49:25.169000,base,20240118144925169,False,3072,2048,3129799,5270f283d72befe3efc4f0713c4de170
Layer_shifting/Image_20240118144955170.jpg,Layer_shifting,Layer_shifting__20240118-144155,2024-01-18T14:49:55.170000,base,20240118144955170,False,3072,2048,3100172,ef6b19eec676fc68eb29a76b35e525cd
Layer_shifting/Image_20240118145025183.jpg,Layer_shifting,Layer_shifting__20240118-144155,2024-01-18T14:50:25.183000,base,20240118145025183,False,3072,2048,3072476,7d17b5e25b16d4915703099f67b9c547
Layer_shifting/Image_20240118145055185.jpg,Layer_shifting,Layer_shifting__20240118-144155,2024-01-18T14:50:55.185000,base,20240118145055185,False,3072,2048,3190252,f8d2495ca979030f290410dd27578708
Layer_shifting/Image_20240118145125198.jpg,Layer_shifting,Layer_shifting__20240118-144155,2024-01-18T14:51:25.198000,base,20240118145125198,False,3072,2048,3252380,f04bab4fcd84637558929bbea1b05ec1
Layer_shifting/Image_20240118145155147.jpg,Layer_shifting,Layer_shifting__20240118-144155,2024-01-18T14:51:55.147000,base,20240118145155147,False,3072,2048,3336884,b0df68967a20bb83845b2f086777716b
Layer_shifting/Image_20240118145225149.jpg,Layer_shifting,Layer_shifting__20240118-144155,2024-01-18T14:52:25.149000,base,20240118145225149,False,3072,2048,3099542,8872fe78c413a4a5ff27269cd390c088
Layer_shifting/Image_20240118145255163.jpg,Layer_shifting,Layer_shifting__20240118-144155,2024-01-18T14:52:55.163000,base,20240118145255163,False,3072,2048,3270000,9c970abaf06b265b0b1b11891bc23e8e
Layer_shifting/Image_20240118145325155.jpg,Layer_shifting,Layer_shifting__20240118-144155,2024-01-18T14:53:25.155000,base,20240118145325155,False,3072,2048,3110754,16d3dd3d0e07af13020f23707cc8fb86
Layer_shifting/Image_20240118145355171.jpg,Layer_shifting,Layer_shifting__20240118-144155,2024-01-18T14:53:55.171000,base,20240118145355171,False,3072,2048,3114688,992064321af6cd7b584ffce8d6cbaff2
Layer_shifting/Image_20240118145425174.jpg,Layer_shifting,Layer_shifting__20240118-144155,2024-01-18T14:54:25.174000,base,20240118145425174,False,3072,2048,3166775,f82e701f5b855bfae45b52a2e4113cf1
Layer_shifting/Image_20240118145455183.jpg,Layer_shifting,Layer_shifting__20240118-144155,2024-01-18T14:54:55.183000,base,20240118145455183,False,3072,2048,3226214,4b8f66dc7e1dcf2be7a4063a9baada05
Layer_shifting/Image_20240118145525194.jpg,Layer_shifting,Layer_shifting__20240118-144155,2024-01-18T14:55:25.194000,base,20240118145525194,False,3072,2048,3227725,3fb02dec972314731841c8a4ef3fd0f5
Layer_shifting/Image_20240118145555200.jpg,Layer_shifting,Layer_shifting__20240118-144155,2024-01-18T14:55:55.200000,base,20240118145555200,False,3072,2048,3128359,33c8167ea3db23f6cc7b004d759a5329
Layer_shifting/Image_20240118145625151.jpg,Layer_shifting,Layer_shifting__20240118-144155,2024-01-18T14:56:25.151000,base,20240118145625151,False,3072,2048,3124785,2ce6f032d3b3121af7fbe01471ab13b1
Layer_shifting/Image_20240118145655150.jpg,Layer_shifting,Layer_shifting__20240118-144155,2024-01-18T14:56:55.150000,base,20240118145655150,False,3072,2048,3214887,ef1ba5aa87de5a03c522bd12f9e79836
Layer_shifting/Image_20240118145725166.jpg,Layer_shifting,Layer_shifting__20240118-144155,2024-01-18T14:57:25.166000,base,20240118145725166,False,3072,2048,3222622,4e57aaede887867024718c8a0c570f6a
Layer_shifting/Image_20240118145755165.jpg,Layer_shifting,Layer_shifting__20240118-144155,2024-01-18T14:57:55.165000,base,20240118145755165,False,3072,2048,3108030,2f4890efbd6eb6379083e32618e3e06d
Layer_shifting/Image_20240118145825177.jpg,Layer_shifting,Layer_shifting__20240118-144155,2024-01-18T14:58:25.177000,base,20240118145825177,False,3072,2048,3144362,02e291a3e058f323062a89dfa481de06
Layer_shifting/Image_20240118145855187.jpg,Layer_shifting,Layer_shifting__20240118-144155,2024-01-18T14:58:55.187000,base,20240118145855187,False,3072,2048,3211705,81f526d383d05193d185bd72f056ab28
Layer_shifting/Image_20240118145925190.jpg,Layer_shifting,Layer_shifting__20240118-144155,2024-01-18T14:59:25.190000,base,20240118145925190,False,3072,2048,3315029,18a11f257358b100b2ee44c863ab8b31
Layer_shifting/Image_20240118145955145.jpg,Layer_shifting,Layer_shifting__20240118-144155,2024-01-18T14:59:55.145000,base,20240118145955145,False,3072,2048,3126498,216c5ac7d2b9922ae352476c37bb930b
Layer_shifting/Image_20240118150025139.jpg,Layer_shifting,Layer_shifting__20240118-144155,2024-01-18T15:00:25.139000,base,20240118150025139,False,3072,2048,3116805,dd2304447c8f6e9c970b6e59433a059c
Layer_shifting/Image_20240118150055143.jpg,Layer_shifting,Layer_shifting__20240118-144155,2024-01-18T15:00:55.143000,base,20240118150055143,False,3072,2048,3178159,4b443acad448f0a6b2c27095deb8c270
Layer_shifting/Image_20240118150125152.jpg,Layer_shifting,Layer_shifting__20240118-144155,2024-01-18T15:01:25.152000,base,20240118150125152,False,3072,2048,3199058,234457b361d3eee8a85f00d9d1fb8497
Layer_shifting/Image_20240118150155160.jpg,Layer_shifting,Layer_shifting__20240118-144155,2024-01-18T15:01:55.160000,base,20240118150155160,False,3072,2048,3141407,330b80f0fe5450cf318f9efdd5f11b3b
Layer_shifting/Image_20240118150225178.jpg,Layer_shifting,Layer_shifting__20240118-144155,2024-01-18T15:02:25.178000,base,20240118150225178,False,3072,2048,3171086,14c2f7451fc660776b0ea1f22258f108
Layer_shifting/Image_20240118150255183.jpg,Layer_shifting,Layer_shifting__20240118-144155,2024-01-18T15:02:55.183000,base,20240118150255183,False,3072,2048,3161271,d264d8cb881bd4b7c4b625b01f9c95c7
Layer_shifting/Image_20240118150325181.jpg,Layer_shifting,Layer_shifting__20240118-144155,2024-01-18T15:03:25.181000,base,20240118150325181,False,3072,2048,3176504,0c3bf35ae45fe41925d647cc3117c05f
Layer_shifting/Image_20240118150355142.jpg,Layer_shifting,Layer_shifting__20240118-144155,2024-01-18T15:03:55.142000,base,20240118150355142,False,3072,2048,3161528,0505001549fb1ce324618911356ff84e
Layer_shifting/Image_20240118150425198.jpg,Layer_shifting,Layer_shifting__20240118-144155,2024-01-18T15:04:25.198000,base,20240118150425198,False,3072,2048,3173199,3e1dc0c615a6aac7f507e47bdc9f1a6d
Layer_shifting/Image_20240118150455156.jpg,Layer_shifting,Layer_shifting__20240118-144155,2024-01-18T15:04:55.156000,base,20240118150455156,False,3072,2048,3245620,9914a84734d24f3ce07f06a329fbf056
Layer_shifting/Image_20240118150525161.jpg,Layer_shifting,Layer_shifting__20240118-144155,2024-01-18T15:05:25.161000,base,20240118150525161,False,3072,2048,3195132,b08a14402758e7bdce988f57aaeb8bfe
Layer_shifting/Image_20240118150555165.jpg,Layer_shifting,Layer_shifting__20240118-144155,2024-01-18T15:05:55.165000,base,20240118150555165,False,3072,2048,3198918,f78458699180ec2f6902db72df84b7b2
Layer_shifting/Image_20240118150625167.jpg,Layer_shifting,Layer_shifting__20240118-144155,2024-01-18T15:06:25.167000,base,20240118150625167,False,3072,2048,3202540,8cf43e947cecd2278b6dd0b660dd73a6
Layer_shifting/Image_20240118150655171.jpg,Layer_shifting,Layer_shifting__20240118-144155,2024-01-18T15:06:55.171000,base,20240118150655171,False,3072,2048,3208255,dcedc840d2aa2db741f304e46414ab51
Layer_shifting/Image_20240118150725177.jpg,Layer_shifting,Layer_shifting__20240118-144155,2024-01-18T15:07:25.177000,base,20240118150725177,False,3072,2048,3238766,d315988680278c9b918df93f91d5a02e
Layer_shifting/Image_20240118150755190.jpg,Layer_shifting,Layer_shifting__20240118-144155,2024-01-18T15:07:55.190000,base,20240118150755190,False,3072,2048,3186278,b1f9c1f988206f72515ab85df4e13a0b
Layer_shifting/Image_20240118150825199.jpg,Layer_shifting,Layer_shifting__20240118-144155,2024-01-18T15:08:25.199000,base,20240118150825199,False,3072,2048,3195587,ba388eea9c1edbb9f56525072a5c0006
Layer_shifting/Image_20240118150855150.jpg,Layer_shifting,Layer_shifting__20240118-144155,2024-01-18T15:08:55.150000,base,20240118150855150,False,3072,2048,3229584,7c8738c506b3539d28a6da25ffd052b9
Layer_shifting/Image_20240118150925151.jpg,Layer_shifting,Layer_shifting__20240118-144155,2024-01-18T15:09:25.151000,base,20240118150925151,False,3072,2048,3151514,c650b14ca6bf52511e71e9791a96b737
Layer_shifting/Image_20240118150955152.jpg,Layer_shifting,Layer_shifting__20240118-144155,2024-01-18T15:09:55.152000,base,20240118150955152,False,3072,2048,3194910,3d2815c20cfc15a9200ea22bd7b5984c
Layer_shifting/Image_20240118151025162.jpg,Layer_shifting,Layer_shifting__20240118-144155,2024-01-18T15:10:25.162000,base,20240118151025162,False,3072,2048,3202879,15ffafd2935ac0cc285ca3dff5501048
Layer_shifting/Image_20240118151055169.jpg,Layer_shifting,Layer_shifting__20240118-144155,2024-01-18T15:10:55.169000,base,20240118151055169,False,3072,2048,3259662,1177988817abf19d3e9474321fd347bf
Layer_shifting/Image_20240118151125182.jpg,Layer_shifting,Layer_shifting__20240118-144155,2024-01-18T15:11:25.182000,base,20240118151125182,False,3072,2048,3166388,44d23ae21a90aac9cb45d2c41168e52f
Layer_shifting/Image_20240118151155180.jpg,Layer_shifting,Layer_shifting__20240118-144155,2024-01-18T15:11:55.180000,base,20240118151155180,False,3072,2048,3173208,6f18946cf71350d7ac877d11aa08dd55
Layer_shifting/Image_20240118151225185.jpg,Layer_shifting,Layer_shifting__20240118-144155,2024-01-18T15:12:25.185000,base,20240118151225185,False,3072,2048,3181147,b812fa195d99fcdac1174e27aeb58acf
Layer_shifting/Image_20240118151255142.jpg,Layer_shifting,Layer_shifting__20240118-144155,2024-01-18T15:12:55.142000,base,20240118151255142,False,3072,2048,3255665,ccf8b75710c2a51d7d295789a8d4ab8c
Layer_shifting/Image_20240118151325158.jpg,Layer_shifting,Layer_shifting__20240118-144155,2024-01-18T15:13:25.158000,base,20240118151325158,False,3072,2048,3230682,9918e5db0f22a4351b3fd00e2c80efa8
Layer_shifting/Image_20240118151355155.jpg,Layer_shifting,Layer_shifting__20240118-144155,2024-01-18T15:13:55.155000,base,20240118151355155,False,3072,2048,3268191,9491529f99396c7d705296dd1b917450
Layer_shifting/Image_20240118151425174.jpg,Layer_shifting,Layer_shifting__20240118-144155,2024-01-18T15:14:25.174000,base,20240118151425174,False,3072,2048,3585842,c54f115ec418ed32faf498b09772487f
Layer_shifting/Image_20240118151455176.jpg,Layer_shifting,Layer_shifting__20240118-144155,2024-01-18T15:14:55.176000,base,20240118151455176,False,3072,2048,3452991,818637abfa06554ab4c2d5fd7acf1434
Layer_shifting/Image_20240118151525171.jpg,Layer_shifting,Layer_shifting__20240118-144155,2024-01-18T15:15:25.171000,base,20240118151525171,False,3072,2048,3723642,152b57d4a20dd5297119f87d7a1ebd2b
Layer_shifting/Image_20240118151555181.jpg,Layer_shifting,Layer_shifting__20240118-144155,2024-01-18T15:15:55.181000,base,20240118151555181,False,3072,2048,3433814,752d01d0162b4442b5131a9d5dcabd9b
Layer_shifting/Image_20240118151625141.jpg,Layer_shifting,Layer_shifting__20240118-144155,2024-01-18T15:16:25.141000,base,20240118151625141,False,3072,2048,3536531,01a89ad1b8c55d06a769bb4adba8c68b
Layer_shifting/Image_20240118151655145.jpg,Layer_shifting,Layer_shifting__20240118-144155,2024-01-18T15:16:55.145000,base,20240118151655145,False,3072,2048,3641232,92df94950144db1a92fcfa5b66ba5cae
Layer_shifting/Image_20240118151725155.jpg,Layer_shifting,Layer_shifting__20240118-144155,2024-01-18T15:17:25.155000,base,20240118151725155,False,3072,2048,3428271,071cf119cfcca14750ebf55d1825b4de
Layer_shifting/Image_20240118151755164.jpg,Layer_shifting,Layer_shifting__20240118-144155,2024-01-18T15:17:55.164000,base,20240118151755164,False,3072,2048,3512372,4cf9da1cc366f93e22009c2a1ff8c568
Layer_shifting/Image_20240118151825178.jpg,Layer_shifting,Layer_shifting__20240118-144155,2024-01-18T15:18:25.178000,base,20240118151825178,False,3072,2048,3770412,27dfe6099e4f26e86f02f1e07b13be1a
Layer_shifting/Image_20240118151855177.jpg,Layer_shifting,Layer_shifting__20240118-144155,2024-01-18T15:18:55.177000,base,20240118151855177,False,3072,2048,3484226,8793be639131b7843a40dc8f3df9ba6c
Layer_shifting/Image_20240118151925168.jpg,Layer_shifting,Layer_shifting__20240118-144155,2024-01-18T15:19:25.168000,base,20240118151925168,False,3072,2048,3317893,2f542a19558a1cce08d5c7afcd844ea9
Layer_shifting/Image_20240118154755176.jpg,Layer_shifting,Layer_shifting__20240118-154755,2024-01-18T15:47:55.176000,base,20240118154755176,False,3072,2048,3346565,39a3fc2e20eb5344511bfaf48717ecf3
Layer_shifting/Image_20240118154825172.jpg,Layer_shifting,Layer_shifting__20240118-154755,2024-01-18T15:48:25.172000,base,20240118154825172,False,3072,2048,3628028,f6377744629f25e935f75f0d699b8a4e
Layer_shifting/Image_20240118154855184.jpg,Layer_shifting,Layer_shifting__20240118-154755,2024-01-18T15:48:55.184000,base,20240118154855184,False,3072,2048,3482607,f9d1e8ebbf7384fe98c6d2c5b047c8b4
Layer_shifting/Image_20240118154925186.jpg,Layer_shifting,Layer_shifting__20240118-154755,2024-01-18T15:49:25.186000,base,20240118154925186,False,3072,2048,3346410,dce0f6687f1eb32cf3d6f5cfd7ec4802
Layer_shifting/Image_20240118154955199.jpg,Layer_shifting,Layer_shifting__20240118-154755,2024-01-18T15:49:55.199000,base,20240118154955199,False,3072,2048,3591568,bccb44633eb13354aaa4a032eb7bf0bb
Layer_shifting/Image_20240118155025146.jpg,Layer_shifting,Layer_shifting__20240118-154755,2024-01-18T15:50:25.146000,base,20240118155025146,False,3072,2048,3306291,08608bca3f7840e4167adeba74305d7e
Layer_shifting/Image_20240118155055161.jpg,Layer_shifting,Layer_shifting__20240118-154755,2024-01-18T15:50:55.161000,base,20240118155055161,False,3072,2048,3668164,263c50e659b9d00942e743d77e5db29e
Layer_shifting/Image_20240118155125158.jpg,Layer_shifting,Layer_shifting__20240118-154755,2024-01-18T15:51:25.158000,base,20240118155125158,False,3072,2048,3584030,81dddfaff4fc46d0ab961a1cb8e2236c
Layer_shifting/Image_20240118155155171.jpg,Layer_shifting,Layer_shifting__20240118-154755,2024-01-18T15:51:55.171000,base,20240118155155171,False,3072,2048,3395869,499d1f0437d919361b794ffee2bf7332
Layer_shifting/Image_20240118155225167.jpg,Layer_shifting,Layer_shifting__20240118-154755,2024-01-18T15:52:25.167000,base,20240118155225167,False,3072,2048,3597947,a57ac2404b22637169d719c22bdb4985
Layer_shifting/Image_20240118155255179.jpg,Layer_shifting,Layer_shifting__20240118-154755,2024-01-18T15:52:55.179000,base,20240118155255179,False,3072,2048,3763563,7403f4c3070fea6d6d907e0805bd2a60
Layer_shifting/Image_20240118155325191.jpg,Layer_shifting,Layer_shifting__20240118-154755,2024-01-18T15:53:25.191000,base,20240118155325191,False,3072,2048,3647334,3935083505381e4ed9515ea18698297b
Layer_shifting/Image_20240118155355144.jpg,Layer_shifting,Layer_shifting__20240118-154755,2024-01-18T15:53:55.144000,base,20240118155355144,False,3072,2048,3468450,9fe819e9aabd4e87291bd1ca591deda1
Layer_shifting/Image_20240118155425146.jpg,Layer_shifting,Layer_shifting__20240118-154755,2024-01-18T15:54:25.146000,base,20240118155425146,False,3072,2048,3736133,93a5758cd7161afcc5a4c39f4151cfcc
Layer_shifting/Image_20240118155455145.jpg,Layer_shifting,Layer_shifting__20240118-154755,2024-01-18T15:54:55.145000,base,20240118155455145,False,3072,2048,3673009,04715465d0dc449439fc41e39d0d52dd
Layer_shifting/Image_20240118155525156.jpg,Layer_shifting,Layer_shifting__20240118-154755,2024-01-18T15:55:25.156000,base,20240118155525156,False,3072,2048,3495646,81d5b396080e2fa7e7193edd47a2eaa4
Layer_shifting/Image_20240118155555157.jpg,Layer_shifting,Layer_shifting__20240118-154755,2024-01-18T15:55:55.157000,base,20240118155555157,False,3072,2048,3593006,bad68565a519e185862dfa99daeeedc5
Layer_shifting/Image_20240118155625164.jpg,Layer_shifting,Layer_shifting__20240118-154755,2024-01-18T15:56:25.164000,base,20240118155625164,False,3072,2048,3548092,c29a58cb9d8811a69b3408c3de0cd163
Layer_shifting/Image_20240118155655183.jpg,Layer_shifting,Layer_shifting__20240118-154755,2024-01-18T15:56:55.183000,base,20240118155655183,False,3072,2048,3592916,2b7fdf9ee6af0d7d17177993611e92e9
Layer_shifting/Image_20240118155725178.jpg,Layer_shifting,Layer_shifting__20240118-154755,2024-01-18T15:57:25.178000,base,20240118155725178,False,3072,2048,3486466,de5c23d571d6010a11c9b63d0dfd5b2e
Layer_shifting/Image_20240118155755183.jpg,Layer_shifting,Layer_shifting__20240118-154755,2024-01-18T15:57:55.183000,base,20240118155755183,False,3072,2048,3483948,7a12630681cb332dbe6cb33feba3d8cf
Layer_shifting/Image_20240118155825196.jpg,Layer_shifting,Layer_shifting__20240118-154755,2024-01-18T15:58:25.196000,base,20240118155825196,False,3072,2048,3774021,4ab87d783da58ad21f3fa16bfefbffe3
Layer_shifting/Image_20240118155855145.jpg,Layer_shifting,Layer_shifting__20240118-154755,2024-01-18T15:58:55.145000,base,20240118155855145,False,3072,2048,3693952,529a78006ea59dc2caf6e03f4a200402
Layer_shifting/Image_20240118155925148.jpg,Layer_shifting,Layer_shifting__20240118-154755,2024-01-18T15:59:25.148000,base,20240118155925148,False,3072,2048,3626031,19e024c95a7564693ee87a233a767f18
Layer_shifting/Image_20240118155955162.jpg,Layer_shifting,Layer_shifting__20240118-154755,2024-01-18T15:59:55.162000,base,20240118155955162,False,3072,2048,3588707,52306726a79fc2fdc1de163ccf93f1f1
Layer_shifting/Image_20240118160025166.jpg,Layer_shifting,Layer_shifting__20240118-154755,2024-01-18T16:00:25.166000,base,20240118160025166,False,3072,2048,3470767,c52e00f3af0648259c9809b0a9d0ef71
Layer_shifting/Image_20240118160055173.jpg,Layer_shifting,Layer_shifting__20240118-154755,2024-01-18T16:00:55.173000,base,20240118160055173,False,3072,2048,3387993,9f3d6f6d2783086b9466f91cdbbd0521
Layer_shifting/Image_20240118160125177.jpg,Layer_shifting,Layer_shifting__20240118-154755,2024-01-18T16:01:25.177000,base,20240118160125177,False,3072,2048,3544558,0b0caa0ea1c1303c6c504890dbc4a0ea
Layer_shifting/Image_20240118160155140.jpg,Layer_shifting,Layer_shifting__20240118-154755,2024-01-18T16:01:55.140000,base,20240118160155140,False,3072,2048,3389879,ee3f072b33a97a96744a12f63aa83002
Layer_shifting/Image_20240118160225196.jpg,Layer_shifting,Layer_shifting__20240118-154755,2024-01-18T16:02:25.196000,base,20240118160225196,False,3072,2048,3505951,61e5e7d21cbebcf62c6050d8c5951c49
Layer_shifting/Image_20240118160255145.jpg,Layer_shifting,Layer_shifting__20240118-154755,2024-01-18T16:02:55.145000,base,20240118160255145,False,3072,2048,3559119,e2a13b4793a83354cf2f703782948f82
Layer_shifting/Image_20240118160325152.jpg,Layer_shifting,Layer_shifting__20240118-154755,2024-01-18T16:03:25.152000,base,20240118160325152,False,3072,2048,3278463,6300276f686b60d2840eb5199a0f61f4
Layer_shifting/Image_20240118160355160.jpg,Layer_shifting,Layer_shifting__20240118-154755,2024-01-18T16:03:55.160000,base,20240118160355160,False,3072,2048,3476134,918716112b623825b0238490df57ca61
Layer_shifting/Image_20240118160425164.jpg,Layer_shifting,Layer_shifting__20240118-154755,2024-01-18T16:04:25.164000,base,20240118160425164,False,3072,2048,3440096,f7de45973907bb62a7f6e4163b3a22c7
Layer_shifting/Image_20240118160455177.jpg,Layer_shifting,Layer_shifting__20240118-154755,2024-01-18T16:04:55.177000,base,20240118160455177,False,3072,2048,3377659,ec327ba288a99095edc17f5ccb9162d1
Layer_shifting/Image_20240118160525178.jpg,Layer_shifting,Layer_shifting__20240118-154755,2024-01-18T16:05:25.178000,base,20240118160525178,False,3072,2048,3328873,d2053d5ad7019d26b4ae08326939e9f8
Layer_shifting/Image_20240118160555182.jpg,Layer_shifting,Layer_shifting__20240118-154755,2024-01-18T16:05:55.182000,base,20240118160555182,False,3072,2048,3385276,7e1148c18b302354328d02532c652d79
Layer_shifting/Image_20240118160625195.jpg,Layer_shifting,Layer_shifting__20240118-154755,2024-01-18T16:06:25.195000,base,20240118160625195,False,3072,2048,3401710,ec2784c9b04197000365ab5dd0cd0d98
Layer_shifting/Image_20240118160655200.jpg,Layer_shifting,Layer_shifting__20240118-154755,2024-01-18T16:06:55.200000,base,20240118160655200,False,3072,2048,3310809,a808f033f4e4d3abb49d201753cc7b22
Layer_shifting/Image_20240118160725153.jpg,Layer_shifting,Layer_shifting__20240118-154755,2024-01-18T16:07:25.153000,base,20240118160725153,False,3072,2048,3307330,beaad120e48abb6291913465a336ec2b
Layer_shifting/Image_20240118160755155.jpg,Layer_shifting,Layer_shifting__20240118-154755,2024-01-18T16:07:55.155000,base,20240118160755155,False,3072,2048,3286848,8de906a508be66fbb4487eddceec7779
Layer_shifting/Image_20240118160825164.jpg,Layer_shifting,Layer_shifting__20240118-154755,2024-01-18T16:08:25.164000,base,20240118160825164,False,3072,2048,3291299,ca3a3bad3a04cb4e8a1c256110e12c1d
Layer_shifting/Image_20240118160855175.jpg,Layer_shifting,Layer_shifting__20240118-154755,2024-01-18T16:08:55.175000,base,20240118160855175,False,3072,2048,3295502,2cc7f521cc49aebb6ef8e59f0fed63c2
Layer_shifting/Image_20240118160925175.jpg,Layer_shifting,Layer_shifting__20240118-154755,2024-01-18T16:09:25.175000,base,20240118160925175,False,3072,2048,3330945,037dbfb469ca8bf7a38939de04a37d26
Layer_shifting/Image_20240118160955175.jpg,Layer_shifting,Layer_shifting__20240118-154755,2024-01-18T16:09:55.175000,base,20240118160955175,False,3072,2048,3267156,84eb4e0ef046651dba4c27a194143c71
Layer_shifting/Image_20240118161025141.jpg,Layer_shifting,Layer_shifting__20240118-154755,2024-01-18T16:10:25.141000,base,20240118161025141,False,3072,2048,3369440,e66a836dbf87993e5bb55fadc5106290
Layer_shifting/Image_20240118161055148.jpg,Layer_shifting,Layer_shifting__20240118-154755,2024-01-18T16:10:55.148000,base,20240118161055148,False,3072,2048,3370673,51a7d5cb60ba3bff8ae95ff635f1a880
Layer_shifting/Image_20240118161125156.jpg,Layer_shifting,Layer_shifting__20240118-154755,2024-01-18T16:11:25.156000,base,20240118161125156,False,3072,2048,3396212,ed4ec1a6baaf2199707aee7d9bc11461
Layer_shifting/Image_20240118161155159.jpg,Layer_shifting,Layer_shifting__20240118-154755,2024-01-18T16:11:55.159000,base,20240118161155159,False,3072,2048,3273078,987b9bde8509aa44878cb382f5078667
Layer_shifting/Image_20240118161225155.jpg,Layer_shifting,Layer_shifting__20240118-154755,2024-01-18T16:12:25.155000,base,20240118161225155,False,3072,2048,3297090,4a6372b03dbd81f440521ae9dd4e12b4
Layer_shifting/Image_20240118161255170.jpg,Layer_shifting,Layer_shifting__20240118-154755,2024-01-18T16:12:55.170000,base,20240118161255170,False,3072,2048,3272737,6018d56cd100f0b90718fa8181e9231a
Layer_shifting/Image_20240118161325177.jpg,Layer_shifting,Layer_shifting__20240118-154755,2024-01-18T16:13:25.177000,base,20240118161325177,False,3072,2048,3446320,8e3749b0418b3ebd462841cd527956c2
Layer_shifting/Image_20240118161355179.jpg,Layer_shifting,Layer_shifting__20240118-154755,2024-01-18T16:13:55.179000,base,20240118161355179,False,3072,2048,3385571,67293e3e4b8a3c76c5beea32e6b0af7b
Layer_shifting/Image_20240118161425141.jpg,Layer_shifting,Layer_shifting__20240118-154755,2024-01-18T16:14:25.141000,base,20240118161425141,False,3072,2048,3258698,25350226f33f0e1e83366f945b4e04f4
Layer_shifting/Image_20240118161455199.jpg,Layer_shifting,Layer_shifting__20240118-154755,2024-01-18T16:14:55.199000,base,20240118161455199,False,3072,2048,3328040,f5df1e247df7f1ac32c72ed1f016477a
Layer_shifting/Image_20240118161525152.jpg,Layer_shifting,Layer_shifting__20240118-154755,2024-01-18T16:15:25.152000,base,20240118161525152,False,3072,2048,3289958,6ee4572dd1ea39623973be3197371bc9
Layer_shifting/Image_20240118161555149.jpg,Layer_shifting,Layer_shifting__20240118-154755,2024-01-18T16:15:55.149000,base,20240118161555149,False,3072,2048,3277346,4babfe2f313202c3131bdab92ca8338f
Layer_shifting/Image_20240118161625163.jpg,Layer_shifting,Layer_shifting__20240118-154755,2024-01-18T16:16:25.163000,base,20240118161625163,False,3072,2048,3186902,4486588ca479dd4214944bba7f79a6e8
Layer_shifting/Image_20240118161655169.jpg,Layer_shifting,Layer_shifting__20240118-154755,2024-01-18T16:16:55.169000,base,20240118161655169,False,3072,2048,3205043,72f3b5bb2c38c0b8cd172c457cd0683f
Layer_shifting/Image_20240118161725180.jpg,Layer_shifting,Layer_shifting__20240118-154755,2024-01-18T16:17:25.180000,base,20240118161725180,False,3072,2048,3153029,1b7630d8892b8b3d39a492756b3ddbbd
Layer_shifting/Image_20240118161755181.jpg,Layer_shifting,Layer_shifting__20240118-154755,2024-01-18T16:17:55.181000,base,20240118161755181,False,3072,2048,3231819,23fe11c6cdf81e77412ff6ab0a023662
Layer_shifting/Image_20240118161825193.jpg,Layer_shifting,Layer_shifting__20240118-154755,2024-01-18T16:18:25.193000,base,20240118161825193,False,3072,2048,3238033,9c59af79bd8ecd8134090af130bc0886
Off_platform/Image_20231228112802894.jpg,Off_platform,Off_platform__20231228-112802,2023-12-28T11:28:02.894000,base,20231228112802894,False,3072,2048,4823231,e7575bf44fcc2d3751c392f16a92d871
Off_platform/Image_20231228112832898.jpg,Off_platform,Off_platform__20231228-112802,2023-12-28T11:28:32.898000,base,20231228112832898,False,3072,2048,4491667,fb720ca4c3ef3118f17f5c9e49e1d485
Off_platform/Image_20231228112902900.jpg,Off_platform,Off_platform__20231228-112802,2023-12-28T11:29:02.900000,base,20231228112902900,False,3072,2048,4493386,1f488cdc5ae66fb3e170f507074c95eb
Off_platform/Image_20231228112932863.jpg,Off_platform,Off_platform__20231228-112802,2023-12-28T11:29:32.863000,base,20231228112932863,False,3072,2048,4629190,9fdb66dd7b9c053d6fb1b70db03ed185
Off_platform/Image_20231228113002866.jpg,Off_platform,Off_platform__20231228-112802,2023-12-28T11:30:02.866000,base,20231228113002866,False,3072,2048,4341818,99168b356f24894bd54b49a9aff58bad
Off_platform/Image_20231228113032864.jpg,Off_platform,Off_platform__20231228-112802,2023-12-28T11:30:32.864000,base,20231228113032864,False,3072,2048,4640395,2e971e919e8eb2686f14c5801609314b
Off_platform/Image_20231228113102885.jpg,Off_platform,Off_platform__20231228-112802,2023-12-28T11:31:02.885000,base,20231228113102885,False,3072,2048,4505936,a942f9bfe46982e85600c8d05dc37d11
Off_platform/Image_20231228113132889.jpg,Off_platform,Off_platform__20231228-112802,2023-12-28T11:31:32.889000,base,20231228113132889,False,3072,2048,4449056,c6599cb6a1bdf872e9c0d08dfaf8b2a9
Off_platform/Image_20231228113202886.jpg,Off_platform,Off_platform__20231228-112802,2023-12-28T11:32:02.886000,base,20231228113202886,False,3072,2048,4609224,c6ba216e28e1ab16a4b0848400143023
Off_platform/Image_20231228113232896.jpg,Off_platform,Off_platform__20231228-112802,2023-12-28T11:32:32.896000,base,20231228113232896,False,3072,2048,4609112,b18b9d221622caad7264a76c5051b50f
Off_platform/Image_20231228113302908.jpg,Off_platform,Off_platform__20231228-112802,2023-12-28T11:33:02.908000,base,20231228113302908,False,3072,2048,4718426,3a4c6d471240bfcf439438e939189c21
Off_platform/Image_20231228113332862.jpg,Off_platform,Off_platform__20231228-112802,2023-12-28T11:33:32.862000,base,20231228113332862,False,3072,2048,4660252,7a0385e2ce402bc86583306aae5d40a3
Off_platform/Image_20231228113402919.jpg,Off_platform,Off_platform__20231228-112802,2023-12-28T11:34:02.919000,base,20231228113402919,False,3072,2048,4580290,63c0070a44dff25ad0376fc93a105120
Off_platform/Image_20231228113432865.jpg,Off_platform,Off_platform__20231228-112802,2023-12-28T11:34:32.865000,base,20231228113432865,False,3072,2048,4652723,0d8d64c2fe5ddb1b527d1f1708757830
Off_platform/Image_20231228113502868.jpg,Off_platform,Off_platform__20231228-112802,2023-12-28T11:35:02.868000,base,20231228113502868,False,3072,2048,4413881,4008189a98af10e47b889c2a53538ed7
Off_platform/Image_20231228113532888.jpg,Off_platform,Off_platform__20231228-112802,2023-12-28T11:35:32.888000,base,20231228113532888,False,3072,2048,4616176,40e4db98b7fdd0691dcd2d172cb915be
Off_platform/Image_20231228113602889.jpg,Off_platform,Off_platform__20231228-112802,2023-12-28T11:36:02.889000,base,20231228113602889,False,3072,2048,4664385,9db0b5207a1468f5c60334ae9ceb8816
Off_platform/Image_20231228113632894.jpg,Off_platform,Off_platform__20231228-112802,2023-12-28T11:36:32.894000,base,20231228113632894,False,3072,2048,4556397,3057e31a03a7e678c26b8d3413189f63
Off_platform/Image_20231228113702894.jpg,Off_platform,Off_platform__20231228-112802,2023-12-28T11:37:02.894000,base,20231228113702894,False,3072,2048,4794886,71675e7e9233cd6deafb6e19eefe38b9
Off_platform/Image_20231228113732903.jpg,Off_platform,Off_platform__20231228-112802,2023-12-28T11:37:32.903000,base,20231228113732903,False,3072,2048,4601360,d18a8e3f46c0c1d01a7363eb79925630
Off_platform/Image_20231228113802865.jpg,Off_platform,Off_platform__20231228-112802,2023-12-28T11:38:02.865000,base,20231228113802865,False,3072,2048,4491726,b04810ffa657b436f977d21b56235901
Off_platform/Image_20231228113832874.jpg,Off_platform,Off_platform__20231228-112802,2023-12-28T11:38:32.874000,base,20231228113832874,False,3072,2048,4354650,5ba0935d8825ba71ac920ed8b4dbc2e9
Off_platform/Image_20240102144020143.jpg,Off_platform,Off_platform__20240102-144020,2024-01-02T14:40:20.143000,base,20240102144020143,False,3072,2048,3833675,1650b6256fb3d6c4c500d68a3df7c03e
Off_platform/Image_20240102144050091.jpg,Off_platform,Off_platform__20240102-144020,2024-01-02T14:40:50.091000,base,20240102144050091,False,3072,2048,3358152,39c46e52f059e99eecdbfe8f49c1b058
Off_platform/Image_20240102144120096.jpg,Off_platform,Off_platform__20240102-144020,2024-01-02T14:41:20.096000,base,20240102144120096,False,3072,2048,3755159,175714f9f3bc29eca27334aded1ad1a4
Off_platform/Image_20240102171620104.jpg,Off_platform,Off_platform__20240102-171620,2024-01-02T17:16:20.104000,base,20240102171620104,False,3072,2048,3217858,afbef6bd00d66af1e0833a2aee4dd520
Off_platform/Image_20240102171650119.jpg,Off_platform,Off_platform__20240102-171620,2024-01-02T17:16:50.119000,base,20240102171650119,False,3072,2048,3215958,b182ff71e020b22d9f7507a22add6924
Off_platform/Image_20240102171720131.jpg,Off_platform,Off_platform__20240102-171620,2024-01-02T17:17:20.131000,base,20240102171720131,False,3072,2048,3156673,aef889f50f2cca37c0741d8802b56861
Off_platform/Image_20240102171750137.jpg,Off_platform,Off_platform__20240102-171620,2024-01-02T17:17:50.137000,base,20240102171750137,False,3072,2048,3179804,c291be367e4feefc862523f364a39469
Off_platform/Image_20240102171820141.jpg,Off_platform,Off_platform__20240102-171620,2024-01-02T17:18:20.141000,base,20240102171820141,False,3072,2048,3150834,894859d5f1cdc2eaf990d755c5e986e1
Off_platform/Image_20240102171850096.jpg,Off_platform,Off_platform__20240102-171620,2024-01-02T17:18:50.096000,base,20240102171850096,False,3072,2048,3272073,f02aac4a6cc00eb55fe70a333507cb60
Off_platform/Image_20240102171920099.jpg,Off_platform,Off_platform__20240102-171620,2024-01-02T17:19:20.099000,base,20240102171920099,False,3072,2048,3252754,f185b27c40044a00bea9768b0f519cbe
Off_platform/Image_20240102171950108.jpg,Off_platform,Off_platform__20240102-171620,2024-01-02T17:19:50.108000,base,20240102171950108,False,3072,2048,3270695,d3e50d91cf67f52770f129e12a73ba6a
Off_platform/Image_20240102172020117.jpg,Off_platform,Off_platform__20240102-171620,2024-01-02T17:20:20.117000,base,20240102172020117,False,3072,2048,3268729,71731f8dedc24a2827724e95665a7eeb
Off_platform/Image_20240102172050123.jpg,Off_platform,Off_platform__20240102-171620,2024-01-02T17:20:50.123000,base,20240102172050123,False,3072,2048,3282089,d0061cf37927bff9c63cc2845572b459
Off_platform/Image_20240102172120127.jpg,Off_platform,Off_platform__20240102-171620,2024-01-02T17:21:20.127000,base,20240102172120127,False,3072,2048,3245184,e1f60d3d37ad2e375f4271e424715ac5
Off_platform/Image_20240102172150129.jpg,Off_platform,Off_platform__20240102-171620,2024-01-02T17:21:50.129000,base,20240102172150129,False,3072,2048,3173110,5df5dbd123450bec9610384887cb21ca
Off_platform/Image_20240102172220088.jpg,Off_platform,Off_platform__20240102-171620,2024-01-02T17:22:20.088000,base,20240102172220088,False,3072,2048,3243473,33e9c6a0738007b489d12aa4eb48a791
Off_platform/Image_20240102172250147.jpg,Off_platform,Off_platform__20240102-171620,2024-01-02T17:22:50.147000,base,20240102172250147,False,3072,2048,3338872,7394cb3fe5b18578ba2427a39b940567
Off_platform/Image_20240102172320101.jpg,Off_platform,Off_platform__20240102-171620,2024-01-02T17:23:20.101000,base,20240102172320101,False,3072,2048,3354649,4f6b003f3a059ec6bb4988da7cf79be0
Off_platform/Image_20240102172350095.jpg,Off_platform,Off_platform__20240102-171620,2024-01-02T17:23:50.095000,base,20240102172350095,False,3072,2048,3175873,721d12a86147de446b94f8df0b712def
Off_platform/Image_20240102172420107.jpg,Off_platform,Off_platform__20240102-171620,2024-01-02T17:24:20.107000,base,20240102172420107,False,3072,2048,3291112,511d00d86f6a2b1eaa31864c0b784b45
Off_platform/Image_20240102172450113.jpg,Off_platform,Off_platform__20240102-171620,2024-01-02T17:24:50.113000,base,20240102172450113,False,3072,2048,3313773,f50bf3173a0d86a3167d2b28fb46f231
Off_platform/Image_20240102172520128.jpg,Off_platform,Off_platform__20240102-171620,2024-01-02T17:25:20.128000,base,20240102172520128,False,3072,2048,3287358,f09b7b89b627096015540eac38211746
Off_platform/Image_20240102172550131.jpg,Off_platform,Off_platform__20240102-171620,2024-01-02T17:25:50.131000,base,20240102172550131,False,3072,2048,3240587,f18f12bca0a6a9802e6ad83c5b67efb9
Off_platform/Image_20240102172620086.jpg,Off_platform,Off_platform__20240102-171620,2024-01-02T17:26:20.086000,base,20240102172620086,False,3072,2048,3337625,e05b54d5921ec3bd8b3915bd89fda978
Off_platform/Image_20240102172650145.jpg,Off_platform,Off_platform__20240102-171620,2024-01-02T17:26:50.145000,base,20240102172650145,False,3072,2048,3278387,88cd13e2e0b9d9c8d157529762173bf5
Off_platform/Image_20240102172720097.jpg,Off_platform,Off_platform__20240102-171620,2024-01-02T17:27:20.097000,base,20240102172720097,False,3072,2048,3221770,d9fd5b78837d00fc4a4f590959dac97a
Off_platform/Image_20240102172750098.jpg,Off_platform,Off_platform__20240102-171620,2024-01-02T17:27:50.098000,base,20240102172750098,False,3072,2048,3165012,4e85a4e2a4bd617e5a6eeccc3b29bdda
Off_platform/Image_20240102172820111.jpg,Off_platform,Off_platform__20240102-171620,2024-01-02T17:28:20.111000,base,20240102172820111,False,3072,2048,3214277,f06d86487a1057e69e34ec711dd96135
Off_platform/Image_20240102172850114.jpg,Off_platform,Off_platform__20240102-171620,2024-01-02T17:28:50.114000,base,20240102172850114,False,3072,2048,3265505,2b0f3ec4dcb106bedfe3dfbfe2efb5ee
Off_platform/Image_20240102172920127.jpg,Off_platform,Off_platform__20240102-171620,2024-01-02T17:29:20.127000,base,20240102172920127,False,3072,2048,3294342,7adfea586488aa7dd9bfd2d96ebf417f
Off_platform/Image_20240102172950128.jpg,Off_platform,Off_platform__20240102-171620,2024-01-02T17:29:50.128000,base,20240102172950128,False,3072,2048,3318637,27aa556bfd4458d648e5fd513e4106b9
Off_platform/Image_20240102173020130.jpg,Off_platform,Off_platform__20240102-171620,2024-01-02T17:30:20.130000,base,20240102173020130,False,3072,2048,3237359,110191c4aed099c578b59673abceff93
Off_platform/Image_20240102173050095.jpg,Off_platform,Off_platform__20240102-171620,2024-01-02T17:30:50.095000,base,20240102173050095,False,3072,2048,3359209,c43354e5c7f25b5fcb9571e4cf2399ec
Off_platform/Image_20240102173120094.jpg,Off_platform,Off_platform__20240102-171620,2024-01-02T17:31:20.094000,base,20240102173120094,False,3072,2048,3328501,a7c99ca332b31476af905c9898669b5e
Off_platform/Image_20240102173150099.jpg,Off_platform,Off_platform__20240102-171620,2024-01-02T17:31:50.099000,base,20240102173150099,False,3072,2048,3395602,198d17344022ebc97e9cba1567a1a66f
Off_platform/Image_20240102173220114.jpg,Off_platform,Off_platform__20240102-171620,2024-01-02T17:32:20.114000,base,20240102173220114,False,3072,2048,3355019,1cdb7a95b0fc04fbaf3496d0726be6f0
Off_platform/Image_20240102173250118.jpg,Off_platform,Off_platform__20240102-171620,2024-01-02T17:32:50.118000,base,20240102173250118,False,3072,2048,3372161,b40cdc44fe820be281ba75b94bfd994a
Off_platform/Image_20240102173320118.jpg,Off_platform,Off_platform__20240102-171620,2024-01-02T17:33:20.118000,base,20240102173320118,False,3072,2048,3380122,a5835b71f37d820ded81566354166928
Off_platform/Image_20240102173350129.jpg,Off_platform,Off_platform__20240102-171620,2024-01-02T17:33:50.129000,base,20240102173350129,False,3072,2048,3406791,10d1ed93d558c5b4f46d3e62993d6d76
Off_platform/Image_20240102173420141.jpg,Off_platform,Off_platform__20240102-171620,2024-01-02T17:34:20.141000,base,20240102173420141,False,3072,2048,3407290,24ba91d40057d4166771e6ad24ff7680
Off_platform/Image_20240102173450091.jpg,Off_platform,Off_platform__20240102-171620,2024-01-02T17:34:50.091000,base,20240102173450091,False,3072,2048,3423461,df9573f130c4caaed1dcae2d8651ceab
Off_platform/Image_20240102173520099.jpg,Off_platform,Off_platform__20240102-171620,2024-01-02T17:35:20.099000,base,20240102173520099,False,3072,2048,3413698,c138be1a20d8bf00f936efc15529bfb8
Off_platform/Image_20240102173550108.jpg,Off_platform,Off_platform__20240102-171620,2024-01-02T17:35:50.108000,base,20240102173550108,False,3072,2048,3392876,1ea78f3e325185f448b137c1691fc0ed
Off_platform/Image_20240102173620100.jpg,Off_platform,Off_platform__20240102-171620,2024-01-02T17:36:20.100000,base,20240102173620100,False,3072,2048,3269253,91a0f05b365b137e466cafb5f92a78a6
Off_platform/Image_20240102173650107.jpg,Off_platform,Off_platform__20240102-171620,2024-01-02T17:36:50.107000,base,20240102173650107,False,3072,2048,3291390,33b09a37a8f988713b01b5e0d7df5e6d
Off_platform/Image_20240102173720113.jpg,Off_platform,Off_platform__20240102-171620,2024-01-02T17:37:20.113000,base,20240102173720113,False,3072,2048,3327622,2d4020dd370d015e0ccd2a915c7aed9b
Off_platform/Image_20240102173750130.jpg,Off_platform,Off_platform__20240102-171620,2024-01-02T17:37:50.130000,base,20240102173750130,False,3072,2048,3383980,e54d9e0842a4b9efe58ad6b25d9352d2
Off_platform/Image_20240102173820138.jpg,Off_platform,Off_platform__20240102-171620,2024-01-02T17:38:20.138000,base,20240102173820138,False,3072,2048,3420075,1895ff9f97967a9914f0057a70eb27ec
Off_platform/Image_20240102173850144.jpg,Off_platform,Off_platform__20240102-171620,2024-01-02T17:38:50.144000,base,20240102173850144,False,3072,2048,3526520,fda2951179e1ced8236b5151fc13f195
Off_platform/Image_20240102173920092.jpg,Off_platform,Off_platform__20240102-171620,2024-01-02T17:39:20.092000,base,20240102173920092,False,3072,2048,3439385,1eba383a6d5075fcb81bd4556151a321
Off_platform/Image_20240102173950095.jpg,Off_platform,Off_platform__20240102-171620,2024-01-02T17:39:50.095000,base,20240102173950095,False,3072,2048,3511630,7fa65f3550d6d5f536b37a8da0ff7d27
Off_platform/Image_20240102174020100.jpg,Off_platform,Off_platform__20240102-171620,2024-01-02T17:40:20.100000,base,20240102174020100,False,3072,2048,3563499,ceacecc50b2eefecd037771bc6171bff
Off_platform/Image_20240102174050120.jpg,Off_platform,Off_platform__20240102-171620,2024-01-02T17:40:50.120000,base,20240102174050120,False,3072,2048,3513379,96817a2b977339a21c6c32202ec9681b
Off_platform/Image_20240102174120123.jpg,Off_platform,Off_platform__20240102-171620,2024-01-02T17:41:20.123000,base,20240102174120123,False,3072,2048,3500488,e3d263f6629a6e127f31f9a54988c6aa
Off_platform/Image_20240102174150132.jpg,Off_platform,Off_platform__20240102-171620,2024-01-02T17:41:50.132000,base,20240102174150132,False,3072,2048,3470840,4f5ff74d225b0910a91106f48a0ab6d1
Off_platform/Image_20240102174220125.jpg,Off_platform,Off_platform__20240102-171620,2024-01-02T17:42:20.125000,base,20240102174220125,False,3072,2048,3534864,172f98acbc99f6af76ee500e7f470bbe
Off_platform/Image_20240102174250144.jpg,Off_platform,Off_platform__20240102-171620,2024-01-02T17:42:50.144000,base,20240102174250144,False,3072,2048,3480718,9f42eb614425a93a4ea447403072dde0
Off_platform/Image_20240102174320098.jpg,Off_platform,Off_platform__20240102-171620,2024-01-02T17:43:20.098000,base,20240102174320098,False,3072,2048,3537722,a43de425f7342ef32b6c9cfa444eb03f
Off_platform/Image_20240102174350105.jpg,Off_platform,Off_platform__20240102-171620,2024-01-02T17:43:50.105000,base,20240102174350105,False,3072,2048,3545468,acabcf25e6faa276c60e2f628ac672b1
Off_platform/Image_20240102174420103.jpg,Off_platform,Off_platform__20240102-171620,2024-01-02T17:44:20.103000,base,20240102174420103,False,3072,2048,3494033,a570e33d1e56b4c71d7c790aa96914c2
Off_platform/Image_20240102174450116.jpg,Off_platform,Off_platform__20240102-171620,2024-01-02T17:44:50.116000,base,20240102174450116,False,3072,2048,3488044,a1d8990c84666293099b4d79dedb29a1
Off_platform/Image_20240102174520114.jpg,Off_platform,Off_platform__20240102-171620,2024-01-02T17:45:20.114000,base,20240102174520114,False,3072,2048,3539465,23cbf0379aa7150755eba0ceb4b21ad4
Off_platform/Image_20240102174550119.jpg,Off_platform,Off_platform__20240102-171620,2024-01-02T17:45:50.119000,base,20240102174550119,False,3072,2048,3555186,5059028e6bbaa0f3dd4a283678247596
Off_platform/Image_20240102174620132.jpg,Off_platform,Off_platform__20240102-171620,2024-01-02T17:46:20.132000,base,20240102174620132,False,3072,2048,3558024,1fb532e76188d1388cd78c86c69a8d52
Off_platform/Image_20240102174650086.jpg,Off_platform,Off_platform__20240102-171620,2024-01-02T17:46:50.086000,base,20240102174650086,False,3072,2048,3539421,bf29a83caaa90292396246fcdec1bcd2
Off_platform/Image_20240102174720087.jpg,Off_platform,Off_platform__20240102-171620,2024-01-02T17:47:20.087000,base,20240102174720087,False,3072,2048,3572202,3dd1d0b846beafaf4edafef97ed4feac
Off_platform/Image_20240102174750094.jpg,Off_platform,Off_platform__20240102-171620,2024-01-02T17:47:50.094000,base,20240102174750094,False,3072,2048,3576411,da7e007c836a188798238731254fdc5b
Off_platform/Image_20240102174820101.jpg,Off_platform,Off_platform__20240102-171620,2024-01-02T17:48:20.101000,base,20240102174820101,False,3072,2048,3621792,f5bbeae936440331d68febb3c94b3301
Off_platform/Image_20240102174850118.jpg,Off_platform,Off_platform__20240102-171620,2024-01-02T17:48:50.118000,base,20240102174850118,False,3072,2048,3715819,2e06a4b92c8d861d2e11e984d1984abf
Stringing/Image_20231228204319982.jpg,Stringing,Stringing__20231228-204319,2023-12-28T20:43:19.982000,base,20231228204319982,False,3072,2048,3496126,ba65bae9194e82ea884238b329e9ce67
Stringing/Image_20231228204349949.jpg,Stringing,Stringing__20231228-204319,2023-12-28T20:43:49.949000,base,20231228204349949,False,3072,2048,3669745,84960026a8a837746c534dee1e0fa555
Stringing/Image_20231228204419949.jpg,Stringing,Stringing__20231228-204319,2023-12-28T20:44:19.949000,base,20231228204419949,False,3072,2048,3592377,b417353473dd66304e182446d0bd27b3
Stringing/Image_20231228204449954.jpg,Stringing,Stringing__20231228-204319,2023-12-28T20:44:49.954000,base,20231228204449954,False,3072,2048,3364749,76454cc0225483c96d5805db63f34a97
Stringing/Image_20231228204519967.jpg,Stringing,Stringing__20231228-204319,2023-12-28T20:45:19.967000,base,20231228204519967,False,3072,2048,3606750,3f16a3fab9df9c658a5a8d85c89e8d85
Stringing/Image_20231228204549967.jpg,Stringing,Stringing__20231228-204319,2023-12-28T20:45:49.967000,base,20231228204549967,False,3072,2048,3487326,7592a98e19b588bdba6e6ca5ff474021
Stringing/Image_20231228204619983.jpg,Stringing,Stringing__20231228-204319,2023-12-28T20:46:19.983000,base,20231228204619983,False,3072,2048,3410532,10fc94af10c2e57ced234940f5738b44
Stringing/Image_20231228204649992.jpg,Stringing,Stringing__20231228-204319,2023-12-28T20:46:49.992000,base,20231228204649992,False,3072,2048,4048458,9409e44ec5194e2d9cb030cab793dcf8
Stringing/Image_20231228204719994.jpg,Stringing,Stringing__20231228-204319,2023-12-28T20:47:19.994000,base,20231228204719994,False,3072,2048,3980123,45faf96bdc000090e86c4ca2ba194b12
Stringing/Image_20231228204749938.jpg,Stringing,Stringing__20231228-204319,2023-12-28T20:47:49.938000,base,20231228204749938,False,3072,2048,4234148,b2499f4d9933708940c1711b8664f52e
Stringing/Image_20231228204819944.jpg,Stringing,Stringing__20231228-204319,2023-12-28T20:48:19.944000,base,20231228204819944,False,3072,2048,4237748,f8948d622a9d5416ba49213364ccb4a8
Stringing/Image_20231228204849964.jpg,Stringing,Stringing__20231228-204319,2023-12-28T20:48:49.964000,base,20231228204849964,False,3072,2048,4347758,7031eb6f9ff4c089d47ce58efd73c112
Stringing/Image_20231228204919960.jpg,Stringing,Stringing__20231228-204319,2023-12-28T20:49:19.960000,base,20231228204919960,False,3072,2048,4274887,9604167fb2d346fecaa8f0ca604056ac
Stringing/Image_20231228204949977.jpg,Stringing,Stringing__20231228-204319,2023-12-28T20:49:49.977000,base,20231228204949977,False,3072,2048,4285011,e665610100d640e6e1276625e55dc65d
Stringing/Image_20231228205019981.jpg,Stringing,Stringing__20231228-204319,2023-12-28T20:50:19.981000,base,20231228205019981,False,3072,2048,4387362,be2d3b34f8e269b53bf0f8a6963713d3
Stringing/Image_20231228205049981.jpg,Stringing,Stringing__20231228-204319,2023-12-28T20:50:49.981000,base,20231228205049981,False,3072,2048,4249820,e6afe55d5c4701cfa69ba1c468ca2aae
Stringing/Image_20231228205119944.jpg,Stringing,Stringing__20231228-204319,2023-12-28T20:51:19.944000,base,20231228205119944,False,3072,2048,4404525,1d19e91e6bc28b9e1f9b2fbfa6cb0e07
Stringing/Image_20231228205149952.jpg,Stringing,Stringing__20231228-204319,2023-12-28T20:51:49.952000,base,20231228205149952,False,3072,2048,4345135,5ad7de817d2280c8c8a6abb10b02bdc8
Stringing/Image_20231228205219953.jpg,Stringing,Stringing__20231228-204319,2023-12-28T20:52:19.953000,base,20231228205219953,False,3072,2048,4257192,d5224fad8fd21f596572a8a62ea5b080
Stringing/Image_20231228205249959.jpg,Stringing,Stringing__20231228-204319,2023-12-28T20:52:49.959000,base,20231228205249959,False,3072,2048,4404318,88de5a9de4fff489503ebbe49eda1961
Stringing/Image_20231228205319967.jpg,Stringing,Stringing__20231228-204319,2023-12-28T20:53:19.967000,base,20231228205319967,False,3072,2048,4344460,33f782f8b82b72bd29049101657e7425
Stringing/Image_20231228205349982.jpg,Stringing,Stringing__20231228-204319,2023-12-28T20:53:49.982000,base,20231228205349982,False,3072,2048,4383850,e812353185de8389aafc35b10313d47f
Stringing/Image_20231228205419981.jpg,Stringing,Stringing__20231228-204319,2023-12-28T20:54:19.981000,base,20231228205419981,False,3072,2048,4479855,b4fe89031cc7d86e3fee2caf08186bcf
Stringing/Image_20231228205449989.jpg,Stringing,Stringing__20231228-204319,2023-12-28T20:54:49.989000,base,20231228205449989,False,3072,2048,3629264,796c912612d706289f476205907270f5
Stringing/Image_20240103121446622.jpg,Stringing,Stringing__20240103-121446,2024-01-03T12:14:46.622000,base,20240103121446622,False,3072,2048,2814419,bfb19ca6cb77442508f35b5ead461145
Stringing/Image_20240103121516631.jpg,Stringing,Stringing__20240103-121446,2024-01-03T12:15:16.631000,base,20240103121516631,False,3072,2048,2853521,7113a279b2d7069038ed1ba732392bb8
Stringing/Image_20240103121546639.jpg,Stringing,Stringing__20240103-121446,2024-01-03T12:15:46.639000,base,20240103121546639,False,3072,2048,2861669,8e4078aded748263d602a4ba6fe711f4
Stringing/Image_20240103121616639.jpg,Stringing,Stringing__20240103-121446,2024-01-03T12:16:16.639000,base,20240103121616639,False,3072,2048,2925843,862cf7b834c47f7d554d78c216b6f57c
Stringing/Image_20240103121646647.jpg,Stringing,Stringing__20240103-121446,2024-01-03T12:16:46.647000,base,20240103121646647,False,3072,2048,2936567,31bff1fb13c61ef0ad0f80f5c7671b4b
Stringing/Image_20240103121716660.jpg,Stringing,Stringing__20240103-121446,2024-01-03T12:17:16.660000,base,20240103121716660,False,3072,2048,2971687,41212d74339d9d3500b5885b9d608aa9
Stringing/Image_20240103121746666.jpg,Stringing,Stringing__20240103-121446,2024-01-03T12:17:46.666000,base,20240103121746666,False,3072,2048,2880921,0b8653ec8f19b7ddf9825c525ec55c32
Stringing/Image_20240103121816677.jpg,Stringing,Stringing__20240103-121446,2024-01-03T12:18:16.677000,base,20240103121816677,False,3072,2048,2889769,ce2e3ae6f4cf5736488861cfbccd6827
Stringing/Image_20240103121846622.jpg,Stringing,Stringing__20240103-121446,2024-01-03T12:18:46.622000,base,20240103121846622,False,3072,2048,2908020,3190abf0c0e4680038223db2dfae4296
Stringing/Image_20240103121916633.jpg,Stringing,Stringing__20240103-121446,2024-01-03T12:19:16.633000,base,20240103121916633,False,3072,2048,2922575,5a1c479ee83a05c02f1f87a4d5de34ee
Stringing/Image_20240103121946641_aug.jpg,Stringing,Stringing__20240103-121446,2024-01-03T12:19:46.641000,aug,20240103121946641,True,3072,2048,1098301,e356179e074ea89e2b0b095a2eb6362f
Stringing/Image_20240103121946641.jpg,Stringing,Stringing__20240103-121446,2024-01-03T12:19:46.641000,base,20240103121946641,False,3072,2048,2971305,caf0239037436d8d2e5d4ce6237b0cbe
Stringing/Image_20240103121946641_original.jpg,Stringing,Stringing__20240103-121446,2024-01-03T12:19:46.641000,original,20240103121946641,True,3072,2048,1098301,e356179e074ea89e2b0b095a2eb6362f
Stringing/Image_20240103122016634.jpg,Stringing,Stringing__20240103-121446,2024-01-03T12:20:16.634000,base,20240103122016634,False,3072,2048,3002384,dfd42e8538c18589b4fbc38e86a24723
Stringing/Image_20240103122046655.jpg,Stringing,Stringing__20240103-121446,2024-01-03T12:20:46.655000,base,20240103122046655,False,3072,2048,3031185,7ed8653149fcd35726432c3e8ac0548f
Stringing/Image_20240103122116663.jpg,Stringing,Stringing__20240103-121446,2024-01-03T12:21:16.663000,base,20240103122116663,False,3072,2048,3021589,c358c5f2ea755b5cc4059e6f25773853
Stringing/Image_20240103122146662.jpg,Stringing,Stringing__20240103-121446,2024-01-03T12:21:46.662000,base,20240103122146662,False,3072,2048,3160773,45e0fd9a1e3af7d4e9ab9d9518733f9a
Stringing/Image_20240103122216673.jpg,Stringing,Stringing__20240103-121446,2024-01-03T12:22:16.673000,base,20240103122216673,False,3072,2048,3201082,c6a0f6624c1391f2053649bf7cd7da0d
Stringing/Image_20240103122246683.jpg,Stringing,Stringing__20240103-121446,2024-01-03T12:22:46.683000,base,20240103122246683,False,3072,2048,3165715,879ea7752a595226b0026843a649db44
Stringing/Image_20240103122316626.jpg,Stringing,Stringing__20240103-121446,2024-01-03T12:23:16.626000,base,20240103122316626,False,3072,2048,3171264,185e9d5682ed763ecaf3c1f6449d62e3
Stringing/Image_20240103122346629.jpg,Stringing,Stringing__20240103-121446,2024-01-03T12:23:46.629000,base,20240103122346629,False,3072,2048,3124058,b6ffaf06592cee693cbc169ccfbdd324
Stringing/Image_20240103122416638.jpg,Stringing,Stringing__20240103-121446,2024-01-03T12:24:16.638000,base,20240103122416638,False,3072,2048,3205300,94b3269794f2a97926995d6acc18f93e
Stringing/Image_20240103122446644_aug.jpg,Stringing,Stringing__20240103-121446,2024-01-03T12:24:46.644000,aug,20240103122446644,True,3072,2048,1128114,e55edfed2b5a9d2177585ab1bfa42de1
Stringing/Image_20240103122446644.jpg,Stringing,Stringing__20240103-121446,2024-01-03T12:24:46.644000,base,20240103122446644,False,3072,2048,3255537,3baefd8ed03b32add51b4e5451dcc47c
Stringing/Image_20240103122446644_original.jpg,Stringing,Stringing__20240103-121446,2024-01-03T12:24:46.644000,original,20240103122446644,True,3072,2048,1203953,7ae8b5c58f7ee7b41d7d478020ca7134
Stringing/Image_20240103122516649.jpg,Stringing,Stringing__20240103-121446,2024-01-03T12:25:16.649000,base,20240103122516649,False,3072,2048,3193612,18e9ec9171a58ff00b930935d9a8186f
Stringing/Image_20240103122546661.jpg,Stringing,Stringing__20240103-121446,2024-01-03T12:25:46.661000,base,20240103122546661,False,3072,2048,3189948,b39e0d3f871d63c35c7a81a9ebb9a40f
Stringing/Image_20240103122616662.jpg,Stringing,Stringing__20240103-121446,2024-01-03T12:26:16.662000,base,20240103122616662,False,3072,2048,3192770,c35d9bffcd6cef7713e97ddf2fb50019
Stringing/Image_20240103122646627.jpg,Stringing,Stringing__20240103-121446,2024-01-03T12:26:46.627000,base,20240103122646627,False,3072,2048,3204173,15f9ba25568fcfb242ea62dae395622b
Stringing/Image_20240103122716631.jpg,Stringing,Stringing__20240103-121446,2024-01-03T12:27:16.631000,base,20240103122716631,False,3072,2048,3214650,21592c67641bf8ce3c22349ee8efd9ba
Stringing/Image_20240103122746642.jpg,Stringing,Stringing__20240103-121446,2024-01-03T12:27:46.642000,base,20240103122746642,False,3072,2048,3315678,b1057a1b898e7debd2cdcacfdef9a94b
Stringing/Image_20240103122816650.jpg,Stringing,Stringing__20240103-121446,2024-01-03T12:28:16.650000,base,20240103122816650,False,3072,2048,3321653,3fe7224504e89deb267e2e97917a2ff0
Stringing/Image_20240103122846646.jpg,Stringing,Stringing__20240103-121446,2024-01-03T12:28:46.646000,base,20240103122846646,False,3072,2048,3316803,ddae4c7c48d4ddb2d9a06d0926559d82
Stringing/Image_20240103122916660.jpg,Stringing,Stringing__20240103-121446,2024-01-03T12:29:16.660000,base,20240103122916660,False,3072,2048,3253270,9ec60b0e2f312c64b30695c9d2dfa1f7
Stringing/Image_20240103122946660_aug.jpg,Stringing,Stringing__20240103-121446,2024-01-03T12:29:46.660000,aug,20240103122946660,True,3072,2048,1243142,670e374822c1e0ed36938ab8b8261908
Stringing/Image_20240103122946660.jpg,Stringing,Stringing__20240103-121446,2024-01-03T12:29:46.660000,base,20240103122946660,False,3072,2048,3350966,27bf1df6f1b4929a2f292077929ffe31
Stringing/Image_20240103122946660_original.jpg,Stringing,Stringing__20240103-121446,2024-01-03T12:29:46.660000,original,20240103122946660,True,3072,2048,1244330,9cd16d62c801081bee453285f6702909
Stringing/Image_20240103123016676.jpg,Stringing,Stringing__20240103-121446,2024-01-03T12:30:16.676000,base,20240103123016676,False,3072,2048,3422244,192df6bcbe268f2e3a48ac3685c419c3
Stringing/Image_20240103123046667.jpg,Stringing,Stringing__20240103-121446,2024-01-03T12:30:46.667000,base,20240103123046667,False,3072,2048,3437643,5f36359c58dd2c77e1d7becedf23e247
Stringing/Image_20240103123116631.jpg,Stringing,Stringing__20240103-121446,2024-01-03T12:31:16.631000,base,20240103123116631,False,3072,2048,3465950,6bc55a0d2998a5959a98ceda55509d68
Stringing/Image_20240103123146638.jpg,Stringing,Stringing__20240103-121446,2024-01-03T12:31:46.638000,base,20240103123146638,False,3072,2048,3412026,d810e57ff8d921df32ac13506364f326
Stringing/Image_20240103123216641.jpg,Stringing,Stringing__20240103-121446,2024-01-03T12:32:16.641000,base,20240103123216641,False,3072,2048,3383285,103838fb2a4575836979f3ede93d82de
Stringing/Image_20240103123246640.jpg,Stringing,Stringing__20240103-121446,2024-01-03T12:32:46.640000,base,20240103123246640,False,3072,2048,3433926,7be9a90010f57f79e8e6b3ee479f1f90
Stringing/Image_20240103123316659.jpg,Stringing,Stringing__20240103-121446,2024-01-03T12:33:16.659000,base,20240103123316659,False,3072,2048,3367789,6f864ac77f0b5497df032d4dbc685231
Stringing/Image_20240103123346657.jpg,Stringing,Stringing__20240103-121446,2024-01-03T12:33:46.657000,base,20240103123346657,False,3072,2048,3337206,f3c60c26e7cd1887e60c6022b4f08bd4
Stringing/Image_20240103123416620.jpg,Stringing,Stringing__20240103-121446,2024-01-03T12:34:16.620000,base,20240103123416620,False,3072,2048,3442500,22dcbd82b24f7c9ad6334bfd39d3009b
Stringing/Image_20240103123446678_aug.jpg,Stringing,Stringing__20240103-121446,2024-01-03T12:34:46.678000,aug,20240103123446678,True,3072,2048,1299800,1ebedbbad08853a85e4bef1ccfc3ba14
Stringing/Image_20240103123446678.jpg,Stringing,Stringing__20240103-121446,2024-01-03T12:34:46.678000,base,20240103123446678,False,3072,2048,3460071,24e56913316210662a69a9577f38054c
Stringing/Image_20240103123446678_original.jpg,Stringing,Stringing__20240103-121446,2024-01-03T12:34:46.678000,original,20240103123446678,True,3072,2048,1299800,1ebedbbad08853a85e4bef1ccfc3ba14
Stringing/Image_20240103123516631.jpg,Stringing,Stringing__20240103-121446,2024-01-03T12:35:16.631000,base,20240103123516631,False,3072,2048,3421962,7526963d85a6c8ec1c9cd882b8361b88
Stringing/Image_20240103123546638.jpg,Stringing,Stringing__20240103-121446,2024-01-03T12:35:46.638000,base,20240103123546638,False,3072,2048,3426819,aa8a2c0aedada2ea0404b09b3ffa0b76
Stringing/Image_20240103123616640.jpg,Stringing,Stringing__20240103-121446,2024-01-03T12:36:16.640000,base,20240103123616640,False,3072,2048,3419024,66c67fcc192beb9e69e45d100e5c29c8
Stringing/Image_20240103123646652.jpg,Stringing,Stringing__20240103-121446,2024-01-03T12:36:46.652000,base,20240103123646652,False,3072,2048,3386961,a7873e7ca78a2dd7d80c7f07de3ebfe4
Stringing/Image_20240103123716661.jpg,Stringing,Stringing__20240103-121446,2024-01-03T12:37:16.661000,base,20240103123716661,False,3072,2048,3374369,8cc4758139854289244cfc11ab12c70e
Stringing/Image_20240103123746665.jpg,Stringing,Stringing__20240103-121446,2024-01-03T12:37:46.665000,base,20240103123746665,False,3072,2048,3388493,ee940c586a1bada1b6e3df1f6bc16ef1
Stringing/Image_20240103123816665.jpg,Stringing,Stringing__20240103-121446,2024-01-03T12:38:16.665000,base,20240103123816665,False,3072,2048,3514580,187e713a8cd561c97b5e7c3a84707bd3
Stringing/Image_20240103133916675_aug.jpg,Stringing,Stringing__20240103-133916,2024-01-03T13:39:16.675000,aug,20240103133916675,True,3072,2048,1304102,bf0b37cb688ddcccd46549d3010409b8
Stringing/Image_20240103133916675.jpg,Stringing,Stringing__20240103-133916,2024-01-03T13:39:16.675000,base,20240103133916675,False,3072,2048,3390896,069f570e2e40362cb778a62c24537c11
Stringing/Image_20240103133916675_original.jpg,Stringing,Stringing__20240103-133916,2024-01-03T13:39:16.675000,original,20240103133916675,True,3072,2048,1304622,906f8c909cbd8e3bbbc6269163d0d140
Stringing/Image_20240103133946623.jpg,Stringing,Stringing__20240103-133916,2024-01-03T13:39:46.623000,base,20240103133946623,False,3072,2048,2933574,d6f1047dedf448b18096773cb5c3c5c6
Stringing/Image_20240103134016638.jpg,Stringing,Stringing__20240103-133916,2024-01-03T13:40:16.638000,base,20240103134016638,False,3072,2048,3269865,60de8eb135bf045a27df8b31dd364d10
Stringing/Image_20240103134046641.jpg,Stringing,Stringing__20240103-133916,2024-01-03T13:40:46.641000,base,20240103134046641,False,3072,2048,3157133,66ee784bd9ee783e1ebc1c4ca6d33757
Stringing/Image_20240103134116649.jpg,Stringing,Stringing__20240103-133916,2024-01-03T13:41:16.649000,base,20240103134116649,False,3072,2048,3163643,7b2a15dd8233b9b9d4e1b6de0ed765a9
Stringing/Image_20240103134146654.jpg,Stringing,Stringing__20240103-133916,2024-01-03T13:41:46.654000,base,20240103134146654,False,3072,2048,3176264,953c9135f6453cd7c6a611ace9fc3817
Stringing/Image_20240103134216651.jpg,Stringing,Stringing__20240103-133916,2024-01-03T13:42:16.651000,base,20240103134216651,False,3072,2048,3173209,21d60cad7c2b14ce60d95c2e1e8c04a9
Stringing/Image_20240103134246658.jpg,Stringing,Stringing__20240103-133916,2024-01-03T13:42:46.658000,base,20240103134246658,False,3072,2048,2972977,84ef0bfc8545d84c36730b46f444c8be
Stringing/Image_20240103134316673.jpg,Stringing,Stringing__20240103-133916,2024-01-03T13:43:16.673000,base,20240103134316673,False,3072,2048,2973603,386c096bbf1fa3b3e4a06b0aeed7a645
Stringing/Image_20240103134346683.jpg,Stringing,Stringing__20240103-133916,2024-01-03T13:43:46.683000,base,20240103134346683,False,3072,2048,3241808,03bcc014752dd37179a14d909499b63b
Stringing/Image_20240103134416626_aug.jpg,Stringing,Stringing__20240103-133916,2024-01-03T13:44:16.626000,aug,20240103134416626,True,3072,2048,1053866,102625973262155d869d2056fddc9913
Stringing/Image_20240103134416626.jpg,Stringing,Stringing__20240103-133916,2024-01-03T13:44:16.626000,base,20240103134416626,False,3072,2048,2844790,1ce143590b5d96c587e978bcbec99551
Stringing/Image_20240103134416626_original.jpg,Stringing,Stringing__20240103-133916,2024-01-03T13:44:16.626000,original,20240103134416626,True,3072,2048,1053866,102625973262155d869d2056fddc9913
Stringing/Image_20240103134446642.jpg,Stringing,Stringing__20240103-133916,2024-01-03T13:44:46.642000,base,20240103134446642,False,3072,2048,3127689,3c8d868510b3bd93b0d66db4e7ed99d1
Stringing/Image_20240103134516643.jpg,Stringing,Stringing__20240103-133916,2024-01-03T13:45:16.643000,base,20240103134516643,False,3072,2048,2933676,e5aea3150325f3a8d7b80573b207fda8
Stringing/Image_20240103134546652.jpg,Stringing,Stringing__20240103-133916,2024-01-03T13:45:46.652000,base,20240103134546652,False,3072,2048,2921568,f486151cbb946181ec74e5a29eb6b1d5
Stringing/Image_20240103134616664.jpg,Stringing,Stringing__20240103-133916,2024-01-03T13:46:16.664000,base,20240103134616664,False,3072,2048,3231697,985fec812ef1a6ac8fd855b17b5a077d
Stringing/Image_20240103134646670.jpg,Stringing,Stringing__20240103-133916,2024-01-03T13:46:46.670000,base,20240103134646670,False,3072,2048,3089231,ee481721ddf4bfecac6e86bb41a696b0
Stringing/Image_20240103134716674.jpg,Stringing,Stringing__20240103-133916,2024-01-03T13:47:16.674000,base,20240103134716674,False,3072,2048,3214931,6bde21b2a655b2ea7e1b6a6f70236387
Stringing/Image_20240103134746624.jpg,Stringing,Stringing__20240103-133916,2024-01-03T13:47:46.624000,base,20240103134746624,False,3072,2048,3156836,48973f916a9e244bc5c4ec9fb76effc9
Stringing/Image_20240103134816635.jpg,Stringing,Stringing__20240103-133916,2024-01-03T13:48:16.635000,base,20240103134816635,False,3072,2048,3245417,e5c250243f2cbdca73dbca0aaa9c5a1a
Stringing/Image_20240103134846635.jpg,Stringing,Stringing__20240103-133916,2024-01-03T13:48:46.635000,base,20240103134846635,False,3072,2048,3251465,e49dc30d117e9ac0ad8297655f81cf89
Stringing/Image_20240103134916647_aug.jpg,Stringing,Stringing__20240103-133916,2024-01-03T13:49:16.647000,aug,20240103134916647,True,3072,2048,1281190,445590f8db95b1aa95e87a9d4e8c5f05
Stringing/Image_20240103134916647.jpg,Stringing,Stringing__20240103-133916,2024-01-03T13:49:16.647000,base,20240103134916647,False,3072,2048,3369372,804c500f925024297c6b3cf59e35778e
Stringing/Image_20240103134916647_original.jpg,Stringing,Stringing__20240103-133916,2024-01-03T13:49:16.647000,original,20240103134916647,True,3072,2048,1281190,445590f8db95b1aa95e87a9d4e8c5f05
Stringing/Image_20240103134946656.jpg,Stringing,Stringing__20240103-133916,2024-01-03T13:49:46.656000,base,20240103134946656,False,3072,2048,3280771,657ed09bbcca1ea629f8b80fb5b2d353
Stringing/Image_20240103135016655.jpg,Stringing,Stringing__20240103-133916,2024-01-03T13:50:16.655000,base,20240103135016655,False,3072,2048,3372673,a23944c1b9648c72d5c03f2d81e8c276
Stringing/Image_20240103135046666.jpg,Stringing,Stringing__20240103-133916,2024-01-03T13:50:46.666000,base,20240103135046666,False,3072,2048,3311519,d72ee9557cf87b7d1dce60f1669fcabb
Stringing/Image_20240103135116665.jpg,Stringing,Stringing__20240103-133916,2024-01-03T13:51:16.665000,base,20240103135116665,False,3072,2048,3195854,1d478833093200a9bbd37d0315d9ffb5
Stringing/Image_20240103135146625.jpg,Stringing,Stringing__20240103-133916,2024-01-03T13:51:46.625000,base,20240103135146625,False,3072,2048,3363175,eaa0fbc9ab7d5df4255284e27ac59f91
Stringing/Image_20240103135216622.jpg,Stringing,Stringing__20240103-133916,2024-01-03T13:52:16.622000,base,20240103135216622,False,3072,2048,3171843,7604be7cddd3be1e3a5145130ab8a69f
Stringing/Image_20240103135246628.jpg,Stringing,Stringing__20240103-133916,2024-01-03T13:52:46.628000,base,20240103135246628,False,3072,2048,3274039,20386a42a60f28f44fcf02031be18282
Stringing/Image_20240103135316639.jpg,Stringing,Stringing__20240103-133916,2024-01-03T13:53:16.639000,base,20240103135316639,False,3072,2048,3273065,4591b7e7f1721c5446cf79aac7f49734
Stringing/Image_20240103135346656.jpg,Stringing,Stringing__20240103-133916,2024-01-03T13:53:46.656000,base,20240103135346656,False,3072,2048,3307682,4100031609de2c960b5dddf093a7b86e
Stringing/Image_20240103135416648_aug.jpg,Stringing,Stringing__20240103-133916,2024-01-03T13:54:16.648000,aug,20240103135416648,True,3072,2048,1248269,56dd2e13a074131c2d26239eacb8a2fa
Stringing/Image_20240103135416648.jpg,Stringing,Stringing__20240103-133916,2024-01-03T13:54:16.648000,base,20240103135416648,False,3072,2048,3294093,54705d3d75554f19fced6cb04dfcf360
Stringing/Image_20240103135416648_original.jpg,Stringing,Stringing__20240103-133916,2024-01-03T13:54:16.648000,original,20240103135416648,True,3072,2048,1250073,a7db962d2c2ca052cabc63f028b6ab5f
Stringing/Image_20240103135446657.jpg,Stringing,Stringing__20240103-133916,2024-01-03T13:54:46.657000,base,20240103135446657,False,3072,2048,3275854,8a0f52adcd97cf19798f260a982b21f2
Stringing/Image_20240103135516666.jpg,Stringing,Stringing__20240103-133916,2024-01-03T13:55:16.666000,base,20240103135516666,False,3072,2048,3357270,bbc7c69ebe1e82bf387a574d55ab6dc1
Stringing/Image_20240103135546626.jpg,Stringing,Stringing__20240103-133916,2024-01-03T13:55:46.626000,base,20240103135546626,False,3072,2048,3290193,061d45178aaeaa3283c68f27a92f8ca8
Stringing/Image_20240103135616629.jpg,Stringing,Stringing__20240103-133916,2024-01-03T13:56:16.629000,base,20240103135616629,False,3072,2048,3243671,02ac42bd189f0eee97026393482fc5b1
Stringing/Image_20240103135646639.jpg,Stringing,Stringing__20240103-133916,2024-01-03T13:56:46.639000,base,20240103135646639,False,3072,2048,3298982,f880313821967480763924cacac93852
Stringing/Image_20240103135716648.jpg,Stringing,Stringing__20240103-133916,2024-01-03T13:57:16.648000,base,20240103135716648,False,3072,2048,3244435,15037ffceaea8a5dfae748db756f9269
Stringing/Image_20240103135746651.jpg,Stringing,Stringing__20240103-133916,2024-01-03T13:57:46.651000,base,20240103135746651,False,3072,2048,3321858,7cdbd9b41e9c2964a3097dc6ebd8ee4a
Stringing/Image_20240103135816661.jpg,Stringing,Stringing__20240103-133916,2024-01-03T13:58:16.661000,base,20240103135816661,False,3072,2048,3142844,e5267a02a4afa1e4e11bc0118aa12b70
Stringing/Image_20240103135846669.jpg,Stringing,Stringing__20240103-133916,2024-01-03T13:58:46.669000,base,20240103135846669,False,3072,2048,3269906,47b3aca0efb71cde3caef824a29f1b1a
Stringing/Image_20240103135916664_aug.jpg,Stringing,Stringing__20240103-133916,2024-01-03T13:59:16.664000,aug,20240103135916664,True,3072,2048,1220480,ee9872a226ccacc4154827e5abab6626
Stringing/Image_20240103135916664.jpg,Stringing,Stringing__20240103-133916,2024-01-03T13:59:16.664000,base,20240103135916664,False,3072,2048,3233496,c31ad1b94a697e22eb4467758c89c803
Stringing/Image_20240103135916664_original.jpg,Stringing,Stringing__20240103-133916,2024-01-03T13:59:16.664000,original,20240103135916664,True,3072,2048,1220480,ee9872a226ccacc4154827e5abab6626
Stringing/Image_20240103135946626.jpg,Stringing,Stringing__20240103-133916,2024-01-03T13:59:46.626000,base,20240103135946626,False,3072,2048,3423308,0635088e4c8e70bf48a56dac66eab574
Stringing/Image_20240103140016630.jpg,Stringing,Stringing__20240103-133916,2024-01-03T14:00:16.630000,base,20240103140016630,False,3072,2048,3295151,945f16c4df721ffeed8772de9fe349b4
Stringing/Image_20240103140046633.jpg,Stringing,Stringing__20240103-133916,2024-01-03T14:00:46.633000,base,20240103140046633,False,3072,2048,3276404,6270fefe32e4f7bcafe5ab8d1579a587
Stringing/Image_20240103142446640.jpg,Stringing,Stringing__20240103-142446,2024-01-03T14:24:46.640000,base,20240103142446640,False,3072,2048,3132823,f08af5ee8e3294dfbb8983f84c2088ec
Stringing/Image_20240103142516632.jpg,Stringing,Stringing__20240103-142446,2024-01-03T14:25:16.632000,base,20240103142516632,False,3072,2048,3265226,2bdabf823f6d61da4a0a5013eb1fe876
Stringing/Image_20240103142546642.jpg,Stringing,Stringing__20240103-142446,2024-01-03T14:25:46.642000,base,20240103142546642,False,3072,2048,3304204,76da9446c8d8e7bd26ea57a873b4a985
Stringing/Image_20240103142616654.jpg,Stringing,Stringing__20240103-142446,2024-01-03T14:26:16.654000,base,20240103142616654,False,3072,2048,3048842,5aafa22e9b481de25064d48bfae19b59
Stringing/Image_20240103142646657.jpg,Stringing,Stringing__20240103-142446,2024-01-03T14:26:46.657000,base,20240103142646657,False,3072,2048,3163384,77deb281b213d6bcbb13298ab7a458e3
Stringing/Image_20240103142716671.jpg,Stringing,Stringing__20240103-142446,2024-01-03T14:27:16.671000,base,20240103142716671,False,3072,2048,3178486,44c62c3c5a3c16eec927fa725827c0e3
Stringing/Image_20240103142746622_aug.jpg,Stringing,Stringing__20240103-142446,2024-01-03T14:27:46.622000,aug,20240103142746622,True,3072,2048,1162629,1c86ecf21b2a1cfdeed9bd86de5a1e9f
Stringing/Image_20240103142746622.jpg,Stringing,Stringing__20240103-142446,2024-01-03T14:27:46.622000,base,20240103142746622,False,3072,2048,3176867,d9ee3050e549240cab64dbb5278e1c60
Stringing/Image_20240103142746622_original.jpg,Stringing,Stringing__20240103-142446,2024-01-03T14:27:46.622000,original,20240103142746622,True,3072,2048,1163579,ae633188dfde90b4936f55502e8b19b1
Stringing/Image_20240103142816626.jpg,Stringing,Stringing__20240103-142446,2024-01-03T14:28:16.626000,base,20240103142816626,False,3072,2048,3245163,e5e77b4ff9b90931752ef97cef765a4e
Stringing/Image_20240103142846626.jpg,Stringing,Stringing__20240103-142446,2024-01-03T14:28:46.626000,base,20240103142846626,False,3072,2048,3363463,a2b797d0ba0b86e24bd6badcaa12e9ad
Stringing/Image_20240103142916645.jpg,Stringing,Stringing__20240103-142446,2024-01-03T14:29:16.645000,base,20240103142916645,False,3072,2048,3207163,effe4d7192a6fae708d3e4b6ded1b8e1
Stringing/Image_20240103142946648.jpg,Stringing,Stringing__20240103-142446,2024-01-03T14:29:46.648000,base,20240103142946648,False,3072,2048,3200386,3662e83ba0b1c698d9dff8d8349e9583
Stringing/Image_20240103143016659.jpg,Stringing,Stringing__20240103-142446,2024-01-03T14:30:16.659000,base,20240103143016659,False,3072,2048,3132586,cf85ead31c4bc6536f458ac53db2fd20
Stringing/Image_20240103143046658.jpg,Stringing,Stringing__20240103-142446,2024-01-03T14:30:46.658000,base,20240103143046658,False,3072,2048,3081777,afae6450a84e71c0a64376e07bc86998
Stringing/Image_20240103143116660.jpg,Stringing,Stringing__20240103-142446,2024-01-03T14:31:16.660000,base,20240103143116660,False,3072,2048,3157776,04810d32501fc19dd9705880f019dca4
Stringing/Image_20240103143146679.jpg,Stringing,Stringing__20240103-142446,2024-01-03T14:31:46.679000,base,20240103143146679,False,3072,2048,3185481,a9962cdb3cb806614b528a0ac64e20ca
Stringing/Image_20240103143216625.jpg,Stringing,Stringing__20240103-142446,2024-01-03T14:32:16.625000,base,20240103143216625,False,3072,2048,3135967,b8c3a55f303c398562adc334086bb5e7
Stringing/Image_20240103143246631.jpg,Stringing,Stringing__20240103-142446,2024-01-03T14:32:46.631000,base,20240103143246631,False,3072,2048,3103741,9420c0ec9fd141cc31c480721b8e3a3b
Stringing/Image_20240103143316640_aug.jpg,Stringing,Stringing__20240103-142446,2024-01-03T14:33:16.640000,aug,20240103143316640,True,3072,2048,1009987,b40d38698fd61f4848b163066f958ab5
Stringing/Image_20240103143316640.jpg,Stringing,Stringing__20240103-142446,2024-01-03T14:33:16.640000,base,20240103143316640,False,3072,2048,3123351,fcb6bb555d4ec55db04668e6edde0e98
Stringing/Image_20240103143316640_original.jpg,Stringing,Stringing__20240103-142446,2024-01-03T14:33:16.640000,original,20240103143316640,True,3072,2048,1128188,78ca1b1f9641921ea6d714eceba2d77e
Stringing/Image_20240103143346655.jpg,Stringing,Stringing__20240103-142446,2024-01-03T14:33:46.655000,base,20240103143346655,False,3072,2048,3129261,538adc3b6e5c33d12fb6e08e3c7c2624
Stringing/Image_20240103143416647.jpg,Stringing,Stringing__20240103-142446,2024-01-03T14:34:16.647000,base,20240103143416647,False,3072,2048,3263374,df6f323b5ecfaec2d04f0498c8c51bcc
Stringing/Image_20240103143446655.jpg,Stringing,Stringing__20240103-142446,2024-01-03T14:34:46.655000,base,20240103143446655,False,3072,2048,3293146,f32b680c4b0cf4ea273b679054ec7e74
Stringing/Image_20240103143516675.jpg,Stringing,Stringing__20240103-142446,2024-01-03T14:35:16.675000,base,20240103143516675,False,3072,2048,3244461,75832f53a2dc04166dd56e09dfaef681
Stringing/Image_20240103143546628.jpg,Stringing,Stringing__20240103-142446,2024-01-03T14:35:46.628000,base,20240103143546628,False,3072,2048,3345564,f0da93c2edd9abe0777b284ad45e0291
Stringing/Image_20240103143616624.jpg,Stringing,Stringing__20240103-142446,2024-01-03T14:36:16.624000,base,20240103143616624,False,3072,2048,3239389,c5164ec23a41202c4190e8af0bdd6846
Stringing/Image_20240103143646635.jpg,Stringing,Stringing__20240103-142446,2024-01-03T14:36:46.635000,base,20240103143646635,False,3072,2048,3386305,448e974d71d6c501ed25d446b83f9b2e
Stringing/Image_20240103143716641.jpg,Stringing,Stringing__20240103-142446,2024-01-03T14:37:16.641000,base,20240103143716641,False,3072,2048,3364509,cec5aea2be64b676ea5122d5fc91c8a8
Stringing/Image_20240103143746641.jpg,Stringing,Stringing__20240103-142446,2024-01-03T14:37:46.641000,base,20240103143746641,False,3072,2048,3398191,e517d59d3515d918f5d1922228ae942e
Stringing/Image_20240103143816654_aug.jpg,Stringing,Stringing__20240103-142446,2024-01-03T14:38:16.654000,aug,20240103143816654,True,3072,2048,1203668,be6626e5bfe5e0f508598153008c587d
Stringing/Image_20240103143816654.jpg,Stringing,Stringing__20240103-142446,2024-01-03T14:38:16.654000,base,20240103143816654,False,3072,2048,3445405,d49ebcf4e1b9e7652a35cf5866fc477f
Stringing/Image_20240103143816654_original.jpg,Stringing,Stringing__20240103-142446,2024-01-03T14:38:16.654000,original,20240103143816654,True,3072,2048,1281575,6d5c9caf49ed94986a7b4767793a36d1
Stringing/Image_20240103143846668.jpg,Stringing,Stringing__20240103-142446,2024-01-03T14:38:46.668000,base,20240103143846668,False,3072,2048,3332843,fc47d46d6faa05256abd603ac03b31c7
Stringing/Image_20240103143916661.jpg,Stringing,Stringing__20240103-142446,2024-01-03T14:39:16.661000,base,20240103143916661,False,3072,2048,3295740,c2b13b76b001e0b4305f8500de1b96c7
Stringing/Image_20240103143946626.jpg,Stringing,Stringing__20240103-142446,2024-01-03T14:39:46.626000,base,20240103143946626,False,3072,2048,3347290,77af3123347349c8691d77da7744834a
Stringing/Image_20240103144016665.jpg,Stringing,Stringing__20240103-142446,2024-01-03T14:40:16.665000,base,20240103144016665,False,3072,2048,3354511,9452bab577b08bb8a9f2d6d6eb043423
Stringing/Image_20240103144046642.jpg,Stringing,Stringing__20240103-142446,2024-01-03T14:40:46.642000,base,20240103144046642,False,3072,2048,3293959,35015916af529ba83b850468ffd21d54
Stringing/Image_20240103144116636.jpg,Stringing,Stringing__20240103-142446,2024-01-03T14:41:16.636000,base,20240103144116636,False,3072,2048,3288778,4ddd51ad7594c78d0f5b0065bc365b5a
Stringing/Image_20240103144146655.jpg,Stringing,Stringing__20240103-142446,2024-01-03T14:41:46.655000,base,20240103144146655,False,3072,2048,3742770,53c3ff054c3393aea046e70c7c09ceac
Stringing/Image_20240103144216649.jpg,Stringing,Stringing__20240103-142446,2024-01-03T14:42:16.649000,base,20240103144216649,False,3072,2048,3748468,2bcb745bf96579b53a00bfccd4eb8d27
Stringing/Image_20240103174123177.jpg,Stringing,Stringing__20240103-174123,2024-01-03T17:41:23.177000,base,20240103174123177,False,3072,2048,3058459,c389d561dec51416e7ce379722531822
Stringing/Image_20240103174153174.jpg,Stringing,Stringing__20240103-174123,2024-01-03T17:41:53.174000,base,20240103174153174,False,3072,2048,3033133,932c4d4b5a80c9cded5ca8be5e53d31f
Stringing/Image_20240103174223192.jpg,Stringing,Stringing__20240103-174123,2024-01-03T17:42:23.192000,base,20240103174223192,False,3072,2048,3020608,915f82c9f87c3b0d97bfd560ffce82b9
Stringing/Image_20240103174253142.jpg,Stringing,Stringing__20240103-174123,2024-01-03T17:42:53.142000,base,20240103174253142,False,3072,2048,3085102,ef16f8d4233dadb24b27e574db1de789
Stringing/Image_20240103174323150.jpg,Stringing,Stringing__20240103-174123,2024-01-03T17:43:23.150000,base,20240103174323150,False,3072,2048,2810550,14c62c84cd7ac34dc01609877f56bd8f
Stringing/Image_20240103174353158.jpg,Stringing,Stringing__20240103-174123,2024-01-03T17:43:53.158000,base,20240103174353158,False,3072,2048,3123362,b79918264a1ce22ec80398105e19726a
Stringing/Image_20240103174423191.jpg,Stringing,Stringing__20240103-174123,2024-01-03T17:44:23.191000,base,20240103174423191,False,3072,2048,3166220,60299924abc87dfa92a15b5af7364e23
Stringing/Image_20240103174453175.jpg,Stringing,Stringing__20240103-174123,2024-01-03T17:44:53.175000,base,20240103174453175,False,3072,2048,3160243,aa337c6fa8c8e3db1d5994c8b0b8622b
Stringing/Image_20240103174523141.jpg,Stringing,Stringing__20240103-174123,2024-01-03T17:45:23.141000,base,20240103174523141,False,3072,2048,3175827,d7b22a629124a99f7efb45cd31552776
Stringing/Image_20240103174553185.jpg,Stringing,Stringing__20240103-174123,2024-01-03T17:45:53.185000,base,20240103174553185,False,3072,2048,3202501,f495c574239199d441c92c41858716a0
Stringing/Image_20240103174623156.jpg,Stringing,Stringing__20240103-174123,2024-01-03T17:46:23.156000,base,20240103174623156,False,3072,2048,3242093,f44b7efe82b346afaa33ca46a9178cbb
Stringing/Image_20240103174653187.jpg,Stringing,Stringing__20240103-174123,2024-01-03T17:46:53.187000,base,20240103174653187,False,3072,2048,3201585,d20ad6864b303173ed3cf319d832343c
Stringing/Image_20240103174723166.jpg,Stringing,Stringing__20240103-174123,2024-01-03T17:47:23.166000,base,20240103174723166,False,3072,2048,3196866,7f11f0a97094e578a5f74ac8e9487821
Stringing/Image_20240103174753198_aug.jpg,Stringing,Stringing__20240103-174123,2024-01-03T17:47:53.198000,aug,20240103174753198,True,3072,2048,1138026,1d054f3f2049e35ae156ab30a619b9f8
Stringing/Image_20240103174753198.jpg,Stringing,Stringing__20240103-174123,2024-01-03T17:47:53.198000,base,20240103174753198,False,3072,2048,3185574,65668550b14e5f00374b8f9a6cb3eff6
Stringing/Image_20240103174753198_original.jpg,Stringing,Stringing__20240103-174123,2024-01-03T17:47:53.198000,original,20240103174753198,True,3072,2048,1164643,69c7c004b5e8428f8d5da1037fda1e2d
Stringing/Image_20240103174823172.jpg,Stringing,Stringing__20240103-174123,2024-01-03T17:48:23.172000,base,20240103174823172,False,3072,2048,3250272,746ddc021e32795344d110b9fe1a2899
Stringing/Image_20240103174853138.jpg,Stringing,Stringing__20240103-174123,2024-01-03T17:48:53.138000,base,20240103174853138,False,3072,2048,3209968,ed1b4767a86c655df3cb84970019e385
Stringing/Image_20240103174923178.jpg,Stringing,Stringing__20240103-174123,2024-01-03T17:49:23.178000,base,20240103174923178,False,3072,2048,3256932,d271c6bb60360ca48f437fae24c12c64
Stringing/Image_20240103174953155.jpg,Stringing,Stringing__20240103-174123,2024-01-03T17:49:53.155000,base,20240103174953155,False,3072,2048,3300625,3b4708f7a31747eca31d061821e0ddad
Stringing/Image_20240103175023188.jpg,Stringing,Stringing__20240103-174123,2024-01-03T17:50:23.188000,base,20240103175023188,False,3072,2048,3248835,a6a53cc8e8ed1d27f160b8019511e14d
Stringing/Image_20240103175053157.jpg,Stringing,Stringing__20240103-174123,2024-01-03T17:50:53.157000,base,20240103175053157,False,3072,2048,3264329,20f3a22e734f8fae1662b1fd7add3a88
Stringing/Image_20240103175123190.jpg,Stringing,Stringing__20240103-174123,2024-01-03T17:51:23.190000,base,20240103175123190,False,3072,2048,3277151,3dfb2be7476088c066a8e6f6ee981f17
Stringing/Image_20240103175153169.jpg,Stringing,Stringing__20240103-174123,2024-01-03T17:51:53.169000,base,20240103175153169,False,3072,2048,3293828,c05b7457eb3f3e2ad2d51f1979e3f70d
Stringing/Image_20240103175223149.jpg,Stringing,Stringing__20240103-174123,2024-01-03T17:52:23.149000,base,20240103175223149,False,3072,2048,3367785,76c7e3e51546bc6e3d56b3c5323c42cb
Stringing/Image_20240103175253171_aug.jpg,Stringing,Stringing__20240103-174123,2024-01-03T17:52:53.171000,aug,20240103175253171,True,3072,2048,1210208,3cf2b066b357eeada10d53372b187161
Stringing/Image_20240103175253171.jpg,Stringing,Stringing__20240103-174123,2024-01-03T17:52:53.171000,base,20240103175253171,False,3072,2048,3300792,bfb972bfd7a49e49254d08f4090c1dff
Stringing/Image_20240103175253171_original.jpg,Stringing,Stringing__20240103-174123,2024-01-03T17:52:53.171000,original,20240103175253171,True,3072,2048,1212064,c16e475cde8eaac31a0ccdeaaf91c65e
Stringing/Image_20240103175323155.jpg,Stringing,Stringing__20240103-174123,2024-01-03T17:53:23.155000,base,20240103175323155,False,3072,2048,3409720,74999ede8eac5dc1f91bf9a6a559424e
Stringing/Image_20240103175353189.jpg,Stringing,Stringing__20240103-174123,2024-01-03T17:53:53.189000,base,20240103175353189,False,3072,2048,3356218,aeaee9233a942036a18970cf2208d317
Stringing/Image_20240103175423155.jpg,Stringing,Stringing__20240103-174123,2024-01-03T17:54:23.155000,base,20240103175423155,False,3072,2048,3425993,bb4e944902670e783e2b981f2a38de3c
Stringing/Image_20240103175453140.jpg,Stringing,Stringing__20240103-174123,2024-01-03T17:54:53.140000,base,20240103175453140,False,3072,2048,3306866,4ac2a97a717e0c906ffcb9acb84f95ee
Stringing/Image_20240103175523172.jpg,Stringing,Stringing__20240103-174123,2024-01-03T17:55:23.172000,base,20240103175523172,False,3072,2048,3472681,e32925546b9774cbdadd64d2c5b295d2
Stringing/Image_20240103175553200.jpg,Stringing,Stringing__20240103-174123,2024-01-03T17:55:53.200000,base,20240103175553200,False,3072,2048,3557714,2c488a5c9e43af733ef2bf3e8fbdca0a
Stringing/Image_20240103175623171.jpg,Stringing,Stringing__20240103-174123,2024-01-03T17:56:23.171000,base,20240103175623171,False,3072,2048,3427521,61c740bb7b36400fbc54b0b49e3bcb33
Stringing/Image_20240103175653155.jpg,Stringing,Stringing__20240103-174123,2024-01-03T17:56:53.155000,base,20240103175653155,False,3072,2048,3502634,eea5af35c9152a100a545a6344e762e3
Stringing/Image_20240103175723178.jpg,Stringing,Stringing__20240103-174123,2024-01-03T17:57:23.178000,base,20240103175723178,False,3072,2048,3423653,0e48b995b5a7efb20282b0900c11c09c
Stringing/Image_20240118112355139.jpg,Stringing,Stringing__20240118-112355,2024-01-18T11:23:55.139000,base,20240118112355139,False,3072,2048,3303127,82417a034d46fdc081184e041cf80cd3
Stringing/Image_20240118112425147.jpg,Stringing,Stringing__20240118-112355,2024-01-18T11:24:25.147000,base,20240118112425147,False,3072,2048,3154246,bbc406482fea9b48571a799a95a7fc96
Stringing/Image_20240118112455156.jpg,Stringing,Stringing__20240118-112355,2024-01-18T11:24:55.156000,base,20240118112455156,False,3072,2048,3317454,1b19cc53d41c7284287c15e7dc143010
Stringing/Image_20240118112525155.jpg,Stringing,Stringing__20240118-112355,2024-01-18T11:25:25.155000,base,20240118112525155,False,3072,2048,3308688,e8a5b2d0962b07e5e15dd0668b952716
Stringing/Image_20240118112555161.jpg,Stringing,Stringing__20240118-112355,2024-01-18T11:25:55.161000,base,20240118112555161,False,3072,2048,3288606,83b66b2460a8421c1c46d6810900b86a
Stringing/Image_20240118112625174.jpg,Stringing,Stringing__20240118-112355,2024-01-18T11:26:25.174000,base,20240118112625174,False,3072,2048,3239278,8686ba52e55d0eb922423a8cc815acf2
Stringing/Image_20240118112655177.jpg,Stringing,Stringing__20240118-112355,2024-01-18T11:26:55.177000,base,20240118112655177,False,3072,2048,3073767,ee7a0d9b40e8340b3fdf00686b7fcf00
Stringing/Image_20240118112725177.jpg,Stringing,Stringing__20240118-112355,2024-01-18T11:27:25.177000,base,20240118112725177,False,3072,2048,3223160,6bd7eaadce4e37a1ea19100517d78b28
Stringing/Image_20240118112755144.jpg,Stringing,Stringing__20240118-112355,2024-01-18T11:27:55.144000,base,20240118112755144,False,3072,2048,3031225,afc0977379e4c96642542584838fae0b
Stringing/Image_20240118112825140.jpg,Stringing,Stringing__20240118-112355,2024-01-18T11:28:25.140000,base,20240118112825140,False,3072,2048,3200066,c5aa350e67cfa9239657a6fa47d4a944
Stringing/Image_20240118112855153.jpg,Stringing,Stringing__20240118-112355,2024-01-18T11:28:55.153000,base,20240118112855153,False,3072,2048,3194734,af6173c8e6d42e7654b45306733c0eb8
Stringing/Image_20240118112925157.jpg,Stringing,Stringing__20240118-112355,2024-01-18T11:29:25.157000,base,20240118112925157,False,3072,2048,3188580,4a65e1c9199c350346022534042ff450
Stringing/Image_20240118112955159.jpg,Stringing,Stringing__20240118-112355,2024-01-18T11:29:55.159000,base,20240118112955159,False,3072,2048,2978844,4f4539c6a1ce6421036f5bec294693eb
Stringing/Image_20240118113025171.jpg,Stringing,Stringing__20240118-112355,2024-01-18T11:30:25.171000,base,20240118113025171,False,3072,2048,3160247,eaf96c05e4b7811e1ca8daeaf5ad1c86
Stringing/Image_20240118113055180.jpg,Stringing,Stringing__20240118-112355,2024-01-18T11:30:55.180000,base,20240118113055180,False,3072,2048,2970702,13ab27399242ff11b9d2c919ae9712ce
Stringing/Image_20240118113125184.jpg,Stringing,Stringing__20240118-112355,2024-01-18T11:31:25.184000,base,20240118113125184,False,3072,2048,3135395,edb5a0f8c1f882dc4586ee294f6208ff
Stringing/Image_20240118113155144.jpg,Stringing,Stringing__20240118-112355,2024-01-18T11:31:55.144000,base,20240118113155144,False,3072,2048,3140378,dd2e0d45f7552cbf0b16bc5aafe7a8b6
Stringing/Image_20240118113225144.jpg,Stringing,Stringing__20240118-112355,2024-01-18T11:32:25.144000,base,20240118113225144,False,3072,2048,2915250,cc8e822b540fd621ff8d863487e89b56
Stringing/Image_20240118113255140.jpg,Stringing,Stringing__20240118-112355,2024-01-18T11:32:55.140000,base,20240118113255140,False,3072,2048,3076904,8275ef8164fa8a944a0bfd89c1d233d3
Stringing/Image_20240118113325155.jpg,Stringing,Stringing__20240118-112355,2024-01-18T11:33:25.155000,base,20240118113325155,False,3072,2048,2830135,cf25c5c93da74357e1ab10e23b7da0c9
Stringing/Image_20240118113355164.jpg,Stringing,Stringing__20240118-112355,2024-01-18T11:33:55.164000,base,20240118113355164,False,3072,2048,3253136,82358f091d7b823c090771d497bf498f
Stringing/Image_20240118113425161.jpg,Stringing,Stringing__20240118-112355,2024-01-18T11:34:25.161000,base,20240118113425161,False,3072,2048,3054418,62558adf0003674ed9d84bd8aed6f78a
Stringing/Image_20240118113455167.jpg,Stringing,Stringing__20240118-112355,2024-01-18T11:34:55.167000,base,20240118113455167,False,3072,2048,2801253,313a3b68c1785a6678657d473e9e5085
Stringing/Image_20240118113525179.jpg,Stringing,Stringing__20240118-112355,2024-01-18T11:35:25.179000,base,20240118113525179,False,3072,2048,3010394,49adebc1316ea65e83cbb974fa64c50a
Stringing/Image_20240118113555183.jpg,Stringing,Stringing__20240118-112355,2024-01-18T11:35:55.183000,base,20240118113555183,False,3072,2048,2934489,843f0268b21807291f718685acf5fcec
Stringing/Image_20240118113625145.jpg,Stringing,Stringing__20240118-112355,2024-01-18T11:36:25.145000,base,20240118113625145,False,3072,2048,2905051,7f2ce597507869b55920b554e43d11a4
Stringing/Image_20240118113655150.jpg,Stringing,Stringing__20240118-112355,2024-01-18T11:36:55.150000,base,20240118113655150,False,3072,2048,2984419,69ce6977a51eafc79c0331d91c3c1f53
Stringing/Image_20240118113725151.jpg,Stringing,Stringing__20240118-112355,2024-01-18T11:37:25.151000,base,20240118113725151,False,3072,2048,3104276,15fe59e36d298097b57bd188c883d9b7
Stringing/Image_20240118113755154.jpg,Stringing,Stringing__20240118-112355,2024-01-18T11:37:55.154000,base,20240118113755154,False,3072,2048,2982365,ed34c2b5f80518a3fe92349a45fc5c3c
Stringing/Image_20240118113825158.jpg,Stringing,Stringing__20240118-112355,2024-01-18T11:38:25.158000,base,20240118113825158,False,3072,2048,3117687,f560a399978d4839c4552ddbf38c7725
Stringing/Image_20240118113855172.jpg,Stringing,Stringing__20240118-112355,2024-01-18T11:38:55.172000,base,20240118113855172,False,3072,2048,4143088,d9200bbc0714dab48036e5320926054f
Stringing/Image_20240118113925182.jpg,Stringing,Stringing__20240118-112355,2024-01-18T11:39:25.182000,base,20240118113925182,False,3072,2048,4171777,5945ec9603a2f9599a95a2c034c1b50d
Stringing/Image_20240118113955188.jpg,Stringing,Stringing__20240118-112355,2024-01-18T11:39:55.188000,base,20240118113955188,False,3072,2048,4179145,0c4fe0234bbd6fcd9f2bd4bebdd19c13
Stringing/Image_20240118114025139.jpg,Stringing,Stringing__20240118-112355,2024-01-18T11:40:25.139000,base,20240118114025139,False,3072,2048,4168149,bc238ad130e4acd04521b63bd7fc20e7
Stringing/Image_20240118114055149.jpg,Stringing,Stringing__20240118-112355,2024-01-18T11:40:55.149000,base,20240118114055149,False,3072,2048,4129547,c102b580ccb100bc31e15cd2d28a0ed5
Stringing/Image_20240118114125153.jpg,Stringing,Stringing__20240118-112355,2024-01-18T11:41:25.153000,base,20240118114125153,False,3072,2048,4292563,0e41186f86f1aee85355f5cb472b7945
Stringing/Image_20240118114155153.jpg,Stringing,Stringing__20240118-112355,2024-01-18T11:41:55.153000,base,20240118114155153,False,3072,2048,4186485,8022bf203df5555cff6c56d016ba31d6
Stringing/Image_20240118114225176.jpg,Stringing,Stringing__20240118-112355,2024-01-18T11:42:25.176000,base,20240118114225176,False,3072,2048,4241368,7cef06061c803236f5b7bde8cd177498
Stringing/Image_20240118114255169.jpg,Stringing,Stringing__20240118-112355,2024-01-18T11:42:55.169000,base,20240118114255169,False,3072,2048,4068506,e3c570de504f2b7f0cb91dcda40d41ae
Stringing/Image_20240118114325170.jpg,Stringing,Stringing__20240118-112355,2024-01-18T11:43:25.170000,base,20240118114325170,False,3072,2048,4312682,5ed170e10e088bbaf2f959c2d1836cbe
Stringing/Image_20240118114355142.jpg,Stringing,Stringing__20240118-112355,2024-01-18T11:43:55.142000,base,20240118114355142,False,3072,2048,4314989,e3fd3428636a533456d8d4e4e164e510
Stringing/Image_20240118114425141.jpg,Stringing,Stringing__20240118-112355,2024-01-18T11:44:25.141000,base,20240118114425141,False,3072,2048,4380474,b3eb533120b63730c54b02cae54f4629
Stringing/Image_20240118114455145.jpg,Stringing,Stringing__20240118-112355,2024-01-18T11:44:55.145000,base,20240118114455145,False,3072,2048,4432570,c43afceb5a662706f5b61d1fb100558b
Stringing/Image_20240118114525147.jpg,Stringing,Stringing__20240118-112355,2024-01-18T11:45:25.147000,base,20240118114525147,False,3072,2048,4394712,5c0ac7f7a10b9d657a6ab005e7de405e
Stringing/Image_20240118114555159.jpg,Stringing,Stringing__20240118-112355,2024-01-18T11:45:55.159000,base,20240118114555159,False,3072,2048,4422779,3e07aed9ecdb20c599631df0a366aedd
Stringing/Image_20240118114625164.jpg,Stringing,Stringing__20240118-112355,2024-01-18T11:46:25.164000,base,20240118114625164,False,3072,2048,4492076,9a824a40bce63a16af50d6ae07f81869
Stringing/Image_20240118114655159.jpg,Stringing,Stringing__20240118-112355,2024-01-18T11:46:55.159000,base,20240118114655159,False,3072,2048,4482934,8167196bc25e95263c4a5d7799619eb8
Stringing/Image_20240118121555170.jpg,Stringing,Stringing__20240118-121555,2024-01-18T12:15:55.170000,base,20240118121555170,False,3072,2048,2899422,17ace9e72073286ee84b54d6c24f8336
Stringing/Image_20240118121625171.jpg,Stringing,Stringing__20240118-121555,2024-01-18T12:16:25.171000,base,20240118121625171,False,3072,2048,2915163,f500eef0117ea398487775c8da66ff81
Stringing/Image_20240118121655182.jpg,Stringing,Stringing__20240118-121555,2024-01-18T12:16:55.182000,base,20240118121655182,False,3072,2048,2913594,b391527d556005ff4a79c94ebb081268
Stringing/Image_20240118121725180.jpg,Stringing,Stringing__20240118-121555,2024-01-18T12:17:25.180000,base,20240118121725180,False,3072,2048,3118199,170a8860cb00975f2099421dfdb31d55
Stringing/Image_20240118121755194.jpg,Stringing,Stringing__20240118-121555,2024-01-18T12:17:55.194000,base,20240118121755194,False,3072,2048,2840224,477cf9830531ff33dbce223bfe65c0d4
Stringing/Image_20240118121825145.jpg,Stringing,Stringing__20240118-121555,2024-01-18T12:18:25.145000,base,20240118121825145,False,3072,2048,2872882,1f11a600ea665e1608c37cf1918e8755
Stringing/Image_20240118121855146.jpg,Stringing,Stringing__20240118-121555,2024-01-18T12:18:55.146000,base,20240118121855146,False,3072,2048,2841721,d3da91d9d7d95f3a642ffcec2bd3c854
Stringing/Image_20240118121925160.jpg,Stringing,Stringing__20240118-121555,2024-01-18T12:19:25.160000,base,20240118121925160,False,3072,2048,2873839,a8b760e09c7e228d43dd6900a497ad20
Stringing/Image_20240118121955169.jpg,Stringing,Stringing__20240118-121555,2024-01-18T12:19:55.169000,base,20240118121955169,False,3072,2048,2983407,27f729e67dd237712447f21f64cce688
Stringing/Image_20240118122025171.jpg,Stringing,Stringing__20240118-121555,2024-01-18T12:20:25.171000,base,20240118122025171,False,3072,2048,2782010,c2f0b0d48aab398f9504a845a1269d7d
Stringing/Image_20240118122055183.jpg,Stringing,Stringing__20240118-121555,2024-01-18T12:20:55.183000,base,20240118122055183,False,3072,2048,2894307,1ec6970ecba183a24cdaa630d37e7c8b
Stringing/Image_20240118122125190.jpg,Stringing,Stringing__20240118-121555,2024-01-18T12:21:25.190000,base,20240118122125190,False,3072,2048,2701770,6f7664be4322b3d7da7899b3bfecd2ec
Stringing/Image_20240118122155139.jpg,Stringing,Stringing__20240118-121555,2024-01-18T12:21:55.139000,base,20240118122155139,False,3072,2048,2914654,62e9ae217c2ffee9c0f31e3575589f10
Stringing/Image_20240118122225200.jpg,Stringing,Stringing__20240118-121555,2024-01-18T12:22:25.200000,base,20240118122225200,False,3072,2048,2939787,fd7f6ebec94c366763117b3529274627
Stringing/Image_20240118122255155.jpg,Stringing,Stringing__20240118-121555,2024-01-18T12:22:55.155000,base,20240118122255155,False,3072,2048,2965499,5cc12cd477fcd14ce9dfaa56cad79074
Stringing/Image_20240118122325157.jpg,Stringing,Stringing__20240118-121555,2024-01-18T12:23:25.157000,base,20240118122325157,False,3072,2048,2943247,1cb25c7c63364d7542811c8b18ec4c58
Stringing/Image_20240118122355163.jpg,Stringing,Stringing__20240118-121555,2024-01-18T12:23:55.163000,base,20240118122355163,False,3072,2048,2987282,a732cf6f077abd63ef38d7b3b404695f
Stringing/Image_20240118122425174.jpg,Stringing,Stringing__20240118-121555,2024-01-18T12:24:25.174000,base,20240118122425174,False,3072,2048,3106320,8b732329702b1eee0fd7946b928b7297
Stringing/Image_20240118122455175.jpg,Stringing,Stringing__20240118-121555,2024-01-18T12:24:55.175000,base,20240118122455175,False,3072,2048,3111047,fc6ca5e7fdc0ccca32fd496dacda3916
Stringing/Image_20240118122525187.jpg,Stringing,Stringing__20240118-121555,2024-01-18T12:25:25.187000,base,20240118122525187,False,3072,2048,3139125,2cec6ab0f8d2e3e158f791d790630b77
Stringing/Image_20240118122555194.jpg,Stringing,Stringing__20240118-121555,2024-01-18T12:25:55.194000,base,20240118122555194,False,3072,2048,3237624,5d00cde7815386ffe49d65eba65455d3
Stringing/Image_20240118122625143.jpg,Stringing,Stringing__20240118-121555,2024-01-18T12:26:25.143000,base,20240118122625143,False,3072,2048,3252800,38ee0c77b65e960ad3a74661f10a974e
Stringing/Image_20240118122655145.jpg,Stringing,Stringing__20240118-121555,2024-01-18T12:26:55.145000,base,20240118122655145,False,3072,2048,3305743,8111c043cade92f7d23d8e93fe79c9cc
Stringing/Image_20240118122725150.jpg,Stringing,Stringing__20240118-121555,2024-01-18T12:27:25.150000,base,20240118122725150,False,3072,2048,3302388,60ab9773882a49fcb289ff89f1ef6dcd
Stringing/Image_20240118122755158.jpg,Stringing,Stringing__20240118-121555,2024-01-18T12:27:55.158000,base,20240118122755158,False,3072,2048,3366897,2a942702cc29032b963092c1c60eaef8
Stringing/Image_20240118122825159.jpg,Stringing,Stringing__20240118-121555,2024-01-18T12:28:25.159000,base,20240118122825159,False,3072,2048,3436907,6d0c104e00be19aa4ddc0f3864b8f212
Stringing/Image_20240118122855180.jpg,Stringing,Stringing__20240118-121555,2024-01-18T12:28:55.180000,base,20240118122855180,False,3072,2048,3407087,be0029acb96460f68baebbc84b391acc
Stringing/Image_20240118122925173.jpg,Stringing,Stringing__20240118-121555,2024-01-18T12:29:25.173000,base,20240118122925173,False,3072,2048,3374999,6fa4c54df9f53b17f2e76c3a11509112
Stringing/Image_20240118122955181.jpg,Stringing,Stringing__20240118-121555,2024-01-18T12:29:55.181000,base,20240118122955181,False,3072,2048,3444707,a50fbec5306578b52d002c9d66b51275
Stringing/Image_20240118123025140.jpg,Stringing,Stringing__20240118-121555,2024-01-18T12:30:25.140000,base,20240118123025140,False,3072,2048,3460938,ae85df43c019517904368ee23475b656
Stringing/Image_20240118123055142.jpg,Stringing,Stringing__20240118-121555,2024-01-18T12:30:55.142000,base,20240118123055142,False,3072,2048,3470182,72ae6723ebada25e97e5019eb7137c62
Stringing/Image_20240118123125152.jpg,Stringing,Stringing__20240118-121555,2024-01-18T12:31:25.152000,base,20240118123125152,False,3072,2048,3474189,b3df55f87e4a22002346a7383216372f
Stringing/Image_20240118123155166.jpg,Stringing,Stringing__20240118-121555,2024-01-18T12:31:55.166000,base,20240118123155166,False,3072,2048,3529483,4d4b17772afcb214d16daad3d371d012
Stringing/Image_20240118123225163.jpg,Stringing,Stringing__20240118-121555,2024-01-18T12:32:25.163000,base,20240118123225163,False,3072,2048,3483724,ba75d9c8a1942ebd8c6cc6b9c5053ad7
Stringing/Image_20240118123255164.jpg,Stringing,Stringing__20240118-121555,2024-01-18T12:32:55.164000,base,20240118123255164,False,3072,2048,3504692,79f7c492bf722678a3b9014c1fce9797
Stringing/Image_20240118123325173.jpg,Stringing,Stringing__20240118-121555,2024-01-18T12:33:25.173000,base,20240118123325173,False,3072,2048,3502365,61354140c3ce928f770e22cf3d4264b2
Stringing/Image_20240118123355180.jpg,Stringing,Stringing__20240118-121555,2024-01-18T12:33:55.180000,base,20240118123355180,False,3072,2048,3525059,073392e5b186bb82f1cad6dbd1949dda
Stringing/Image_20240118123425186.jpg,Stringing,Stringing__20240118-121555,2024-01-18T12:34:25.186000,base,20240118123425186,False,3072,2048,3420818,3ac72fda525d3ba7f5fd4e687d26a644
Stringing/Image_20240118123455148.jpg,Stringing,Stringing__20240118-121555,2024-01-18T12:34:55.148000,base,20240118123455148,False,3072,2048,3476610,6ff2517b7c8f9d212c9609d4938c7317
Stringing/Image_20240118123525149.jpg,Stringing,Stringing__20240118-121555,2024-01-18T12:35:25.149000,base,20240118123525149,False,3072,2048,3398430,63b5946c5e17eabbd399a622cd86a086
Stringing/Image_20240118123555148.jpg,Stringing,Stringing__20240118-121555,2024-01-18T12:35:55.148000,base,20240118123555148,False,3072,2048,3449184,ee38a06da349f9f5a4f93d2422adcecc
Stringing/Image_20240118123625157.jpg,Stringing,Stringing__20240118-121555,2024-01-18T12:36:25.157000,base,20240118123625157,False,3072,2048,3399178,909c3c879b00c5936d28dd5f854bb86e
Stringing/Image_20240118123655162.jpg,Stringing,Stringing__20240118-121555,2024-01-18T12:36:55.162000,base,20240118123655162,False,3072,2048,3344262,98e5291c13af8ff22e798ad6276706d2
Stringing/Image_20240118123725181.jpg,Stringing,Stringing__20240118-121555,2024-01-18T12:37:25.181000,base,20240118123725181,False,3072,2048,3383688,e4392fe7b2dd9fa67ac85087d27370ee
Stringing/Image_20240118123755188.jpg,Stringing,Stringing__20240118-121555,2024-01-18T12:37:55.188000,base,20240118123755188,False,3072,2048,3406277,b650a6c94ac7506ffda9fbfabf2372c6
Stringing/Image_20240118123825189.jpg,Stringing,Stringing__20240118-121555,2024-01-18T12:38:25.189000,base,20240118123825189,False,3072,2048,3433332,189f7346330697e28394b59ed034a4fd
Stringing/Image_20240118123855143.jpg,Stringing,Stringing__20240118-121555,2024-01-18T12:38:55.143000,base,20240118123855143,False,3072,2048,3558511,fad4bce273412e8410011822ad52fa17
Stringing/Image_20240118123925142.jpg,Stringing,Stringing__20240118-121555,2024-01-18T12:39:25.142000,base,20240118123925142,False,3072,2048,3523120,41ea3b92a4327e1932536cea37648370
Stringing/Image_20240118123955150.jpg,Stringing,Stringing__20240118-121555,2024-01-18T12:39:55.150000,base,20240118123955150,False,3072,2048,3643622,edefd86462c1e6890818c851d9f11788
Stringing/Image_20240118124025157.jpg,Stringing,Stringing__20240118-121555,2024-01-18T12:40:25.157000,base,20240118124025157,False,3072,2048,3625690,76ff6c10576e9413eb46e8506955da31
Stringing/Image_20240118124055173.jpg,Stringing,Stringing__20240118-121555,2024-01-18T12:40:55.173000,base,20240118124055173,False,3072,2048,3670524,fe18ac114b9f45a5561aeaabba15fa23
Stringing/Image_20240118124125166.jpg,Stringing,Stringing__20240118-121555,2024-01-18T12:41:25.166000,base,20240118124125166,False,3072,2048,3736150,543f6dca09ad5fd07a94388871f37da8
Stringing/Image_20240118124155185.jpg,Stringing,Stringing__20240118-121555,2024-01-18T12:41:55.185000,base,20240118124155185,False,3072,2048,3755878,9a7bb72a683b008a026f5f289b697053
Stringing/Image_20240118124225189.jpg,Stringing,Stringing__20240118-121555,2024-01-18T12:42:25.189000,base,20240118124225189,False,3072,2048,3696686,1b9fd9393f20c1a21ce71573423136cc
Stringing/Image_20240118124255140.jpg,Stringing,Stringing__20240118-121555,2024-01-18T12:42:55.140000,base,20240118124255140,False,3072,2048,3719497,7220fa3243714fca3772dac1d6849020
Stringing/Image_20240118124325140.jpg,Stringing,Stringing__20240118-121555,2024-01-18T12:43:25.140000,base,20240118124325140,False,3072,2048,3822402,cf37759be131cf894fe803d71d17df74
Stringing/Image_20240118124355150.jpg,Stringing,Stringing__20240118-121555,2024-01-18T12:43:55.150000,base,20240118124355150,False,3072,2048,3686205,aef1b972559e5201e61f90533720c0b9
Stringing/Image_20240118124425156.jpg,Stringing,Stringing__20240118-121555,2024-01-18T12:44:25.156000,base,20240118124425156,False,3072,2048,3776752,ac04ad5232d2d4602e0928392f827bc7
Stringing/Image_20240118124455169.jpg,Stringing,Stringing__20240118-121555,2024-01-18T12:44:55.169000,base,20240118124455169,False,3072,2048,3744890,ea8f49f1cf937bf1a8b06d191c699cef
Stringing/Image_20240118124525171.jpg,Stringing,Stringing__20240118-121555,2024-01-18T12:45:25.171000,base,20240118124525171,False,3072,2048,3791482,1506bef223cdeb1572ef9264e6c7fdbc
Stringing/Image_20240118124555173.jpg,Stringing,Stringing__20240118-121555,2024-01-18T12:45:55.173000,base,20240118124555173,False,3072,2048,3826408,485f13c983f5b71e43d0aaa6b72d77d8
Stringing/Image_20240118124625185.jpg,Stringing,Stringing__20240118-121555,2024-01-18T12:46:25.185000,base,20240118124625185,False,3072,2048,3787763,accff53a2ac17ceb63e864e6a4e46db3
Stringing/Image_20240118124655186.jpg,Stringing,Stringing__20240118-121555,2024-01-18T12:46:55.186000,base,20240118124655186,False,3072,2048,3731198,0cdd4745e97b79fd3ba7c32afccfe111
Stringing/Image_20240118124725151.jpg,Stringing,Stringing__20240118-121555,2024-01-18T12:47:25.151000,base,20240118124725151,False,3072,2048,3775567,c7e108e67ce193348abd80b7fd5f9e2c
Stringing/Image_20240118124755146.jpg,Stringing,Stringing__20240118-121555,2024-01-18T12:47:55.146000,base,20240118124755146,False,3072,2048,3716877,b7180d79d73e4c1c7d2bd4d3777115b9
Stringing/Image_20240118124825162.jpg,Stringing,Stringing__20240118-121555,2024-01-18T12:48:25.162000,base,20240118124825162,False,3072,2048,3725818,00fb9e9cd3b50a338451dae5ad5b49a0
Stringing/Image_20240118124855157.jpg,Stringing,Stringing__20240118-121555,2024-01-18T12:48:55.157000,base,20240118124855157,False,3072,2048,3744967,96feaa559e9590077fea198a597ee721
Stringing/Image_20240118124925167.jpg,Stringing,Stringing__20240118-121555,2024-01-18T12:49:25.167000,base,20240118124925167,False,3072,2048,3755191,d35837662966a2f0b945016cedb77b69
Stringing/Image_20240118124955179.jpg,Stringing,Stringing__20240118-121555,2024-01-18T12:49:55.179000,base,20240118124955179,False,3072,2048,3806441,f7d40d48172ed491158bd7c6c4bedf6e
Stringing/Image_20240118125025183.jpg,Stringing,Stringing__20240118-121555,2024-01-18T12:50:25.183000,base,20240118125025183,False,3072,2048,3992469,5914f50285cf8b42a1105cd6db6b0bc0
Stringing/Image_20240118125055186.jpg,Stringing,Stringing__20240118-121555,2024-01-18T12:50:55.186000,base,20240118125055186,False,3072,2048,3981241,49387b2afb9a25a02865e40b1d97dbbe
Stringing/Image_20240118125125198.jpg,Stringing,Stringing__20240118-121555,2024-01-18T12:51:25.198000,base,20240118125125198,False,3072,2048,3967070,4e17df006c121e9c40edd4558d83a5e3
Stringing/Image_20240118125155142.jpg,Stringing,Stringing__20240118-121555,2024-01-18T12:51:55.142000,base,20240118125155142,False,3072,2048,4106801,1a052c6890a84bb73feba1a290f701ee
Stringing/Image_20240118125225155.jpg,Stringing,Stringing__20240118-121555,2024-01-18T12:52:25.155000,base,20240118125225155,False,3072,2048,4006416,6efbaee5a24ed9ef89ee11bfc26c53f7
Stringing/Image_20240118125255155.jpg,Stringing,Stringing__20240118-121555,2024-01-18T12:52:55.155000,base,20240118125255155,False,3072,2048,4020089,dbc877b419bfe0ea5d45eacecea496b5
Stringing/Image_20240118125325172.jpg,Stringing,Stringing__20240118-121555,2024-01-18T12:53:25.172000,base,20240118125325172,False,3072,2048,4064036,9dc67e7f5d50336c1fcbf881bb4d3e23
Stringing/Image_20240118125355170.jpg,Stringing,Stringing__20240118-121555,2024-01-18T12:53:55.170000,base,20240118125355170,False,3072,2048,4022367,ac584cbdbb16a6b50fce7596a3e5eede
Stringing/Image_20240118125425180.jpg,Stringing,Stringing__20240118-121555,2024-01-18T12:54:25.180000,base,20240118125425180,False,3072,2048,4042324,8990623be82ccf735192192115643761
Stringing/Image_20240118125455181.jpg,Stringing,Stringing__20240118-121555,2024-01-18T12:54:55.181000,base,20240118125455181,False,3072,2048,4033762,3b41592444f484dadeb08e53b05fc2be
Stringing/Image_20240118125525143.jpg,Stringing,Stringing__20240118-121555,2024-01-18T12:55:25.143000,base,20240118125525143,False,3072,2048,4120395,7d27f04c9e470e26ab016f7af334b9e6
Stringing/Image_20240118125555140.jpg,Stringing,Stringing__20240118-121555,2024-01-18T12:55:55.140000,base,20240118125555140,False,3072,2048,4053806,d9c57f0a02511c24c3272c3b7a785cb3
Stringing/Image_20240118125625154.jpg,Stringing,Stringing__20240118-121555,2024-01-18T12:56:25.154000,base,20240118125625154,False,3072,2048,4184763,3109180055ce09bd7a940d07b2237505
Stringing/Image_20240118125655151.jpg,Stringing,Stringing__20240118-121555,2024-01-18T12:56:55.151000,base,20240118125655151,False,3072,2048,4080159,c25539c6879b9443dd0bd8d16dc87643
Stringing/Image_20240118125725166.jpg,Stringing,Stringing__20240118-121555,2024-01-18T12:57:25.166000,base,20240118125725166,False,3072,2048,4079998,d0b05ff11aae592c775f8a13e20ce105
Stringing/Image_20240118125755172.jpg,Stringing,Stringing__20240118-121555,2024-01-18T12:57:55.172000,base,20240118125755172,False,3072,2048,4102280,4f198098c2b94ee20eca928fff8dc38d
Stringing/Image_20240118125825185.jpg,Stringing,Stringing__20240118-121555,2024-01-18T12:58:25.185000,base,20240118125825185,False,3072,2048,4109586,cd8f19b6c296717781e098fd76cac8ee
Stringing/Image_20240118125855185.jpg,Stringing,Stringing__20240118-121555,2024-01-18T12:58:55.185000,base,20240118125855185,False,3072,2048,4104915,c6ceb7c695ab68d42c8204715f52bee0
Stringing/Image_20240118125925186.jpg,Stringing,Stringing__20240118-121555,2024-01-18T12:59:25.186000,base,20240118125925186,False,3072,2048,4068478,23e7f724658797f06c6008d88d551f6f
Stringing/Image_20240118131955140.jpg,Stringing,Stringing__20240118-131955,2024-01-18T13:19:55.140000,base,20240118131955140,False,3072,2048,3204768,fc1bd604ae8d71ae3075369b2cb41429
Stringing/Image_20240118132025148.jpg,Stringing,Stringing__20240118-131955,2024-01-18T13:20:25.148000,base,20240118132025148,False,3072,2048,3473721,fb82b3f31c96dd8c8178bc2b3ccbce2e
Stringing/Image_20240118132055154.jpg,Stringing,Stringing__20240118-131955,2024-01-18T13:20:55.154000,base,20240118132055154,False,3072,2048,3183442,3546eba935902208b4341fa5cc8d0e79
Stringing/Image_20240118132125154.jpg,Stringing,Stringing__20240118-131955,2024-01-18T13:21:25.154000,base,20240118132125154,False,3072,2048,3475108,ed88275422d7269d4201f6eade7aa3e0
Stringing/Image_20240118132155161.jpg,Stringing,Stringing__20240118-131955,2024-01-18T13:21:55.161000,base,20240118132155161,False,3072,2048,3085403,e03d3f014719bd06c93e1b3e29a7a14f
Stringing/Image_20240118132225174.jpg,Stringing,Stringing__20240118-131955,2024-01-18T13:22:25.174000,base,20240118132225174,False,3072,2048,3362912,07ab05142bffe1bdcf06f7a71f931ddd
Stringing/Image_20240118132255177.jpg,Stringing,Stringing__20240118-131955,2024-01-18T13:22:55.177000,base,20240118132255177,False,3072,2048,3051318,eb5bbd43d30b89dbb5c27ee1b3b2b800
Stringing/Image_20240118132325176.jpg,Stringing,Stringing__20240118-131955,2024-01-18T13:23:25.176000,base,20240118132325176,False,3072,2048,3381488,e5a0cfcd79f8c552cee7f7e0fbc8e40e
Stringing/Image_20240118132355188.jpg,Stringing,Stringing__20240118-131955,2024-01-18T13:23:55.188000,base,20240118132355188,False,3072,2048,3038048,4e6f9af8c78a87e1dc1c69b70e2fdfca
Stringing/Image_20240118132425140.jpg,Stringing,Stringing__20240118-131955,2024-01-18T13:24:25.140000,base,20240118132425140,False,3072,2048,3331263,4b19bfbd8df00ebdcc4205cacd2c02da
Stringing/Image_20240118132455148.jpg,Stringing,Stringing__20240118-131955,2024-01-18T13:24:55.148000,base,20240118132455148,False,3072,2048,3344995,7481661270b433497871f5b5f4fd658b
Stringing/Image_20240118132525151.jpg,Stringing,Stringing__20240118-131955,2024-01-18T13:25:25.151000,base,20240118132525151,False,3072,2048,3265663,738922a2f9bf14e1cb5b11d30f3cc053
Stringing/Image_20240118132555157.jpg,Stringing,Stringing__20240118-131955,2024-01-18T13:25:55.157000,base,20240118132555157,False,3072,2048,3634124,e49e23c713e330751a610c878bddc842
Stringing/Image_20240118132625157.jpg,Stringing,Stringing__20240118-131955,2024-01-18T13:26:25.157000,base,20240118132625157,False,3072,2048,3270558,105a5eed89789080b6a738d46fa53ac0
Stringing/Image_20240118132655172.jpg,Stringing,Stringing__20240118-131955,2024-01-18T13:26:55.172000,base,20240118132655172,False,3072,2048,3990310,cef82ac847fad6947af69ad4746fc804
Stringing/Image_20240118132725173.jpg,Stringing,Stringing__20240118-131955,2024-01-18T13:27:25.173000,base,20240118132725173,False,3072,2048,3319507,50887fd058303c83ce9d3d4867974642
Stringing/Image_20240118132755183.jpg,Stringing,Stringing__20240118-131955,2024-01-18T13:27:55.183000,base,20240118132755183,False,3072,2048,3987916,ea0d4bd7b45798c4c21ab6d711da5148
Stringing/Image_20240118132825195.jpg,Stringing,Stringing__20240118-131955,2024-01-18T13:28:25.195000,base,20240118132825195,False,3072,2048,3340058,cea5e1fd71e43b58734395a161af0984
Stringing/Image_20240118132855200.jpg,Stringing,Stringing__20240118-131955,2024-01-18T13:28:55.200000,base,20240118132855200,False,3072,2048,3996056,93bd7b15b1bc25bc53ad928872571e2c
Stringing/Image_20240118132925142.jpg,Stringing,Stringing__20240118-131955,2024-01-18T13:29:25.142000,base,20240118132925142,False,3072,2048,3468336,ab5572e633d780ce1dd0729967876426
Stringing/Image_20240118132955159.jpg,Stringing,Stringing__20240118-131955,2024-01-18T13:29:55.159000,base,20240118132955159,False,3072,2048,4046107,b61538fecd8e5f89d3baef245937ec89
Stringing/Image_20240118133025164.jpg,Stringing,Stringing__20240118-131955,2024-01-18T13:30:25.164000,base,20240118133025164,False,3072,2048,3806290,cf2df332e219dcdffd3b7b3700a20362
Stringing/Image_20240118133055167.jpg,Stringing,Stringing__20240118-131955,2024-01-18T13:30:55.167000,base,20240118133055167,False,3072,2048,4075871,b97c2f515379fe41f1eca4119188e433
Stringing/Image_20240118133125176.jpg,Stringing,Stringing__20240118-131955,2024-01-18T13:31:25.176000,base,20240118133125176,False,3072,2048,3976990,a3391d3f12b8bcc455a8dad6caaab38f
Stringing/Image_20240118133155177.jpg,Stringing,Stringing__20240118-131955,2024-01-18T13:31:55.177000,base,20240118133155177,False,3072,2048,4106560,c0eaeae99b124e3fa4cf7d20fe84ab81
Stringing/Image_20240118133225192.jpg,Stringing,Stringing__20240118-131955,2024-01-18T13:32:25.192000,base,20240118133225192,False,3072,2048,4045349,d1a00cf38565179d625fd4ef2348bf61
Stringing/Image_20240118133255197.jpg,Stringing,Stringing__20240118-131955,2024-01-18T13:32:55.197000,base,20240118133255197,False,3072,2048,4143221,249e88c58dbedea7f19e702581ff09be
Stringing/Image_20240118133325143.jpg,Stringing,Stringing__20240118-131955,2024-01-18T13:33:25.143000,base,20240118133325143,False,3072,2048,4085629,f1fafc8c628ef6445a9aa326e25c9e36
Stringing/Image_20240118133355149.jpg,Stringing,Stringing__20240118-131955,2024-01-18T13:33:55.149000,base,20240118133355149,False,3072,2048,4139790,62259293712b83aa78fa9e5ee3714700
Stringing/Image_20240118133425166.jpg,Stringing,Stringing__20240118-131955,2024-01-18T13:34:25.166000,base,20240118133425166,False,3072,2048,4125577,05bc8334e5935a57b07947006246d46c
Stringing/Image_20240118133455162.jpg,Stringing,Stringing__20240118-131955,2024-01-18T13:34:55.162000,base,20240118133455162,False,3072,2048,4102180,ff0daa2480645a8375fab3b9c4bd9bdd
Stringing/Image_20240118133525167.jpg,Stringing,Stringing__20240118-131955,2024-01-18T13:35:25.167000,base,20240118133525167,False,3072,2048,4087852,5e97ee66f6fc567d18101db24115a713
Stringing/Image_20240118133555187.jpg,Stringing,Stringing__20240118-131955,2024-01-18T13:35:55.187000,base,20240118133555187,False,3072,2048,4135047,b3fc04a436d337c6f7c0133b42c41ea5
Stringing/Image_20240118133625189.jpg,Stringing,Stringing__20240118-131955,2024-01-18T13:36:25.189000,base,20240118133625189,False,3072,2048,4136885,0eaf45b4d082faf989e065e852fe82cc
Stringing/Image_20240118133655143.jpg,Stringing,Stringing__20240118-131955,2024-01-18T13:36:55.143000,base,20240118133655143,False,3072,2048,4144680,4e02d15a9cfd72880b4dfbc729d41734
Stringing/Image_20240118133725143.jpg,Stringing,Stringing__20240118-131955,2024-01-18T13:37:25.143000,base,20240118133725143,False,3072,2048,4118981,70142d37b6f114763a3dede38ee0b57c
Stringing/Image_20240118133755147.jpg,Stringing,Stringing__20240118-131955,2024-01-18T13:37:55.147000,base,20240118133755147,False,3072,2048,4173818,1851badc82bd1260d9d470b482fa0219
Stringing/Image_20240118133825164.jpg,Stringing,Stringing__20240118-131955,2024-01-18T13:38:25.164000,base,20240118133825164,False,3072,2048,4079818,c0722f4acf4b4641b7c5ce496b17021c
Stringing/Image_20240118133855158.jpg,Stringing,Stringing__20240118-131955,2024-01-18T13:38:55.158000,base,20240118133855158,False,3072,2048,3996806,88c167067782bcdd69e31193a530afc6
Stringing/Image_20240118133925174.jpg,Stringing,Stringing__20240118-131955,2024-01-18T13:39:25.174000,base,20240118133925174,False,3072,2048,4217572,686aed75b6aa7df7835ae07715f8ce71
Stringing/Image_20240118133955175.jpg,Stringing,Stringing__20240118-131955,2024-01-18T13:39:55.175000,base,20240118133955175,False,3072,2048,4116943,92acc0fd29047cc9af576de9486fc344
Stringing/Image_20240118134025184.jpg,Stringing,Stringing__20240118-131955,2024-01-18T13:40:25.184000,base,20240118134025184,False,3072,2048,4164086,3deefcc0d8a855d24a03cb4bacbf1946
Stringing/Image_20240118134055144.jpg,Stringing,Stringing__20240118-131955,2024-01-18T13:40:55.144000,base,20240118134055144,False,3072,2048,4123352,50a29512637ae1d02aafda0def1b9853
Stringing/Image_20240118134125143.jpg,Stringing,Stringing__20240118-131955,2024-01-18T13:41:25.143000,base,20240118134125143,False,3072,2048,4181692,b465425fdead0423e14d4589526745ce
Stringing/Image_20240118134155145.jpg,Stringing,Stringing__20240118-131955,2024-01-18T13:41:55.145000,base,20240118134155145,False,3072,2048,4127746,6f549cd8fb32c51cbff9fe145be62bb7
Stringing/Image_20240118134225154.jpg,Stringing,Stringing__20240118-131955,2024-01-18T13:42:25.154000,base,20240118134225154,False,3072,2048,4235846,542a81697e4e84a27b7b3cf99f2449ce
Stringing/Image_20240118134255159.jpg,Stringing,Stringing__20240118-131955,2024-01-18T13:42:55.159000,base,20240118134255159,False,3072,2048,4150216,02ccb8e65623866154bc64a568a7289e
Stringing/Image_20240118134325176.jpg,Stringing,Stringing__20240118-131955,2024-01-18T13:43:25.176000,base,20240118134325176,False,3072,2048,4236233,f8086cca2abf59888832626fb08939a5
Stringing/Image_20240118134355173.jpg,Stringing,Stringing__20240118-131955,2024-01-18T13:43:55.173000,base,20240118134355173,False,3072,2048,4141129,1ab69d0db027818b5c5afd369499180a
Stringing/Image_20240118134425183.jpg,Stringing,Stringing__20240118-131955,2024-01-18T13:44:25.183000,base,20240118134425183,False,3072,2048,4195917,d633f6995f73fa7c02408b26ae6e3a2e
Stringing/Image_20240118134455191.jpg,Stringing,Stringing__20240118-131955,2024-01-18T13:44:55.191000,base,20240118134455191,False,3072,2048,4218429,5dcaf4ed7faec0f45d1f84c0b6fc1847
Stringing/Image_20240118134525142.jpg,Stringing,Stringing__20240118-131955,2024-01-18T13:45:25.142000,base,20240118134525142,False,3072,2048,4199213,d30ae4e277e14511e21a3959b55971a4
Stringing/Image_20240118134555145.jpg,Stringing,Stringing__20240118-131955,2024-01-18T13:45:55.145000,base,20240118134555145,False,3072,2048,4146822,13a2c1581accfa3a1ab4badd6c71d8c5
Stringing/Image_20240118134625148.jpg,Stringing,Stringing__20240118-131955,2024-01-18T13:46:25.148000,base,20240118134625148,False,3072,2048,4218084,43202bb62fd44acf305bd3d539eee09f
Stringing/Image_20240118134655159.jpg,Stringing,Stringing__20240118-131955,2024-01-18T13:46:55.159000,base,20240118134655159,False,3072,2048,4190250,30235a2a9f3be614bad9622103ed94fa
Stringing/Image_20240118134725165.jpg,Stringing,Stringing__20240118-131955,2024-01-18T13:47:25.165000,base,20240118134725165,False,3072,2048,4285640,d3b09b5e47dfd6fb0b60f2a9660ed11c
Stringing/Image_20240118134755170.jpg,Stringing,Stringing__20240118-131955,2024-01-18T13:47:55.170000,base,20240118134755170,False,3072,2048,4200494,234d995cc42f05d6bac9ab320c2f66bf
Stringing/Image_20240118134825183.jpg,Stringing,Stringing__20240118-131955,2024-01-18T13:48:25.183000,base,20240118134825183,False,3072,2048,4298918,38762157414c1d69acd9a01e81e9a083
Stringing/Image_20240118134855194.jpg,Stringing,Stringing__20240118-131955,2024-01-18T13:48:55.194000,base,20240118134855194,False,3072,2048,4204610,4df611f58aa6a3e3a8d0316d680319ad
Stringing/Image_20240118134925197.jpg,Stringing,Stringing__20240118-131955,2024-01-18T13:49:25.197000,base,20240118134925197,False,3072,2048,4282495,61be766ba80f555a3c6b7a7e1d081860
Stringing/Image_20240124200356871.jpg,Stringing,Stringing__20240124-200356,2024-01-24T20:03:56.871000,base,20240124200356871,False,3072,2048,3615483,6368ee4984fab317e6df395805123e19
Stringing/Image_20240124200426878.jpg,Stringing,Stringing__20240124-200356,2024-01-24T20:04:26.878000,base,20240124200426878,False,3072,2048,3653829,d9cad02064873f6ef2d7cade5cb45c83
Stringing/Image_20240124200456876.jpg,Stringing,Stringing__20240124-200356,2024-01-24T20:04:56.876000,base,20240124200456876,False,3072,2048,3614577,f268ecd5c3d77a833a6190595c517528
Stringing/Image_20240124200526889.jpg,Stringing,Stringing__20240124-200356,2024-01-24T20:05:26.889000,base,20240124200526889,False,3072,2048,3706174,8b0f673f86f7099052b05da065ec3175
Stringing/Image_20240124200556896.jpg,Stringing,Stringing__20240124-200356,2024-01-24T20:05:56.896000,base,20240124200556896,False,3072,2048,3647568,d5fda9d8900b1f4133275caf90d661be
Stringing/Image_20240124200626896.jpg,Stringing,Stringing__20240124-200356,2024-01-24T20:06:26.896000,base,20240124200626896,False,3072,2048,3666563,17a1414f37c2a010a6430df4f832d71e
Stringing/Image_20240124200656914.jpg,Stringing,Stringing__20240124-200356,2024-01-24T20:06:56.914000,base,20240124200656914,False,3072,2048,3674427,18943c8db1570204c2e40f07490988f7
Stringing/Image_20240124200726866.jpg,Stringing,Stringing__20240124-200356,2024-01-24T20:07:26.866000,base,20240124200726866,False,3072,2048,3696243,94809853c2730d20419db2c2bf7df05b
Stringing/Image_20240124200756869.jpg,Stringing,Stringing__20240124-200356,2024-01-24T20:07:56.869000,base,20240124200756869,False,3072,2048,3749505,8643dea1a90f38d83581a00f2b445f97
Stringing/Image_20240124200826873.jpg,Stringing,Stringing__20240124-200356,2024-01-24T20:08:26.873000,base,20240124200826873,False,3072,2048,3693298,ae47d4c09c82cf0fb95a7234c786b934
Stringing/Image_20240124200856884.jpg,Stringing,Stringing__20240124-200356,2024-01-24T20:08:56.884000,base,20240124200856884,False,3072,2048,3720172,548cde8778f298b06eeab3aaf0df81c3
Stringing/Image_20240124200926881.jpg,Stringing,Stringing__20240124-200356,2024-01-24T20:09:26.881000,base,20240124200926881,False,3072,2048,3754425,5db5472b1d6f7ab0fb9b62a0c6ef3520
Stringing/Image_20240124200956888.jpg,Stringing,Stringing__20240124-200356,2024-01-24T20:09:56.888000,base,20240124200956888,False,3072,2048,3772260,6c8c69c9aafcef7917adac5d053d52cd
Stringing/Image_20240124201026899.jpg,Stringing,Stringing__20240124-200356,2024-01-24T20:10:26.899000,base,20240124201026899,False,3072,2048,3777050,00f0125e389dcdcaca24ae82b9f3b953
Stringing/Image_20240124201056860.jpg,Stringing,Stringing__20240124-200356,2024-01-24T20:10:56.860000,base,20240124201056860,False,3072,2048,3790834,5ccd61525353c1b790e7c811d93e497c
Stringing/Image_20240124201126867.jpg,Stringing,Stringing__20240124-200356,2024-01-24T20:11:26.867000,base,20240124201126867,False,3072,2048,3771106,7abc0fcf78a5dfc41da5d2bb86af5029
Stringing/Image_20240124201156871.jpg,Stringing,Stringing__20240124-200356,2024-01-24T20:11:56.871000,base,20240124201156871,False,3072,2048,3842930,8369cfffe8ce0b8e766d0e11c3af7a1b
Stringing/Image_20240124201226875.jpg,Stringing,Stringing__20240124-200356,2024-01-24T20:12:26.875000,base,20240124201226875,False,3072,2048,3805842,cd4320f08a497f282529bc550e71d915
Stringing/Image_20240124201256875.jpg,Stringing,Stringing__20240124-200356,2024-01-24T20:12:56.875000,base,20240124201256875,False,3072,2048,3853612,a222274386d28bf98fc8dea0034af18c
Stringing/Image_20240124201326885.jpg,Stringing,Stringing__20240124-200356,2024-01-24T20:13:26.885000,base,20240124201326885,False,3072,2048,3839538,b5c2ac5d601dd997efe368998ea57706
Stringing/Image_20240124201356899.jpg,Stringing,Stringing__20240124-200356,2024-01-24T20:13:56.899000,base,20240124201356899,False,3072,2048,3889793,1dfbdc0592b3893449c8407d0d43cf7d
Stringing/Image_20240124201426897.jpg,Stringing,Stringing__20240124-200356,2024-01-24T20:14:26.897000,base,20240124201426897,False,3072,2048,3911297,7b4e033f9cc28273d59316039ad96803
Stringing/Image_20240124201456913.jpg,Stringing,Stringing__20240124-200356,2024-01-24T20:14:56.913000,base,20240124201456913,False,3072,2048,3929848,d232ecb0b21efb1dd73911a7d0c9fb4b
Stringing/Image_20240124201526858.jpg,Stringing,Stringing__20240124-200356,2024-01-24T20:15:26.858000,base,20240124201526858,False,3072,2048,3947860,d9776bc0d34dac1adb4d5e70a09950a8
Stringing/Image_20240124201556864.jpg,Stringing,Stringing__20240124-200356,2024-01-24T20:15:56.864000,base,20240124201556864,False,3072,2048,3915256,74a1c9d16cc5b895ecb963ae6d46da61
Stringing/Image_20240124201626869.jpg,Stringing,Stringing__20240124-200356,2024-01-24T20:16:26.869000,base,20240124201626869,False,3072,2048,3989675,daea422411b211255d9feb9bacf4cf51
Stringing/Image_20240124201656877.jpg,Stringing,Stringing__20240124-200356,2024-01-24T20:16:56.877000,base,20240124201656877,False,3072,2048,3948546,dcc27a3ac30ff459f8de172ffb6b0010
Stringing/Image_20240124201726886.jpg,Stringing,Stringing__20240124-200356,2024-01-24T20:17:26.886000,base,20240124201726886,False,3072,2048,4029045,b471597e946e71fe343bbaaca8080dc9
Stringing/Image_20240124201756887.jpg,Stringing,Stringing__20240124-200356,2024-01-24T20:17:56.887000,base,20240124201756887,False,3072,2048,4002221,c8e9184b76f9de0784c0a7954e3de682
Stringing/Image_20240124201826894.jpg,Stringing,Stringing__20240124-200356,2024-01-24T20:18:26.894000,base,20240124201826894,False,3072,2048,4057244,6f0c6ea4401d18b62cf592084b07be69
Stringing/Image_20240124201856903.jpg,Stringing,Stringing__20240124-200356,2024-01-24T20:18:56.903000,base,20240124201856903,False,3072,2048,4060822,09a332d4f4d72876cc6b923fb79e1f3a
Stringing/Image_20240124201926859.jpg,Stringing,Stringing__20240124-200356,2024-01-24T20:19:26.859000,base,20240124201926859,False,3072,2048,4079022,f4a100c530641513b64bfd57d0f16815
Stringing/Image_20240124201956867.jpg,Stringing,Stringing__20240124-200356,2024-01-24T20:19:56.867000,base,20240124201956867,False,3072,2048,4136063,b29f4b771e44dff38fc9667ff31191ed
Stringing/Image_20240124202026874.jpg,Stringing,Stringing__20240124-200356,2024-01-24T20:20:26.874000,base,20240124202026874,False,3072,2048,4123119,a8dc24900e147e6cd501534c21f9a4f3
Stringing/Image_20240124202056878.jpg,Stringing,Stringing__20240124-200356,2024-01-24T20:20:56.878000,base,20240124202056878,False,3072,2048,4140623,9fd1beed8d0ff6d2c6b5bf8a164559d5
Stringing/Image_20240124202126881.jpg,Stringing,Stringing__20240124-200356,2024-01-24T20:21:26.881000,base,20240124202126881,False,3072,2048,4184558,aa72c471d147e5d82c5b8baf534315ec
Stringing/Image_20240124202156894.jpg,Stringing,Stringing__20240124-200356,2024-01-24T20:21:56.894000,base,20240124202156894,False,3072,2048,4142776,c566dc23cbbfb6b5895afbc568eb72bd
Stringing/Image_20240124202226898.jpg,Stringing,Stringing__20240124-200356,2024-01-24T20:22:26.898000,base,20240124202226898,False,3072,2048,4213225,ea4f349621f0ec8c13915404958db3c0
Stringing/Image_20240124202256913.jpg,Stringing,Stringing__20240124-200356,2024-01-24T20:22:56.913000,base,20240124202256913,False,3072,2048,4337196,fd7a9658713d2e06be39870d62c18ba6
Warping/Image_20231228112532914_aug.jpg,Warping,Warping__20231228-112532,2023-12-28T11:25:32.914000,aug,20231228112532914,True,3072,2048,1864794,9a91061e5ab35d557c2af0390fd385e3
Warping/Image_20231228112532914.jpg,Warping,Warping__20231228-112532,2023-12-28T11:25:32.914000,base,20231228112532914,False,3072,2048,4446932,6a4c90031161d563de659252199a4582
Warping/Image_20231228112532914_original.jpg,Warping,Warping__20231228-112532,2023-12-28T11:25:32.914000,original,20231228112532914,True,3072,2048,1865265,b9ede1f7dadacd9151d7915f1f495812
Warping/Image_20231228115202886.jpg,Warping,Warping__20231228-115202,2023-12-28T11:52:02.886000,base,20231228115202886,False,3072,2048,4473794,dad3e7784da442e25df98db7c7c90d6a
Warping/Image_20231228115232890.jpg,Warping,Warping__20231228-115202,2023-12-28T11:52:32.890000,base,20231228115232890,False,3072,2048,4600891,b2ae87f0e0ba6d2c876c2d0bd0af7317
Warping/Image_20231228115302905.jpg,Warping,Warping__20231228-115202,2023-12-28T11:53:02.905000,base,20231228115302905,False,3072,2048,4438789,28165123ccda75c801f43ebeec83f9d6
Warping/Image_20231228115332911.jpg,Warping,Warping__20231228-115202,2023-12-28T11:53:32.911000,base,20231228115332911,False,3072,2048,4504200,71708d2b63c4164823420e542a6a6981
Warping/Image_20231228115402857.jpg,Warping,Warping__20231228-115202,2023-12-28T11:54:02.857000,base,20231228115402857,False,3072,2048,4323641,d188018ada37aa6a7782677de14179c8
Warping/Image_20231228115432861.jpg,Warping,Warping__20231228-115202,2023-12-28T11:54:32.861000,base,20231228115432861,False,3072,2048,4577754,90d35bb63a63f225525c1b9c19032d54
Warping/Image_20231228115502875.jpg,Warping,Warping__20231228-115202,2023-12-28T11:55:02.875000,base,20231228115502875,False,3072,2048,4664302,00961e4c12b2b6962291c596e9bb82e9
Warping/Image_20231228115532885.jpg,Warping,Warping__20231228-115202,2023-12-28T11:55:32.885000,base,20231228115532885,False,3072,2048,4508432,e87d70b65af098c68c074ff06f4017a5
Warping/Image_20231228115602879.jpg,Warping,Warping__20231228-115202,2023-12-28T11:56:02.879000,base,20231228115602879,False,3072,2048,4842839,5b7668b1334b41496372b9053c31cebd
Warping/Image_20231228143327496.jpg,Warping,Warping__20231228-143327,2023-12-28T14:33:27.496000,base,20231228143327496,False,3072,2048,5014675,e66b1c1da0ce71764c9852ba2978e13a
Warping/Image_20231228143357510.jpg,Warping,Warping__20231228-143327,2023-12-28T14:33:57.510000,base,20231228143357510,False,3072,2048,4910354,be21411812bd4272bd4732c8e0056f57
Warping/Image_20231228143427453.jpg,Warping,Warping__20231228-143327,2023-12-28T14:34:27.453000,base,20231228143427453,False,3072,2048,5041461,cada040e837b70403427adce293769af
Warping/Image_20231228143457455.jpg,Warping,Warping__20231228-143327,2023-12-28T14:34:57.455000,base,20231228143457455,False,3072,2048,5048441,86ac8da702ceb8e7332a20edc3676970
Warping/Image_20231228143527471_aug.jpg,Warping,Warping__20231228-143327,2023-12-28T14:35:27.471000,aug,20231228143527471,True,3072,2048,2128911,9b7c7989d91714732bb79566f32624f3
Warping/Image_20231228143527471.jpg,Warping,Warping__20231228-143327,2023-12-28T14:35:27.471000,base,20231228143527471,False,3072,2048,5102135,3e00db7de6d3459c1e8626668237ec6f
Warping/Image_20231228143527471_original.jpg,Warping,Warping__20231228-143327,2023-12-28T14:35:27.471000,original,20231228143527471,True,3072,2048,2130539,4c89e426c59a7449a5aea38f8fe45be0
Warping/Image_20231228143557480.jpg,Warping,Warping__20231228-143327,2023-12-28T14:35:57.480000,base,20231228143557480,False,3072,2048,5156669,16e6f73e9a6f20e99e7ca949dfd6affa
Warping/Image_20231228143627477.jpg,Warping,Warping__20231228-143327,2023-12-28T14:36:27.477000,base,20231228143627477,False,3072,2048,5052304,931fe30e1c3de69e03c5ae256826bfa5
Warping/Image_20231228143657493.jpg,Warping,Warping__20231228-143327,2023-12-28T14:36:57.493000,base,20231228143657493,False,3072,2048,4981195,ee1ea0acee1120a2789646af4bef4f0f
Warping/Image_20231228143727491.jpg,Warping,Warping__20231228-143327,2023-12-28T14:37:27.491000,base,20231228143727491,False,3072,2048,5230778,88fbd38c05a03b4ddb76c1dbbf102368
Warping/Image_20231228143757450.jpg,Warping,Warping__20231228-143327,2023-12-28T14:37:57.450000,base,20231228143757450,False,3072,2048,5107958,1d4f808709b1c56dee15f224856aea83
Warping/Image_20231228143827459.jpg,Warping,Warping__20231228-143327,2023-12-28T14:38:27.459000,base,20231228143827459,False,3072,2048,4988116,a956479b25e506a4c1014aa1abb05d0a
Warping/Image_20231228143857457.jpg,Warping,Warping__20231228-143327,2023-12-28T14:38:57.457000,base,20231228143857457,False,3072,2048,5046358,f7046d5c9083b7efb8742b4671811176
Warping/Image_20231228143927490.jpg,Warping,Warping__20231228-143327,2023-12-28T14:39:27.490000,base,20231228143927490,False,3072,2048,5153577,bbce5b581c10d1dcaf2b1ebf791a85a6
Warping/Image_20231228143957484.jpg,Warping,Warping__20231228-143327,2023-12-28T14:39:57.484000,base,20231228143957484,False,3072,2048,5046220,87ea6d5eb4466da92883573d20f418a0
Warping/Image_20231228144027476.jpg,Warping,Warping__20231228-143327,2023-12-28T14:40:27.476000,base,20231228144027476,False,3072,2048,5258988,4b52b3fb91a17f27c0fe7aab62518ae3
Warping/Image_20231228144057492.jpg,Warping,Warping__20231228-143327,2023-12-28T14:40:57.492000,base,20231228144057492,False,3072,2048,5001845,b40e214b456943ac632dcf681db0c20b
Warping/Image_20231228144127450.jpg,Warping,Warping__20231228-143327,2023-12-28T14:41:27.450000,base,20231228144127450,False,3072,2048,5181590,baf99eb402df04e605a09adfcce9980d
Warping/Image_20231228144157453.jpg,Warping,Warping__20231228-143327,2023-12-28T14:41:57.453000,base,20231228144157453,False,3072,2048,4999504,3cbdd089c7147e9a4aedfcfa3f1ba85e
Warping/Image_20231228144227460.jpg,Warping,Warping__20231228-143327,2023-12-28T14:42:27.460000,base,20231228144227460,False,3072,2048,5098232,6dcfddbeba944e8dff168e85f3205676
Warping/Image_20231228144257469.jpg,Warping,Warping__20231228-143327,2023-12-28T14:42:57.469000,base,20231228144257469,False,3072,2048,5079100,02e08ccd896d2782aee1147eb6c2570a
Warping/Image_20231228144327477.jpg,Warping,Warping__20231228-143327,2023-12-28T14:43:27.477000,base,20231228144327477,False,3072,2048,5035648,dc313e6295d0687df98f7d4a48543dc1
Warping/Image_20231228144357482.jpg,Warping,Warping__20231228-143327,2023-12-28T14:43:57.482000,base,20231228144357482,False,3072,2048,5098187,5e5ad4fd7783dd3e96a21d8bf2a27e46
Warping/Image_20231228144427493.jpg,Warping,Warping__20231228-143327,2023-12-28T14:44:27.493000,base,20231228144427493,False,3072,2048,5055496,535caebf94ae48daf4200a209b448f1b
Warping/Image_20231228144457499.jpg,Warping,Warping__20231228-143327,2023-12-28T14:44:57.499000,base,20231228144457499,False,3072,2048,5016838,50519b269f214d105aa2d4c8741c41b8
Warping/Image_20231228144527494.jpg,Warping,Warping__20231228-143327,2023-12-28T14:45:27.494000,base,20231228144527494,False,3072,2048,5061452,2cae21ef25a7deb179e1a0c0fefecfd4
Warping/Image_20231228144557455.jpg,Warping,Warping__20231228-143327,2023-12-28T14:45:57.455000,base,20231228144557455,False,3072,2048,5089626,23ffd58da1c75d61fc079438e6fe8f5a
Warping/Image_20231228144627462.jpg,Warping,Warping__20231228-143327,2023-12-28T14:46:27.462000,base,20231228144627462,False,3072,2048,5007109,4feb48fc0d1fb88fa675fada483f7c52
Warping/Image_20231228144657462.jpg,Warping,Warping__20231228-143327,2023-12-28T14:46:57.462000,base,20231228144657462,False,3072,2048,5011630,d1242823502f55211f9ebd3c7023d38b
Warping/Image_20231228144727466.jpg,Warping,Warping__20231228-143327,2023-12-28T14:47:27.466000,base,20231228144727466,False,3072,2048,5073888,ac012dc8ea2c42c0623313ddbd370f7c
Warping/Image_20231228144757475.jpg,Warping,Warping__20231228-143327,2023-12-28T14:47:57.475000,base,20231228144757475,False,3072,2048,5005978,046d081157c3e9546093d07bddd7f504
Warping/Image_20231228144827478.jpg,Warping,Warping__20231228-143327,2023-12-28T14:48:27.478000,base,20231228144827478,False,3072,2048,5054477,213e5f26e891413b0b173f06451445e7
Warping/Image_20231228144857492_aug.jpg,Warping,Warping__20231228-143327,2023-12-28T14:48:57.492000,aug,20231228144857492,True,3072,2048,2254238,1a618dda7d60097ca7607a9d848b18e0
Warping/Image_20231228144857492.jpg,Warping,Warping__20231228-143327,2023-12-28T14:48:57.492000,base,20231228144857492,False,3072,2048,5119400,2fcebc8167f1587f4a6c4b2b986eed6f
Warping/Image_20231228144857492_original.jpg,Warping,Warping__20231228-143327,2023-12-28T14:48:57.492000,original,20231228144857492,True,3072,2048,2119103,e442661efee66f3ba572243fdead4ad6
Warping/Image_20231228144927494.jpg,Warping,Warping__20231228-143327,2023-12-28T14:49:27.494000,base,20231228144927494,False,3072,2048,5233063,f2e4c77ae4826f35522faf6ff8406138
Warping/Image_20231228144957452.jpg,Warping,Warping__20231228-143327,2023-12-28T14:49:57.452000,base,20231228144957452,False,3072,2048,5154276,c7dce3666e4018b2bdb3e4aeefe857e4
Warping/Image_20231228145027458.jpg,Warping,Warping__20231228-143327,2023-12-28T14:50:27.458000,base,20231228145027458,False,3072,2048,5137357,a48a9434fb65abae52a7d5704f20b28c
Warping/Image_20231228145057469.jpg,Warping,Warping__20231228-143327,2023-12-28T14:50:57.469000,base,20231228145057469,False,3072,2048,5219973,65cab5c5108588f7382830c7f6ac795a
Warping/Image_20231228145127479.jpg,Warping,Warping__20231228-143327,2023-12-28T14:51:27.479000,base,20231228145127479,False,3072,2048,5039842,711a2cf159231c2153dc33425cef7c87
Warping/Image_20231228145157476.jpg,Warping,Warping__20231228-143327,2023-12-28T14:51:57.476000,base,20231228145157476,False,3072,2048,5203303,e5f7f7a16fa1bc6145743f4cb9aa4b76
Warping/Image_20231228145227484.jpg,Warping,Warping__20231228-143327,2023-12-28T14:52:27.484000,base,20231228145227484,False,3072,2048,5134457,25d0851ce33c21d1e8bef3eae0768508
Warping/Image_20231228145257493.jpg,Warping,Warping__20231228-143327,2023-12-28T14:52:57.493000,base,20231228145257493,False,3072,2048,5320049,1ac1383c91fcbeffa272a1f90087d98e
Warping/Image_20231228145327504.jpg,Warping,Warping__20231228-143327,2023-12-28T14:53:27.504000,base,20231228145327504,False,3072,2048,5191817,525721bbdc022faa82d1e49454cec462
Warping/Image_20231228145357509.jpg,Warping,Warping__20231228-143327,2023-12-28T14:53:57.509000,base,20231228145357509,False,3072,2048,5256237,ceeb7afe30d3b9de3bdfdc135e0d5a2f
Warping/Image_20231228145427485.jpg,Warping,Warping__20231228-143327,2023-12-28T14:54:27.485000,base,20231228145427485,False,3072,2048,5122657,dc26715aee7050f7092b93768c8292d3
Warping/Image_20231228145457469.jpg,Warping,Warping__20231228-143327,2023-12-28T14:54:57.469000,base,20231228145457469,False,3072,2048,5120330,e6d73619a20fc722a00e4228f4a3e32e
Warping/Image_20231228145527471_aug.jpg,Warping,Warping__20231228-143327,2023-12-28T14:55:27.471000,aug,20231228145527471,True,3072,2048,2245612,44c0ade32a174d6687f9cb99abacabb1
Warping/Image_20231228145527471.jpg,Warping,Warping__20231228-143327,2023-12-28T14:55:27.471000,base,20231228145527471,False,3072,2048,5142443,d6c6fd8f9ba2af54b41e15c3ae5c1beb
Warping/Image_20231228145527471_original.jpg,Warping,Warping__20231228-143327,2023-12-28T14:55:27.471000,original,20231228145527471,True,3072,2048,2131441,3b4c8549db5a860accf7c2a0d445e0c8
Warping/Image_20231228145557476.jpg,Warping,Warping__20231228-143327,2023-12-28T14:55:57.476000,base,20231228145557476,False,3072,2048,5261637,4c9c84fce4613f76e8d148d5accf1e43
Warping/Image_20231228145627488.jpg,Warping,Warping__20231228-143327,2023-12-28T14:56:27.488000,base,20231228145627488,False,3072,2048,5143045,d07f13b4833a0a7e03cf5d9879eaeb63
Warping/Image_20231228145657495.jpg,Warping,Warping__20231228-143327,2023-12-28T14:56:57.495000,base,20231228145657495,False,3072,2048,5253251,7a38944db35571b1136d8e72b8625517
Warping/Image_20231228145727452.jpg,Warping,Warping__20231228-143327,2023-12-28T14:57:27.452000,base,20231228145727452,False,3072,2048,5250692,58148778de20d7f89a56af0ac41ad4b0
Warping/Image_20231228145757511.jpg,Warping,Warping__20231228-143327,2023-12-28T14:57:57.511000,base,20231228145757511,False,3072,2048,5189673,67699d6d699c22453b558c048c3ad3db
Warping/Image_20231228145827464.jpg,Warping,Warping__20231228-143327,2023-12-28T14:58:27.464000,base,20231228145827464,False,3072,2048,5319859,ff1c0935249ddd567d35799f37658dd1
Warping/Image_20231228145857460.jpg,Warping,Warping__20231228-143327,2023-12-28T14:58:57.460000,base,20231228145857460,False,3072,2048,5318752,88b01c44a235f7fb5c49ece53f15d338
Warping/Image_20231228145927473.jpg,Warping,Warping__20231228-143327,2023-12-28T14:59:27.473000,base,20231228145927473,False,3072,2048,5298083,3678fc93fa1e1b8d315125c9bcae4dc9
Warping/Image_20231228145957483.jpg,Warping,Warping__20231228-143327,2023-12-28T14:59:57.483000,base,20231228145957483,False,3072,2048,5201378,62490afc8f716e02fada81501cbd37be
Warping/Image_20231228150027485.jpg,Warping,Warping__20231228-143327,2023-12-28T15:00:27.485000,base,20231228150027485,False,3072,2048,5231566,1325a67c77017faa5d8ed532e59afb54
Warping/Image_20231228150057490.jpg,Warping,Warping__20231228-143327,2023-12-28T15:00:57.490000,base,20231228150057490,False,3072,2048,5233135,e7be5609267a472cb80a245c27ace9cc
Warping/Image_20231228150127507.jpg,Warping,Warping__20231228-143327,2023-12-28T15:01:27.507000,base,20231228150127507,False,3072,2048,5275495,fcd8ebdc451734ece3d05668cfc36a65
Warping/Image_20231228150157510.jpg,Warping,Warping__20231228-143327,2023-12-28T15:01:57.510000,base,20231228150157510,False,3072,2048,5212644,353f5f6be39a126a914b852e15201c71
Warping/Image_20231228150227464.jpg,Warping,Warping__20231228-143327,2023-12-28T15:02:27.464000,base,20231228150227464,False,3072,2048,5349391,70c0c442ac103926cb7f1a45ef855a0e
Warping/Image_20231228150257470.jpg,Warping,Warping__20231228-143327,2023-12-28T15:02:57.470000,base,20231228150257470,False,3072,2048,5220555,bb8b1d928aa426da3e0f497ae9f8d75d
Warping/Image_20231228150327470.jpg,Warping,Warping__20231228-143327,2023-12-28T15:03:27.470000,base,20231228150327470,False,3072,2048,5301489,d0bdeed72f02362eca3cc92ad872c654
Warping/Image_20231228150357474.jpg,Warping,Warping__20231228-143327,2023-12-28T15:03:57.474000,base,20231228150357474,False,3072,2048,5361674,e4f8cfaffeead24f4f4467e4ac49f818
Warping/Image_20231228150427493.jpg,Warping,Warping__20231228-143327,2023-12-28T15:04:27.493000,base,20231228150427493,False,3072,2048,5364289,1f9b8fc9324173a663b5be3f8ef443f3
Warping/Image_20231228150457493.jpg,Warping,Warping__20231228-143327,2023-12-28T15:04:57.493000,base,20231228150457493,False,3072,2048,5278169,72de4c7a1dc7f10df6e0eb4a137488d1
Warping/Image_20231228150527453_aug.jpg,Warping,Warping__20231228-143327,2023-12-28T15:05:27.453000,aug,20231228150527453,True,3072,2048,2300089,1164b70f3cf006fdfc76e1248824008a
Warping/Image_20231228150527453.jpg,Warping,Warping__20231228-143327,2023-12-28T15:05:27.453000,base,20231228150527453,False,3072,2048,5396579,a9e6e039b452f536fd29907e2a138cd6
Warping/Image_20231228150527453_original.jpg,Warping,Warping__20231228-143327,2023-12-28T15:05:27.453000,original,20231228150527453,True,3072,2048,2272545,a807303609dfec8613b662b1ec31126a
Warping/Image_20231228150557453.jpg,Warping,Warping__20231228-143327,2023-12-28T15:05:57.453000,base,20231228150557453,False,3072,2048,5381968,ee352192713ed5ebab714ca7db051861
Warping/Image_20231228150627462.jpg,Warping,Warping__20231228-143327,2023-12-28T15:06:27.462000,base,20231228150627462,False,3072,2048,5261026,acdfaf2abd0b34a12f962c2696fde013
Warping/Image_20231228150657468.jpg,Warping,Warping__20231228-143327,2023-12-28T15:06:57.468000,base,20231228150657468,False,3072,2048,5371623,446d53c02708e543a651c17b08b8583f
Warping/Image_20231228154127450.jpg,Warping,Warping__20231228-154127,2023-12-28T15:41:27.450000,base,20231228154127450,False,3072,2048,3359441,d53db513b31a2b275889c6845a7c2dae
Warping/Image_20231228154157459.jpg,Warping,Warping__20231228-154127,2023-12-28T15:41:57.459000,base,20231228154157459,False,3072,2048,3454935,e9fc62952480827d382897325a2b378a
Warping/Image_20231228154227470.jpg,Warping,Warping__20231228-154127,2023-12-28T15:42:27.470000,base,20231228154227470,False,3072,2048,3422521,b876dbc64b06eae9957acc33ccb87f96
Warping/Image_20231228154257470.jpg,Warping,Warping__20231228-154127,2023-12-28T15:42:57.470000,base,20231228154257470,False,3072,2048,3388508,01f27d38dd88ac89bdaa4ae8ecaa898a
Warping/Image_20231228154327472.jpg,Warping,Warping__20231228-154127,2023-12-28T15:43:27.472000,base,20231228154327472,False,3072,2048,3397998,46f94b46a43b8fa328fce925bc0519f3
Warping/Image_20231228154357486.jpg,Warping,Warping__20231228-154127,2023-12-28T15:43:57.486000,base,20231228154357486,False,3072,2048,3516365,b8fa3b609cff26773678e7afa2296b8a
Warping/Image_20231228154427493.jpg,Warping,Warping__20231228-154127,2023-12-28T15:44:27.493000,base,20231228154427493,False,3072,2048,3755343,61fa71def44b7f268856b1aac1bfed9e
Warping/Image_20231228154457490.jpg,Warping,Warping__20231228-154127,2023-12-28T15:44:57.490000,base,20231228154457490,False,3072,2048,3388675,2b3d83763fbaeb2c7a6cc36c9dfbc421
Warping/Image_20231228154527454.jpg,Warping,Warping__20231228-154127,2023-12-28T15:45:27.454000,base,20231228154527454,False,3072,2048,3387287,a2822863a2973723d9be28e583e40447
Warping/Image_20231228154557455.jpg,Warping,Warping__20231228-154127,2023-12-28T15:45:57.455000,base,20231228154557455,False,3072,2048,3372448,ed5bcf567a550589e1b15378dbc747fe
Warping/Image_20231228154627461.jpg,Warping,Warping__20231228-154127,2023-12-28T15:46:27.461000,base,20231228154627461,False,3072,2048,3321898,855d0bd7cb21c43620760b9cf073f129
Warping/Image_20231228154657473.jpg,Warping,Warping__20231228-154127,2023-12-28T15:46:57.473000,base,20231228154657473,False,3072,2048,3322619,771132bc7faaeab699f23170dc8e5b74
Warping/Image_20231228154727469_aug.jpg,Warping,Warping__20231228-154127,2023-12-28T15:47:27.469000,aug,20231228154727469,True,3072,2048,944769,96a63af7c642b383b6eabc5e33051c4e
Warping/Image_20231228154727469.jpg,Warping,Warping__20231228-154127,2023-12-28T15:47:27.469000,base,20231228154727469,False,3072,2048,3225114,f9a7dc5912b895228debce5abdc1e9b8
Warping/Image_20231228154727469_original.jpg,Warping,Warping__20231228-154127,2023-12-28T15:47:27.469000,original,20231228154727469,True,3072,2048,1255996,736b718aef83d85ae1d226054fadf496
Warping/Image_20231228154757486.jpg,Warping,Warping__20231228-154127,2023-12-28T15:47:57.486000,base,20231228154757486,False,3072,2048,3344987,8515b36f089529dfacb41746e5aa2ef4
Warping/Image_20231228154827493.jpg,Warping,Warping__20231228-154127,2023-12-28T15:48:27.493000,base,20231228154827493,False,3072,2048,3516401,72d1e8d067dcbe5f68e4def95f254598
Warping/Image_20231228154857450.jpg,Warping,Warping__20231228-154127,2023-12-28T15:48:57.450000,base,20231228154857450,False,3072,2048,3216090,781e467351d6e4aca0cc8a7726bec432
Warping/Image_20231228154927509.jpg,Warping,Warping__20231228-154127,2023-12-28T15:49:27.509000,base,20231228154927509,False,3072,2048,3335857,e066a95032c69bfd3b5534d013868726
Warping/Image_20231228154957452.jpg,Warping,Warping__20231228-154127,2023-12-28T15:49:57.452000,base,20231228154957452,False,3072,2048,3489895,3c29cf95185fc4cfdf2a9aa972189514
Warping/Image_20231228155027470.jpg,Warping,Warping__20231228-154127,2023-12-28T15:50:27.470000,base,20231228155027470,False,3072,2048,3645511,933a543afc1c00f10f76dfcd3396fe49
Warping/Image_20231228155057476.jpg,Warping,Warping__20231228-154127,2023-12-28T15:50:57.476000,base,20231228155057476,False,3072,2048,3203235,269cb054f68fce72b6dfd68c7a057342
Warping/Image_20231228155127480.jpg,Warping,Warping__20231228-154127,2023-12-28T15:51:27.480000,base,20231228155127480,False,3072,2048,3387503,6fea62ca92d15b29e80dbb5dd4c365d6
Warping/Image_20231228155157477.jpg,Warping,Warping__20231228-154127,2023-12-28T15:51:57.477000,base,20231228155157477,False,3072,2048,3313040,74f05dd58557c2eafc3bfbe55c6aef53
Warping/Image_20231228155227495.jpg,Warping,Warping__20231228-154127,2023-12-28T15:52:27.495000,base,20231228155227495,False,3072,2048,3387587,710241997734eafad04decee6619f841
Warping/Image_20231228155257496.jpg,Warping,Warping__20231228-154127,2023-12-28T15:52:57.496000,base,20231228155257496,False,3072,2048,3053470,1cbcfec7d55183b2ffa45a5bb2185fe7
Warping/Image_20231228155327451.jpg,Warping,Warping__20231228-154127,2023-12-28T15:53:27.451000,base,20231228155327451,False,3072,2048,3258664,1818a6bd807de310c105eb4fa9cb85b3
Warping/Image_20231228155357459_aug.jpg,Warping,Warping__20231228-154127,2023-12-28T15:53:57.459000,aug,20231228155357459,True,3072,2048,1074609,f4a594560111e1869c318a580bbf2686
Warping/Image_20231228155357459.jpg,Warping,Warping__20231228-154127,2023-12-28T15:53:57.459000,base,20231228155357459,False,3072,2048,3122500,d46d9acfb42fc4c66b9ee29cb5616796
Warping/Image_20231228155357459_original.jpg,Warping,Warping__20231228-154127,2023-12-28T15:53:57.459000,original,20231228155357459,True,3072,2048,1199522,fd47882e0f0d382091e05eeabade4daa
Warping/Image_20231228155427462.jpg,Warping,Warping__20231228-154127,2023-12-28T15:54:27.462000,base,20231228155427462,False,3072,2048,3287932,a49758433ba096810c251a3fc2b141d8
Warping/Image_20231228155457466.jpg,Warping,Warping__20231228-154127,2023-12-28T15:54:57.466000,base,20231228155457466,False,3072,2048,3056904,054549060d5fcda2c8c9face53eea06f
Warping/Image_20231228155527486.jpg,Warping,Warping__20231228-154127,2023-12-28T15:55:27.486000,base,20231228155527486,False,3072,2048,3369389,148259122bff588622c620f0ca50970f
Warping/Image_20231228155557481.jpg,Warping,Warping__20231228-154127,2023-12-28T15:55:57.481000,base,20231228155557481,False,3072,2048,3229062,0c6e5955ff27aa4f88ca43af65aee951
Warping/Image_20231228155627488.jpg,Warping,Warping__20231228-154127,2023-12-28T15:56:27.488000,base,20231228155627488,False,3072,2048,3400455,86be04a7314597cbe802e6adc05c6220
Warping/Image_20231228155657493.jpg,Warping,Warping__20231228-154127,2023-12-28T15:56:57.493000,base,20231228155657493,False,3072,2048,3222931,9b080ed7b821a6ce2324e2b51d09ce16
Warping/Image_20231228155727507.jpg,Warping,Warping__20231228-154127,2023-12-28T15:57:27.507000,base,20231228155727507,False,3072,2048,3392875,836c5f1f2df3ac4cea37b2f4e3af76bb
Warping/Image_20231228155757454.jpg,Warping,Warping__20231228-154127,2023-12-28T15:57:57.454000,base,20231228155757454,False,3072,2048,3022071,2c8f603cb054033afe1967de69bfc944
Warping/Image_20231228155827459.jpg,Warping,Warping__20231228-154127,2023-12-28T15:58:27.459000,base,20231228155827459,False,3072,2048,3233536,9517c9774abec1eb36b8ec17a7153993
Warping/Image_20231228155857471.jpg,Warping,Warping__20231228-154127,2023-12-28T15:58:57.471000,base,20231228155857471,False,3072,2048,3283087,7cb4d1f5a6592e4338cf5463feecfdea
Warping/Image_20231228155927476.jpg,Warping,Warping__20231228-154127,2023-12-28T15:59:27.476000,base,20231228155927476,False,3072,2048,3194904,37c455c0719cfdbcb5aea89e34b9cb39
Warping/Image_20231228155957492.jpg,Warping,Warping__20231228-154127,2023-12-28T15:59:57.492000,base,20231228155957492,False,3072,2048,3259109,f7fdf8bd2ae0984188fd54e1a6e4a449
Warping/Image_20231228160027490.jpg,Warping,Warping__20231228-154127,2023-12-28T16:00:27.490000,base,20231228160027490,False,3072,2048,3215074,693a5c338571544802bdd2da1cd837a3
Warping/Image_20231228160057450.jpg,Warping,Warping__20231228-154127,2023-12-28T16:00:57.450000,base,20231228160057450,False,3072,2048,3461732,e7ff9c91de2c2622ae2fa9bd48e318c3
Warping/Image_20231228160127455_aug.jpg,Warping,Warping__20231228-154127,2023-12-28T16:01:27.455000,aug,20231228160127455,True,3072,2048,1187567,55c2069a4386a0424d5835df52e15f7b
Warping/Image_20231228160127455.jpg,Warping,Warping__20231228-154127,2023-12-28T16:01:27.455000,base,20231228160127455,False,3072,2048,3099402,f462e9c40fcbf3998f5b3fcb04925acc
Warping/Image_20231228160127455_original.jpg,Warping,Warping__20231228-154127,2023-12-28T16:01:27.455000,original,20231228160127455,True,3072,2048,1192436,128005d97d272597714820a278431bd5
Warping/Image_20231228160157458.jpg,Warping,Warping__20231228-154127,2023-12-28T16:01:57.458000,base,20231228160157458,False,3072,2048,2961965,40170cb319cf593219034eec7a5b6fa4
Warping/Image_20231228160227471.jpg,Warping,Warping__20231228-154127,2023-12-28T16:02:27.471000,base,20231228160227471,False,3072,2048,3190615,a1468a012e6700a7446c1ba40f54280f
Warping/Image_20231228160257482.jpg,Warping,Warping__20231228-154127,2023-12-28T16:02:57.482000,base,20231228160257482,False,3072,2048,3249849,bb2921f43c19048be5ce81569651a957
Warping/Image_20231228160327484.jpg,Warping,Warping__20231228-154127,2023-12-28T16:03:27.484000,base,20231228160327484,False,3072,2048,3145877,439dfe706736a70e0af8756787ed5d18
Warping/Image_20231228160357492.jpg,Warping,Warping__20231228-154127,2023-12-28T16:03:57.492000,base,20231228160357492,False,3072,2048,3120267,6c47f0181ec21fdf66263b5dbe5bfe14
Warping/Image_20231228160427494.jpg,Warping,Warping__20231228-154127,2023-12-28T16:04:27.494000,base,20231228160427494,False,3072,2048,3027842,ec812bb55cf928234a3fdd4764776ee1
Warping/Image_20231228160457494.jpg,Warping,Warping__20231228-154127,2023-12-28T16:04:57.494000,base,20231228160457494,False,3072,2048,3228190,62636f9e56477518315b6a3ec37b97b8
Warping/Image_20231228160527452.jpg,Warping,Warping__20231228-154127,2023-12-28T16:05:27.452000,base,20231228160527452,False,3072,2048,3126976,3e062d3a45ca7522059888c1967fbde0
Warping/Image_20231228160557467.jpg,Warping,Warping__20231228-154127,2023-12-28T16:05:57.467000,base,20231228160557467,False,3072,2048,3199863,2762cd8b80e7c0737ab9effbf9d8fa90
Warping/Image_20231228160627460.jpg,Warping,Warping__20231228-154127,2023-12-28T16:06:27.460000,base,20231228160627460,False,3072,2048,3408082,9a36ef5c12c55b16e064a24cf41e0985
Warping/Image_20231228160657477.jpg,Warping,Warping__20231228-154127,2023-12-28T16:06:57.477000,base,20231228160657477,False,3072,2048,3130207,483cc6f67933341ac21159604c4b7cee
Warping/Image_20231228160727489.jpg,Warping,Warping__20231228-154127,2023-12-28T16:07:27.489000,base,20231228160727489,False,3072,2048,3004368,82b08631c67166a0461b0ad85f76f9c9
Warping/Image_20231228160757487_aug.jpg,Warping,Warping__20231228-154127,2023-12-28T16:07:57.487000,aug,20231228160757487,True,3072,2048,1180757,90503e53b33146ebc5c5353b082cf64a
Warping/Image_20231228160757487.jpg,Warping,Warping__20231228-154127,2023-12-28T16:07:57.487000,base,20231228160757487,False,3072,2048,3108179,be1a8dfa555c9df073ea83c39bdebc28
Warping/Image_20231228160757487_original.jpg,Warping,Warping__20231228-154127,2023-12-28T16:07:57.487000,original,20231228160757487,True,3072,2048,1181462,07ec4ce1b6d35b30c0b5d920c6489cc9
Warping/Image_20231228160827488.jpg,Warping,Warping__20231228-154127,2023-12-28T16:08:27.488000,base,20231228160827488,False,3072,2048,3146725,ca4d556075bafbcd23c34d7b6ae13b86
Warping/Image_20231228160857495.jpg,Warping,Warping__20231228-154127,2023-12-28T16:08:57.495000,base,20231228160857495,False,3072,2048,3139784,5205401d9cd14f69de2f440c6762b993
Warping/Image_20231228160927511.jpg,Warping,Warping__20231228-154127,2023-12-28T16:09:27.511000,base,20231228160927511,False,3072,2048,3102924,618c8c734a82e1b03e31de765dbd6646
Warping/Image_20231228160957465.jpg,Warping,Warping__20231228-154127,2023-12-28T16:09:57.465000,base,20231228160957465,False,3072,2048,3033196,2f28011152f60586e86ea371604368ae
Warping/Image_20231228161027474.jpg,Warping,Warping__20231228-154127,2023-12-28T16:10:27.474000,base,20231228161027474,False,3072,2048,3224542,99964acbabd6ce141cef4204826e14a4
Warping/Image_20231228161057478.jpg,Warping,Warping__20231228-154127,2023-12-28T16:10:57.478000,base,20231228161057478,False,3072,2048,3056651,1a458e2fa53eab76d646f13c088f8d52
Warping/Image_20231228161127491.jpg,Warping,Warping__20231228-154127,2023-12-28T16:11:27.491000,base,20231228161127491,False,3072,2048,3109768,b32841c5fdae8ae77b456704401dea3e
Warping/Image_20231228161157487.jpg,Warping,Warping__20231228-154127,2023-12-28T16:11:57.487000,base,20231228161157487,False,3072,2048,3055229,f56ad3bce366ae93c649d583c4c8d8f2
Warping/Image_20231228161227490.jpg,Warping,Warping__20231228-154127,2023-12-28T16:12:27.490000,base,20231228161227490,False,3072,2048,3428355,ff7422ca4f17c8298a6f70e1164c4c6c
Warping/Image_20231228161257455.jpg,Warping,Warping__20231228-154127,2023-12-28T16:12:57.455000,base,20231228161257455,False,3072,2048,3138679,044d2f42acc6a42da2de1343ae4b3d62
Warping/Image_20231228161327450.jpg,Warping,Warping__20231228-154127,2023-12-28T16:13:27.450000,base,20231228161327450,False,3072,2048,3108543,530cd8773cf3fe8857fd72313e476d11
Warping/Image_20231228161357461.jpg,Warping,Warping__20231228-154127,2023-12-28T16:13:57.461000,base,20231228161357461,False,3072,2048,3474482,8e297883a8a03fe14c96e7ee1389b1c8
Warping/Image_20231228161427467.jpg,Warping,Warping__20231228-154127,2023-12-28T16:14:27.467000,base,20231228161427467,False,3072,2048,3184284,cce5ede12a809d4d18bedc993e2633cd
Warping/Image_20231228161457470.jpg,Warping,Warping__20231228-154127,2023-12-28T16:14:57.470000,base,20231228161457470,False,3072,2048,3355893,76e28506b6a26c4ee9734a6c3cc2dfbf
Warping/Image_20231228161527486.jpg,Warping,Warping__20231228-154127,2023-12-28T16:15:27.486000,base,20231228161527486,False,3072,2048,3565544,0ca547077d7b2e09af5e059913352f1d
Warping/Image_20231228161557491.jpg,Warping,Warping__20231228-154127,2023-12-28T16:15:57.491000,base,20231228161557491,False,3072,2048,3566820,42fc95ffdd71518a9bb99b34c18cc87f
Warping/Image_20231228161627451.jpg,Warping,Warping__20231228-154127,2023-12-28T16:16:27.451000,base,20231228161627451,False,3072,2048,2993464,542c76113e4ffd28ce6e6ed6641acdde
Warping/Image_20231228161657452_aug.jpg,Warping,Warping__20231228-154127,2023-12-28T16:16:57.452000,aug,20231228161657452,True,3072,2048,1000621,a29bbcbf283716b4e97e0c369c41053e
Warping/Image_20231228161657452.jpg,Warping,Warping__20231228-154127,2023-12-28T16:16:57.452000,base,20231228161657452,False,3072,2048,3166364,cf2640a96f07f693d3dd5a6098b825c2
Warping/Image_20231228161657452_original.jpg,Warping,Warping__20231228-154127,2023-12-28T16:16:57.452000,original,20231228161657452,True,3072,2048,1192553,a054f0f72ec0a4a61979a926fe2cfd5b
Warping/Image_20231228161727456.jpg,Warping,Warping__20231228-154127,2023-12-28T16:17:27.456000,base,20231228161727456,False,3072,2048,3196269,9967e36a877d628b816e66b8ef43fe1a
Warping/Image_20231228161757469.jpg,Warping,Warping__20231228-154127,2023-12-28T16:17:57.469000,base,20231228161757469,False,3072,2048,3444853,51da86e1cd621d5f6ab90d24e09c979e
Warping/Image_20231228161827473.jpg,Warping,Warping__20231228-154127,2023-12-28T16:18:27.473000,base,20231228161827473,False,3072,2048,3495359,969a3243f4bcf732724971c3933cf1ea
Warping/Image_20240102142950103.jpg,Warping,Warping__20240102-142950,2024-01-02T14:29:50.103000,base,20240102142950103,False,3072,2048,3666236,7aa56007cb6b7c541baf12aa2723b985
Warping/Image_20240102143020124.jpg,Warping,Warping__20240102-142950,2024-01-02T14:30:20.124000,base,20240102143020124,False,3072,2048,3732111,cb8fce7dcaf7bdafab9472b58f6acadf
Warping/Image_20240102143050125.jpg,Warping,Warping__20240102-142950,2024-01-02T14:30:50.125000,base,20240102143050125,False,3072,2048,3741678,5f5a9f7bd83ea6b4f988b1b34ef756fa
Warping/Image_20240102143120122.jpg,Warping,Warping__20240102-142950,2024-01-02T14:31:20.122000,base,20240102143120122,False,3072,2048,3797149,c9028804a456219173fc17383fb87d07
Warping/Image_20240102143150140.jpg,Warping,Warping__20240102-142950,2024-01-02T14:31:50.140000,base,20240102143150140,False,3072,2048,3791034,f6fc4ba0a0b2b5a65281e8e0b169c4e6
Warping/Image_20240102143220142.jpg,Warping,Warping__20240102-142950,2024-01-02T14:32:20.142000,base,20240102143220142,False,3072,2048,3891986,91e29bd1e6b2452afde08930dca74cae
Warping/Image_20240102143250096.jpg,Warping,Warping__20240102-142950,2024-01-02T14:32:50.096000,base,20240102143250096,False,3072,2048,3947439,5d17a8634f978e789b9da705b1fd257e
Warping/Image_20240102143320093.jpg,Warping,Warping__20240102-142950,2024-01-02T14:33:20.093000,base,20240102143320093,False,3072,2048,3731769,dcb5f3c5b20d8d9ca549855ea8e3f9a1
Warping/Image_20240102143350112.jpg,Warping,Warping__20240102-142950,2024-01-02T14:33:50.112000,base,20240102143350112,False,3072,2048,3820408,3c04d54247334723b142bdabfb612753
Warping/Image_20240102143420112.jpg,Warping,Warping__20240102-142950,2024-01-02T14:34:20.112000,base,20240102143420112,False,3072,2048,3902559,4b2092232d58754780e99b1b2b090e43
Warping/Image_20240102143450116.jpg,Warping,Warping__20240102-142950,2024-01-02T14:34:50.116000,base,20240102143450116,False,3072,2048,3915863,8482c435167abba4eaf423905dd0763b
Warping/Image_20240102143520121.jpg,Warping,Warping__20240102-142950,2024-01-02T14:35:20.121000,base,20240102143520121,False,3072,2048,3918633,a221bcc7107bc4c746c4fa0b1f50f49b
Warping/Image_20240102143550132.jpg,Warping,Warping__20240102-142950,2024-01-02T14:35:50.132000,base,20240102143550132,False,3072,2048,3920891,c6e84042eb5daf80b686b59d39ca8616
Warping/Image_20240102143620087.jpg,Warping,Warping__20240102-142950,2024-01-02T14:36:20.087000,base,20240102143620087,False,3072,2048,3844388,ecf16c7f8f0c8b8d3442648665d2f7d7
Warping/Image_20240102143650089_aug.jpg,Warping,Warping__20240102-142950,2024-01-02T14:36:50.089000,aug,20240102143650089,True,3072,2048,1469125,7de82c5b20342a302493ea785dc6b926
Warping/Image_20240102143650089.jpg,Warping,Warping__20240102-142950,2024-01-02T14:36:50.089000,base,20240102143650089,False,3072,2048,3855953,b502a7012923b24502ddacf2dd70db05
Warping/Image_20240102143650089_original.jpg,Warping,Warping__20240102-142950,2024-01-02T14:36:50.089000,original,20240102143650089,True,3072,2048,1469478,4a4e1efae5eee217c48a84d45726291f
Warping/Image_20240102143720096.jpg,Warping,Warping__20240102-142950,2024-01-02T14:37:20.096000,base,20240102143720096,False,3072,2048,3871940,c37fda8ea3ce1f582d5368dc0abb881d
Warping/Image_20240102143750108.jpg,Warping,Warping__20240102-142950,2024-01-02T14:37:50.108000,base,20240102143750108,False,3072,2048,3700429,8a55d985c24defa4bbec2d2a7c1f3513
Warping/Image_20240102143820106.jpg,Warping,Warping__20240102-142950,2024-01-02T14:38:20.106000,base,20240102143820106,False,3072,2048,3594481,ea8cb5650abe3df5a460c884a012196a
Warping/Image_20240102143850121.jpg,Warping,Warping__20240102-142950,2024-01-02T14:38:50.121000,base,20240102143850121,False,3072,2048,3764384,3546b44ff6a497929fd51a17722ff5b8
Warping/Image_20240102143920123.jpg,Warping,Warping__20240102-142950,2024-01-02T14:39:20.123000,base,20240102143920123,False,3072,2048,3769759,a253b24a1cb111462ebd9cdf2d8d537b
Warping/Image_20240102143950133.jpg,Warping,Warping__20240102-142950,2024-01-02T14:39:50.133000,base,20240102143950133,False,3072,2048,3634093,997a276ba4793569b3a2c934dfb9a5eb
Warping/Image_20240102150850090_aug.jpg,Warping,Warping__20240102-150850,2024-01-02T15:08:50.090000,aug,20240102150850090,True,3072,2048,1186778,9d42c20127a0cc1940b5612133817342
Warping/Image_20240102150850090.jpg,Warping,Warping__20240102-150850,2024-01-02T15:08:50.090000,base,20240102150850090,False,3072,2048,3217019,1fd47f055c1d4e194801c848e10b2655
Warping/Image_20240102150850090_original.jpg,Warping,Warping__20240102-150850,2024-01-02T15:08:50.090000,original,20240102150850090,True,3072,2048,1186778,9d42c20127a0cc1940b5612133817342
Warping/Image_20240102150950097.jpg,Warping,Warping__20240102-150850,2024-01-02T15:09:50.097000,base,20240102150950097,False,3072,2048,2883914,80abe653921264b17598f6f00cfcb057
Warping/Image_20240102151020107.jpg,Warping,Warping__20240102-150850,2024-01-02T15:10:20.107000,base,20240102151020107,False,3072,2048,3208324,d50fc1540ce8a72935369ac284c3a3f7
Warping/Image_20240102151050120.jpg,Warping,Warping__20240102-150850,2024-01-02T15:10:50.120000,base,20240102151050120,False,3072,2048,3205729,de749e63e1672df9552378d8a05ac1e7
Warping/Image_20240102151120119.jpg,Warping,Warping__20240102-150850,2024-01-02T15:11:20.119000,base,20240102151120119,False,3072,2048,3230092,528babfd8931429fcb3e978ed9818df0
Warping/Image_20240102151150126.jpg,Warping,Warping__20240102-150850,2024-01-02T15:11:50.126000,base,20240102151150126,False,3072,2048,2932670,18b05b9420b3c1af03573644523a7479
Warping/Image_20240102151220130.jpg,Warping,Warping__20240102-150850,2024-01-02T15:12:20.130000,base,20240102151220130,False,3072,2048,2978856,48b5579014a9f1055f2627d16b0325f5
Warping/Image_20240102151250143.jpg,Warping,Warping__20240102-150850,2024-01-02T15:12:50.143000,base,20240102151250143,False,3072,2048,3240211,aa7ab48c6669611b267c33c2d1cad614
Warping/Image_20240102151320149.jpg,Warping,Warping__20240102-150850,2024-01-02T15:13:20.149000,base,20240102151320149,False,3072,2048,3241238,a30a97e883f7cc10608b67b2be1a3762
Warping/Image_20240102151350096_aug.jpg,Warping,Warping__20240102-150850,2024-01-02T15:13:50.096000,aug,20240102151350096,True,3072,2048,988969,6623877128e1e275658331cfc3ecc71e
Warping/Image_20240102151350096.jpg,Warping,Warping__20240102-150850,2024-01-02T15:13:50.096000,base,20240102151350096,False,3072,2048,3032987,64ff15f12dc776f4852583c49f44259c
Warping/Image_20240102151350096_original.jpg,Warping,Warping__20240102-150850,2024-01-02T15:13:50.096000,original,20240102151350096,True,3072,2048,1125368,12591e5a977f37a4c0bb26ec389ff228
Warping/Image_20240102151420101.jpg,Warping,Warping__20240102-150850,2024-01-02T15:14:20.101000,base,20240102151420101,False,3072,2048,3091501,536deb6f7ae9e5034a811fab03987e8c
Warping/Image_20240102151450119.jpg,Warping,Warping__20240102-150850,2024-01-02T15:14:50.119000,base,20240102151450119,False,3072,2048,3244416,6674a0c416444bbf5f4096e1a5ab943f
Warping/Image_20240102151520114.jpg,Warping,Warping__20240102-150850,2024-01-02T15:15:20.114000,base,20240102151520114,False,3072,2048,2840474,9e26b45cd491d6966b3d05096030089b
Warping/Image_20240102151550126.jpg,Warping,Warping__20240102-150850,2024-01-02T15:15:50.126000,base,20240102151550126,False,3072,2048,3108659,5305fd04619c9bbda63324acd5e5d063
Warping/Image_20240102151620132.jpg,Warping,Warping__20240102-150850,2024-01-02T15:16:20.132000,base,20240102151620132,False,3072,2048,2913402,898300b139af44008fe73cc0922aa4f7
Warping/Image_20240102151650144.jpg,Warping,Warping__20240102-150850,2024-01-02T15:16:50.144000,base,20240102151650144,False,3072,2048,2978173,e7526713112cf23ec4b766da4fe950c9
Warping/Image_20240102151720088.jpg,Warping,Warping__20240102-150850,2024-01-02T15:17:20.088000,base,20240102151720088,False,3072,2048,3135688,4b99c8ff4a4388162704ef6550e53d5b
Warping/Image_20240102151750101.jpg,Warping,Warping__20240102-150850,2024-01-02T15:17:50.101000,base,20240102151750101,False,3072,2048,3109301,f495cbf665a04969b7c5d8f37ce22062
Warping/Image_20240102151820107.jpg,Warping,Warping__20240102-150850,2024-01-02T15:18:20.107000,base,20240102151820107,False,3072,2048,2992583,d7e8b4d72573a6947c59912228d48f2a
Warping/Image_20240102151850108_aug.jpg,Warping,Warping__20240102-150850,2024-01-02T15:18:50.108000,aug,20240102151850108,True,3072,2048,1005530,f22ed92d9ca8fb02aacf0eb2e5a19428
Warping/Image_20240102151850108.jpg,Warping,Warping__20240102-150850,2024-01-02T15:18:50.108000,base,20240102151850108,False,3072,2048,2988416,f1121782d10edae6edc8f83f0ac45f2b
Warping/Image_20240102151850108_original.jpg,Warping,Warping__20240102-150850,2024-01-02T15:18:50.108000,original,20240102151850108,True,3072,2048,1106017,4bdcc7b3edf868be65d2f358f60c1f39
Warping/Image_20240102151920125.jpg,Warping,Warping__20240102-150850,2024-01-02T15:19:20.125000,base,20240102151920125,False,3072,2048,3192229,b1e65170390cf8f2f771f6ab36a976eb
Warping/Image_20240102151950123.jpg,Warping,Warping__20240102-150850,2024-01-02T15:19:50.123000,base,20240102151950123,False,3072,2048,3052975,731ee929f77071dee8230978f9c6a5eb
Warping/Image_20240102152020133.jpg,Warping,Warping__20240102-150850,2024-01-02T15:20:20.133000,base,20240102152020133,False,3072,2048,3055388,c8d76d61909d15f04e18fe89402114c4
Warping/Image_20240102152050144.jpg,Warping,Warping__20240102-150850,2024-01-02T15:20:50.144000,base,20240102152050144,False,3072,2048,3096477,af21409e54fb98e96922f4e3b50fc74d
Warping/Image_20240102152120090.jpg,Warping,Warping__20240102-150850,2024-01-02T15:21:20.090000,base,20240102152120090,False,3072,2048,3091191,96eed2a8b912fdd4fd8b835e04abb5b6
Warping/Image_20240102152150103.jpg,Warping,Warping__20240102-150850,2024-01-02T15:21:50.103000,base,20240102152150103,False,3072,2048,3175258,de0332079fb923d3553f466242ac64e0
Warping/Image_20240102152220099.jpg,Warping,Warping__20240102-150850,2024-01-02T15:22:20.099000,base,20240102152220099,False,3072,2048,2941244,6fd716ef6b2f9de830e89eba3afdf157
Warping/Image_20240102152250113.jpg,Warping,Warping__20240102-150850,2024-01-02T15:22:50.113000,base,20240102152250113,False,3072,2048,3165505,4916cd33e7b80ba50fcf2a892c2f9660
Warping/Image_20240102152320121.jpg,Warping,Warping__20240102-150850,2024-01-02T15:23:20.121000,base,20240102152320121,False,3072,2048,2871534,52c539599ccef4c956af0277d474bdf8
Warping/Image_20240102152350129_aug.jpg,Warping,Warping__20240102-150850,2024-01-02T15:23:50.129000,aug,20240102152350129,True,3072,2048,864978,7598421feba05eb8262a1852e6e2805b
Warping/Image_20240102152350129.jpg,Warping,Warping__20240102-150850,2024-01-02T15:23:50.129000,base,20240102152350129,False,3072,2048,3087125,8c033afbab36b93504c166e6a747ece0
Warping/Image_20240102152350129_original.jpg,Warping,Warping__20240102-150850,2024-01-02T15:23:50.129000,original,20240102152350129,True,3072,2048,1152074,5c182f737886d73d6f04fb7cdd4402ed
Warping/Image_20240102152420128.jpg,Warping,Warping__20240102-150850,2024-01-02T15:24:20.128000,base,20240102152420128,False,3072,2048,3156752,11d74ec0f0fbc875999e408e0b751463
Warping/Image_20240102152450144.jpg,Warping,Warping__20240102-150850,2024-01-02T15:24:50.144000,base,20240102152450144,False,3072,2048,3106404,f32b3ff04a33f11528ce9f9e8f720c61
Warping/Image_20240102152520091.jpg,Warping,Warping__20240102-150850,2024-01-02T15:25:20.091000,base,20240102152520091,False,3072,2048,2786200,d975b2356b75b857751a9b2fa8e3fde2
Warping/Image_20240102152550104.jpg,Warping,Warping__20240102-150850,2024-01-02T15:25:50.104000,base,20240102152550104,False,3072,2048,3129354,b04dd9f9ec3eb3b173ada85baa0676b9
Warping/Image_20240102152620097.jpg,Warping,Warping__20240102-150850,2024-01-02T15:26:20.097000,base,20240102152620097,False,3072,2048,2747478,430b6ef1b150d3e75117e8aa2f67f8f7
Warping/Image_20240102152650112.jpg,Warping,Warping__20240102-150850,2024-01-02T15:26:50.112000,base,20240102152650112,False,3072,2048,2755600,240303a70dd3730f623bcaf6fd334cff
Warping/Image_20240102152720110.jpg,Warping,Warping__20240102-150850,2024-01-02T15:27:20.110000,base,20240102152720110,False,3072,2048,2907679,fae41fec009b85c12f20517984bf7f01
Warping/Image_20240102152750123.jpg,Warping,Warping__20240102-150850,2024-01-02T15:27:50.123000,base,20240102152750123,False,3072,2048,2971911,dc015149f6e29ab63bf3ef42fc270d53
Warping/Image_20240102152820138.jpg,Warping,Warping__20240102-150850,2024-01-02T15:28:20.138000,base,20240102152820138,False,3072,2048,3091850,ea34ad3e6424cb2e84a5f52afdd249aa
Warping/Image_20240102152850087_aug.jpg,Warping,Warping__20240102-150850,2024-01-02T15:28:50.087000,aug,20240102152850087,True,3072,2048,1084792,7947fb3933d88a89ea89e70a1e9b8f57
Warping/Image_20240102152850087.jpg,Warping,Warping__20240102-150850,2024-01-02T15:28:50.087000,base,20240102152850087,False,3072,2048,2825476,b78fd2d0420db8029cc146c1cd43d33a
Warping/Image_20240102152850087_original.jpg,Warping,Warping__20240102-150850,2024-01-02T15:28:50.087000,original,20240102152850087,True,3072,2048,1084974,3ff89e1ac9aeb9fa9eb444673021ada4
Warping/Image_20240102152920093.jpg,Warping,Warping__20240102-150850,2024-01-02T15:29:20.093000,base,20240102152920093,False,3072,2048,2828479,80d8c541a0320178ef51c1cb21d8cd16
Warping/Image_20240102152950096.jpg,Warping,Warping__20240102-150850,2024-01-02T15:29:50.096000,base,20240102152950096,False,3072,2048,2838593,eeacbf14d5f916dd838b0aec4e0c660d
Warping/Image_20240102153020105.jpg,Warping,Warping__20240102-150850,2024-01-02T15:30:20.105000,base,20240102153020105,False,3072,2048,2994294,1e7e1a38f63db1796597899772a8840b
Warping/Image_20240102153050108.jpg,Warping,Warping__20240102-150850,2024-01-02T15:30:50.108000,base,20240102153050108,False,3072,2048,2954733,e8856f93e2e20095e2d5ef858598669a
Warping/Image_20240102153120110.jpg,Warping,Warping__20240102-150850,2024-01-02T15:31:20.110000,base,20240102153120110,False,3072,2048,2892200,1941a8fbf45199a9c99b107e167d9379
Warping/Image_20240102153150124.jpg,Warping,Warping__20240102-150850,2024-01-02T15:31:50.124000,base,20240102153150124,False,3072,2048,2864845,a5e72c039a2397d03f159a42d2388e57
Warping/Image_20240102153220123.jpg,Warping,Warping__20240102-150850,2024-01-02T15:32:20.123000,base,20240102153220123,False,3072,2048,3282593,1161ef0f4a616237cf9606fc688e79bb
Warping/Image_20240102153250140.jpg,Warping,Warping__20240102-150850,2024-01-02T15:32:50.140000,base,20240102153250140,False,3072,2048,3159923,e0f0870680141eebf0e8ebb6599e9853
Warping/Image_20240102155550123.jpg,Warping,Warping__20240102-155550,2024-01-02T15:55:50.123000,base,20240102155550123,False,3072,2048,2944071,0759ce4c10a35d406b384a7ed9432ddb
Warping/Image_20240102155620130.jpg,Warping,Warping__20240102-155550,2024-01-02T15:56:20.130000,base,20240102155620130,False,3072,2048,3019400,34f651e47fc94b6fc582298399bed5d7
Warping/Image_20240102155650132_aug.jpg,Warping,Warping__20240102-155550,2024-01-02T15:56:50.132000,aug,20240102155650132,True,3072,2048,1245539,9a7f79abaea2d7bf918a0f28003ae80d
Warping/Image_20240102155650132.jpg,Warping,Warping__20240102-155550,2024-01-02T15:56:50.132000,base,20240102155650132,False,3072,2048,3323059,6061456e44dff8368ac62df4e30bb50c
Warping/Image_20240102155650132_original.jpg,Warping,Warping__20240102-155550,2024-01-02T15:56:50.132000,original,20240102155650132,True,3072,2048,1245821,29575365d4910ce027f86eed978f09f6
Warping/Image_20240102155720089.jpg,Warping,Warping__20240102-155550,2024-01-02T15:57:20.089000,base,20240102155720089,False,3072,2048,3145501,474fa01dc120f2ac28a771271e59f362
Warping/Image_20240102155750086.jpg,Warping,Warping__20240102-155550,2024-01-02T15:57:50.086000,base,20240102155750086,False,3072,2048,3008288,3c0355e337b5da959aadc4db164a7489
Warping/Image_20240102155820100.jpg,Warping,Warping__20240102-155550,2024-01-02T15:58:20.100000,base,20240102155820100,False,3072,2048,2940024,8de8dbf675b20a013e8073df4a02333b
Warping/Image_20240102155850108.jpg,Warping,Warping__20240102-155550,2024-01-02T15:58:50.108000,base,20240102155850108,False,3072,2048,3256140,2499e82b9095685d3502ccffc61a8f22
Warping/Image_20240102155920116.jpg,Warping,Warping__20240102-155550,2024-01-02T15:59:20.116000,base,20240102155920116,False,3072,2048,3208085,cc3c39c3df35fa5a1e651cf04bf6233a
Warping/Image_20240102155950112.jpg,Warping,Warping__20240102-155550,2024-01-02T15:59:50.112000,base,20240102155950112,False,3072,2048,3187653,3969c6aac6d7e1df5786f35bcfc3571f
Warping/Image_20240102160020131.jpg,Warping,Warping__20240102-155550,2024-01-02T16:00:20.131000,base,20240102160020131,False,3072,2048,3193550,cfe043ddf0c283bd94c3dc3ce87c6390
Warping/Image_20240102160050131.jpg,Warping,Warping__20240102-155550,2024-01-02T16:00:50.131000,base,20240102160050131,False,3072,2048,3234052,f7d549353363a3432e45018f6edd97a4
Warping/Image_20240102160120092.jpg,Warping,Warping__20240102-155550,2024-01-02T16:01:20.092000,base,20240102160120092,False,3072,2048,3149749,29f1f01fe632e87d228f320b909f3366
Warping/Image_20240102160150091.jpg,Warping,Warping__20240102-155550,2024-01-02T16:01:50.091000,base,20240102160150091,False,3072,2048,3177939,e62751c142c929a1b4711bb909820fed
Warping/Image_20240102160220093.jpg,Warping,Warping__20240102-155550,2024-01-02T16:02:20.093000,base,20240102160220093,False,3072,2048,3135978,fd6817c533f8981a698c551a2991e2c5
Warping/Image_20240102160250099.jpg,Warping,Warping__20240102-155550,2024-01-02T16:02:50.099000,base,20240102160250099,False,3072,2048,3028570,b3a9d8b87477c076d8d4354ba125fa05
Warping/Image_20240102160320106.jpg,Warping,Warping__20240102-155550,2024-01-02T16:03:20.106000,base,20240102160320106,False,3072,2048,3173289,2ec9e3612da952ab40943ae2a5043f83
Warping/Image_20240102160350123.jpg,Warping,Warping__20240102-155550,2024-01-02T16:03:50.123000,base,20240102160350123,False,3072,2048,2946858,bbcfe72f747387a89f36e80d214cd628
Warping/Image_20240102160420121_aug.jpg,Warping,Warping__20240102-155550,2024-01-02T16:04:20.121000,aug,20240102160420121,True,3072,2048,1090580,198516fe8d5ac6de515841673db8c333
Warping/Image_20240102160420121.jpg,Warping,Warping__20240102-155550,2024-01-02T16:04:20.121000,base,20240102160420121,False,3072,2048,2925975,a37f2e55d025b1b93eebc86a1532407c
Warping/Image_20240102160420121_original.jpg,Warping,Warping__20240102-155550,2024-01-02T16:04:20.121000,original,20240102160420121,True,3072,2048,1091055,fede4e730a16405eb4db134c7eaa5c20
Warping/Image_20240102160450135.jpg,Warping,Warping__20240102-155550,2024-01-02T16:04:50.135000,base,20240102160450135,False,3072,2048,3030829,a46dedaf9891f6aa0bf21f9fb10d7771
Warping/Image_20240102160520087.jpg,Warping,Warping__20240102-155550,2024-01-02T16:05:20.087000,base,20240102160520087,False,3072,2048,2940732,6dc5c0d6b126d8f77c141957752272d1
Warping/Image_20240102160550087.jpg,Warping,Warping__20240102-155550,2024-01-02T16:05:50.087000,base,20240102160550087,False,3072,2048,2947237,8e0fe24d5436054bb1850298510bf561
Warping/Image_20240102160620099.jpg,Warping,Warping__20240102-155550,2024-01-02T16:06:20.099000,base,20240102160620099,False,3072,2048,3316046,d58ab0026501d5fb9b3d08bf335b6d1d
Warping/Image_20240102160650098.jpg,Warping,Warping__20240102-155550,2024-01-02T16:06:50.098000,base,20240102160650098,False,3072,2048,3157677,f816fe97fab7f7a3403c98c8b23308c1
Warping/Image_20240102160720112.jpg,Warping,Warping__20240102-155550,2024-01-02T16:07:20.112000,base,20240102160720112,False,3072,2048,2970361,a9fb414f82172bab5f91d550d1a67242
Warping/Image_20240102160750116.jpg,Warping,Warping__20240102-155550,2024-01-02T16:07:50.116000,base,20240102160750116,False,3072,2048,3090516,63eae52d42db7a1532890384462881cf
Warping/Image_20240102160820130.jpg,Warping,Warping__20240102-155550,2024-01-02T16:08:20.130000,base,20240102160820130,False,3072,2048,3154601,b484284e624b22afd74e7cbd032bb6cd
Warping/Image_20240102160850129.jpg,Warping,Warping__20240102-155550,2024-01-02T16:08:50.129000,base,20240102160850129,False,3072,2048,3196011,6f66e9dbe4864c7173f8984568cfafeb
Warping/Image_20240102160920131.jpg,Warping,Warping__20240102-155550,2024-01-02T16:09:20.131000,base,20240102160920131,False,3072,2048,3137172,1f1f7849cec5eaf1f38ac6fe29c20b49
Warping/Image_20240102160950093.jpg,Warping,Warping__20240102-155550,2024-01-02T16:09:50.093000,base,20240102160950093,False,3072,2048,3133202,f672417e47c8c732a3f64b8f6423ab1d
Warping/Image_20240102161020091.jpg,Warping,Warping__20240102-155550,2024-01-02T16:10:20.091000,base,20240102161020091,False,3072,2048,3005226,8c4a79529e919abeac6f15477e3741a7
Warping/Image_20240102161050105.jpg,Warping,Warping__20240102-155550,2024-01-02T16:10:50.105000,base,20240102161050105,False,3072,2048,2983689,d662346dfdc7e2f01916261e8dd98a70
Warping/Image_20240102161120108.jpg,Warping,Warping__20240102-155550,2024-01-02T16:11:20.108000,base,20240102161120108,False,3072,2048,2943459,1a3e058c1ea6b090528f847ba5fc553c
Warping/Image_20240102161150118.jpg,Warping,Warping__20240102-155550,2024-01-02T16:11:50.118000,base,20240102161150118,False,3072,2048,3124181,0123fca984d99e7f7e6e53f6c3e09aa4
Warping/Image_20240102161220129.jpg,Warping,Warping__20240102-155550,2024-01-02T16:12:20.129000,base,20240102161220129,False,3072,2048,3267855,5f8fa6423fdd67553b1ebd64370a67e1
Warping/Image_20240102161250136.jpg,Warping,Warping__20240102-155550,2024-01-02T16:12:50.136000,base,20240102161250136,False,3072,2048,3209537,90276595ef84845adb8aa8db3f69fec3
Warping/Image_20240102161320087_aug.jpg,Warping,Warping__20240102-155550,2024-01-02T16:13:20.087000,aug,20240102161320087,True,3072,2048,1101740,2ffe0993c7fd228154b936634deda024
Warping/Image_20240102161320087.jpg,Warping,Warping__20240102-155550,2024-01-02T16:13:20.087000,base,20240102161320087,False,3072,2048,2963939,2883dcceef3726a2c1eff893ed324c6f
Warping/Image_20240102161320087_original.jpg,Warping,Warping__20240102-155550,2024-01-02T16:13:20.087000,original,20240102161320087,True,3072,2048,1101740,2ffe0993c7fd228154b936634deda024
Warping/Image_20240102161350096.jpg,Warping,Warping__20240102-155550,2024-01-02T16:13:50.096000,base,20240102161350096,False,3072,2048,2956055,096bb8a58e6cd113ef30bff2649299b9
Warping/Image_20240102161420098.jpg,Warping,Warping__20240102-155550,2024-01-02T16:14:20.098000,base,20240102161420098,False,3072,2048,3099922,817840f05eb6d1bead5e3fc352d2b147
Warping/Image_20240102161450096.jpg,Warping,Warping__20240102-155550,2024-01-02T16:14:50.096000,base,20240102161450096,False,3072,2048,3112663,ae31ca926628c1df3094f84d634ea062
Warping/Image_20240102161520106.jpg,Warping,Warping__20240102-155550,2024-01-02T16:15:20.106000,base,20240102161520106,False,3072,2048,2925015,2191458c86f89fead2266aaa27624af5
Warping/Image_20240102161550122.jpg,Warping,Warping__20240102-155550,2024-01-02T16:15:50.122000,base,20240102161550122,False,3072,2048,3075566,00da4a7e860ec147e43f3deac8b5a2eb
Warping/Image_20240102161620122.jpg,Warping,Warping__20240102-155550,2024-01-02T16:16:20.122000,base,20240102161620122,False,3072,2048,3208343,3564c60526ad9a3c9fec7dd959a24e9a
Warping/Image_20240102161650132.jpg,Warping,Warping__20240102-155550,2024-01-02T16:16:50.132000,base,20240102161650132,False,3072,2048,2936662,26ac7cf7823ffe7a8bf461cb2291de9c
Warping/Image_20240102161720133.jpg,Warping,Warping__20240102-155550,2024-01-02T16:17:20.133000,base,20240102161720133,False,3072,2048,3376667,050d3bcb2676bbcf67957ad4b497adfe
Warping/Image_20240102161750091.jpg,Warping,Warping__20240102-155550,2024-01-02T16:17:50.091000,base,20240102161750091,False,3072,2048,2909784,c1663002f68a4c3a730b687ec3438bc0
Warping/Image_20240102161820098.jpg,Warping,Warping__20240102-155550,2024-01-02T16:18:20.098000,base,20240102161820098,False,3072,2048,2938477,63d8b83f11441e1cacef90185419e79b
Warping/Image_20240102161850097.jpg,Warping,Warping__20240102-155550,2024-01-02T16:18:50.097000,base,20240102161850097,False,3072,2048,2992172,d17c19383f6ad2616537514a52cdd209
Warping/Image_20240102161920112_aug.jpg,Warping,Warping__20240102-155550,2024-01-02T16:19:20.112000,aug,20240102161920112,True,3072,2048,619395,1be37ec16664b648c9abccffa5115d80
Warping/Image_20240102161920112.jpg,Warping,Warping__20240102-155550,2024-01-02T16:19:20.112000,base,20240102161920112,False,3072,2048,3054582,9d11405844092c7ad957cd8bafab7ef4
Warping/Image_20240102161920112_original.jpg,Warping,Warping__20240102-155550,2024-01-02T16:19:20.112000,original,20240102161920112,True,3072,2048,1139359,823aee86f3c98dd8d6542a941846b83a
Warping/Image_20240102161950112.jpg,Warping,Warping__20240102-155550,2024-01-02T16:19:50.112000,base,20240102161950112,False,3072,2048,3052980,67c631672552979f3345f5d398c6a56b
Warping/Image_20240102162020122.jpg,Warping,Warping__20240102-155550,2024-01-02T16:20:20.122000,base,20240102162020122,False,3072,2048,3197538,bc73564c2cd388aba420faafb6fbd251
Warping/Image_20240102162050120.jpg,Warping,Warping__20240102-155550,2024-01-02T16:20:50.120000,base,20240102162050120,False,3072,2048,3140006,e4455a30649c39a446cd6c8f10bea7b0
Warping/Image_20240102162120086.jpg,Warping,Warping__20240102-155550,2024-01-02T16:21:20.086000,base,20240102162120086,False,3072,2048,2968707,72c5275074ed669b3cc30ea0b09598a5
Warping/Image_20240102162150089.jpg,Warping,Warping__20240102-155550,2024-01-02T16:21:50.089000,base,20240102162150089,False,3072,2048,3313004,c8549e7f64ea9b0d911de83907fc3fae
Warping/Image_20240102162220096.jpg,Warping,Warping__20240102-155550,2024-01-02T16:22:20.096000,base,20240102162220096,False,3072,2048,3211878,4f469fe0cf3df402bd474b1f22734475
Warping/Image_20240102162250097.jpg,Warping,Warping__20240102-155550,2024-01-02T16:22:50.097000,base,20240102162250097,False,3072,2048,3256521,d53ad05d8faffdcb4d76132bf5bf32d3
Warping/Image_20240102162320109.jpg,Warping,Warping__20240102-155550,2024-01-02T16:23:20.109000,base,20240102162320109,False,3072,2048,2973664,3d39820dea255887412017914bfb284c
Warping/Image_20240102162350116.jpg,Warping,Warping__20240102-155550,2024-01-02T16:23:50.116000,base,20240102162350116,False,3072,2048,3039337,c0dd491d5795a85dbb6163544a063d3d
Warping/Image_20240102162420117.jpg,Warping,Warping__20240102-155550,2024-01-02T16:24:20.117000,base,20240102162420117,False,3072,2048,2980720,2e7432b5375fdeebf387ea01696e1f13
Warping/Image_20240102162450127.jpg,Warping,Warping__20240102-155550,2024-01-02T16:24:50.127000,base,20240102162450127,False,3072,2048,2890975,aa51f97f0bde052b92571c7208d49e72
Warping/Image_20240102162520129_aug.jpg,Warping,Warping__20240102-155550,2024-01-02T16:25:20.129000,aug,20240102162520129,True,3072,2048,1135366,dc7e0dee30803dae23cabcd6f86530c7
Warping/Image_20240102162520129.jpg,Warping,Warping__20240102-155550,2024-01-02T16:25:20.129000,base,20240102162520129,False,3072,2048,2987356,eacfa9cf6fde02c9aba6c0ca12d1a417
Warping/Image_20240102162520129_original.jpg,Warping,Warping__20240102-155550,2024-01-02T16:25:20.129000,original,20240102162520129,True,3072,2048,1142563,b7da391abf2269caf156343c4dabbfbb
Warping/Image_20240102162550094.jpg,Warping,Warping__20240102-155550,2024-01-02T16:25:50.094000,base,20240102162550094,False,3072,2048,2890999,666b999bc9db2552656cb3d113854dbe
Warping/Image_20240102162620092.jpg,Warping,Warping__20240102-155550,2024-01-02T16:26:20.092000,base,20240102162620092,False,3072,2048,3213875,8f2ae5588da5e5c00923de3cef0bb214
Warping/Image_20240102162650102.jpg,Warping,Warping__20240102-155550,2024-01-02T16:26:50.102000,base,20240102162650102,False,3072,2048,3088256,9c0e1a8451c530dfdbd6ef7e8eddb57b
Warping/Image_20240102162720110.jpg,Warping,Warping__20240102-155550,2024-01-02T16:27:20.110000,base,20240102162720110,False,3072,2048,3155215,067c03ba30504772beb0e551bdbc6d83
Warping/Image_20240102170950136.jpg,Warping,Warping__20240102-170950,2024-01-02T17:09:50.136000,base,20240102170950136,False,3072,2048,2897455,30160c3b1df43c520f3c90d044a158a4
Warping/Image_20240102171020145.jpg,Warping,Warping__20240102-170950,2024-01-02T17:10:20.145000,base,20240102171020145,False,3072,2048,3136691,7390a6886c2af9be0fa3e5726dcf825f
Warping/Image_20240102171050092.jpg,Warping,Warping__20240102-170950,2024-01-02T17:10:50.092000,base,20240102171050092,False,3072,2048,3083933,2b71de23432508fa082233c366bffc69
Warping/Image_20240102171120098.jpg,Warping,Warping__20240102-170950,2024-01-02T17:11:20.098000,base,20240102171120098,False,3072,2048,2891932,72af2a8c990c4e38c4df00d307f4c4f1
Warping/Image_20240102171150110.jpg,Warping,Warping__20240102-170950,2024-01-02T17:11:50.110000,base,20240102171150110,False,3072,2048,3055254,299cd9347b59ddbf8adb7c1f9597e1be
Warping/Image_20240102171220104.jpg,Warping,Warping__20240102-170950,2024-01-02T17:12:20.104000,base,20240102171220104,False,3072,2048,3131851,decb94888915a18b9352276bebb72bac
Warping/Image_20240102171250126.jpg,Warping,Warping__20240102-170950,2024-01-02T17:12:50.126000,base,20240102171250126,False,3072,2048,3055991,525c9eb287d687d4e0db728cc7281439
Warping/Image_20240102171320123.jpg,Warping,Warping__20240102-170950,2024-01-02T17:13:20.123000,base,20240102171320123,False,3072,2048,3052073,fad4a059bb6e0ed4001be3b1bd2f80d7
Warping/Image_20240102171350137_aug.jpg,Warping,Warping__20240102-170950,2024-01-02T17:13:50.137000,aug,20240102171350137,True,3072,2048,1089192,bedde9fd95723481df84af88c373f9fa
Warping/Image_20240102171350137.jpg,Warping,Warping__20240102-170950,2024-01-02T17:13:50.137000,base,20240102171350137,False,3072,2048,3049202,779aaf7ecdb4c723d26d840d10dead7e
Warping/Image_20240102171350137_original.jpg,Warping,Warping__20240102-170950,2024-01-02T17:13:50.137000,original,20240102171350137,True,3072,2048,1089819,43e50a322331700c0082e1322f80738c
Warping/Image_20240102171420092.jpg,Warping,Warping__20240102-170950,2024-01-02T17:14:20.092000,base,20240102171420092,False,3072,2048,3057168,27ae6a3cff8563cce05724e07f1751f4
Warping/Image_20240102171450094.jpg,Warping,Warping__20240102-170950,2024-01-02T17:14:50.094000,base,20240102171450094,False,3072,2048,3183148,0e36c86116caa15aa38aae78e4410c59
Warping/Image_20240102171520093.jpg,Warping,Warping__20240102-170950,2024-01-02T17:15:20.093000,base,20240102171520093,False,3072,2048,3006558,4ee2bb87b0af2214b0bfbc183d9bc3e6
Warping/Image_20240102181750123.jpg,Warping,Warping__20240102-181750,2024-01-02T18:17:50.123000,base,20240102181750123,False,3072,2048,3267357,7d880935801e91a4fabe577083e8dc51
Warping/Image_20240102181820127.jpg,Warping,Warping__20240102-181750,2024-01-02T18:18:20.127000,base,20240102181820127,False,3072,2048,3301701,24e4c8b3407a7b1c0298267a54fb718c
Warping/Image_20240102181850136.jpg,Warping,Warping__20240102-181750,2024-01-02T18:18:50.136000,base,20240102181850136,False,3072,2048,3287401,99dbdb1b96f0514c0d083d5d88a3255f
Warping/Image_20240102181920145.jpg,Warping,Warping__20240102-181750,2024-01-02T18:19:20.145000,base,20240102181920145,False,3072,2048,3302718,006593e3d270918ad1994db28d211cdf
Warping/Image_20240102181950148.jpg,Warping,Warping__20240102-181750,2024-01-02T18:19:50.148000,base,20240102181950148,False,3072,2048,3168487,70e5b559ca08ef397f8babf66329a6a8
Warping/Image_20240102182020103_aug.jpg,Warping,Warping__20240102-181750,2024-01-02T18:20:20.103000,aug,20240102182020103,True,3072,2048,1124490,a23bd96ab02ea77a33b5fc22f35e3140
Warping/Image_20240102182020103.jpg,Warping,Warping__20240102-181750,2024-01-02T18:20:20.103000,base,20240102182020103,False,3072,2048,3076625,acefec167ed346d276d45e1e65be838b
Warping/Image_20240102182020103_original.jpg,Warping,Warping__20240102-181750,2024-01-02T18:20:20.103000,original,20240102182020103,True,3072,2048,1124490,a23bd96ab02ea77a33b5fc22f35e3140
Warping/Image_20240102182050106.jpg,Warping,Warping__20240102-181750,2024-01-02T18:20:50.106000,base,20240102182050106,False,3072,2048,2985328,4c78ad9a4edce2d42c873510f7a9186b
Warping/Image_20240102182120106.jpg,Warping,Warping__20240102-181750,2024-01-02T18:21:20.106000,base,20240102182120106,False,3072,2048,3401321,80ba55e0e18a1e63fb8aed2aa7227c50
Warping/Image_20240102182150116.jpg,Warping,Warping__20240102-181750,2024-01-02T18:21:50.116000,base,20240102182150116,False,3072,2048,3492627,6d3dae5c9b0ad11d562e32350e875359
Warping/Image_20240102182220130.jpg,Warping,Warping__20240102-181750,2024-01-02T18:22:20.130000,base,20240102182220130,False,3072,2048,3338865,f9ba458bfdcdc330c1206f3a3fecb2dd
Warping/Image_20240102182250125.jpg,Warping,Warping__20240102-181750,2024-01-02T18:22:50.125000,base,20240102182250125,False,3072,2048,3736175,1dc9f300ca07cb114f6a8a73e8883e76
Warping/Image_20240102182320143.jpg,Warping,Warping__20240102-181750,2024-01-02T18:23:20.143000,base,20240102182320143,False,3072,2048,3389812,61d22ed5d81aa626fe887aa9590f0b60
Warping/Image_20240102182350093.jpg,Warping,Warping__20240102-181750,2024-01-02T18:23:50.093000,base,20240102182350093,False,3072,2048,3364489,0136166ec905a14e9437dd48273f65cf
Warping/Image_20240102182420103.jpg,Warping,Warping__20240102-181750,2024-01-02T18:24:20.103000,base,20240102182420103,False,3072,2048,3690230,4c5ba7c3db8000e2f9852197f4b2f1b8
Warping/Image_20240102182450098.jpg,Warping,Warping__20240102-181750,2024-01-02T18:24:50.098000,base,20240102182450098,False,3072,2048,3300657,9348362927a0fdf36c685364384ddcc2
Warping/Image_20240102182520118.jpg,Warping,Warping__20240102-181750,2024-01-02T18:25:20.118000,base,20240102182520118,False,3072,2048,3305424,504d3c829d7316e88717a7a0b9b78466
Warping/Image_20240102182550122.jpg,Warping,Warping__20240102-181750,2024-01-02T18:25:50.122000,base,20240102182550122,False,3072,2048,3715209,c36966893d5b9e7792ff36b0f4e38090
Warping/Image_20240102182620132_aug.jpg,Warping,Warping__20240102-181750,2024-01-02T18:26:20.132000,aug,20240102182620132,True,3072,2048,1223168,9c5d8284e63f5ece85ed408330a31d81
Warping/Image_20240102182620132.jpg,Warping,Warping__20240102-181750,2024-01-02T18:26:20.132000,base,20240102182620132,False,3072,2048,3285960,f532fbbfd6f2783097ed5821071ed44d
Warping/Image_20240102182620132_original.jpg,Warping,Warping__20240102-181750,2024-01-02T18:26:20.132000,original,20240102182620132,True,3072,2048,1223904,a1f3e91f8105ecb7cb8fca8b4ff62235
Warping/Image_20240102182650139.jpg,Warping,Warping__20240102-181750,2024-01-02T18:26:50.139000,base,20240102182650139,False,3072,2048,3700677,cde40891d4e90e382588094a13c09d21
Warping/Image_20240102182720090.jpg,Warping,Warping__20240102-181750,2024-01-02T18:27:20.090000,base,20240102182720090,False,3072,2048,3307513,80f592b8a318b62b17b263de1b95830b
Warping/Image_20240102182750095.jpg,Warping,Warping__20240102-181750,2024-01-02T18:27:50.095000,base,20240102182750095,False,3072,2048,3321456,c4ca4e080b3279183bc5557ca56b39ec
Warping/Image_20240102182820093.jpg,Warping,Warping__20240102-181750,2024-01-02T18:28:20.093000,base,20240102182820093,False,3072,2048,3502057,f5c95f54e1da044276faabaccbe66c17
Warping/Image_20240102182850110.jpg,Warping,Warping__20240102-181750,2024-01-02T18:28:50.110000,base,20240102182850110,False,3072,2048,3481053,d5e241408bfc969f705eec15103a55eb
Warping/Image_20240102182920103.jpg,Warping,Warping__20240102-181750,2024-01-02T18:29:20.103000,base,20240102182920103,False,3072,2048,3684907,229a523639ed2efc3d2b587f824ef94b
Warping/Image_20240102182950126.jpg,Warping,Warping__20240102-181750,2024-01-02T18:29:50.126000,base,20240102182950126,False,3072,2048,3510310,4d383e53934a28d80e30b5030d5c2cca
Warping/Image_20240102183020126.jpg,Warping,Warping__20240102-181750,2024-01-02T18:30:20.126000,base,20240102183020126,False,3072,2048,3334032,b52ffe289ad8b42d5b1c028f53c7311f
Warping/Image_20240102183050125.jpg,Warping,Warping__20240102-181750,2024-01-02T18:30:50.125000,base,20240102183050125,False,3072,2048,3150153,efe155c2e595b83cc7f8a058c7a1dc66
Warping/Image_20240102183120140_aug.jpg,Warping,Warping__20240102-181750,2024-01-02T18:31:20.140000,aug,20240102183120140,True,3072,2048,1178063,1c8c28c877d173f3798f8c4789235a6c
Warping/Image_20240102183120140.jpg,Warping,Warping__20240102-181750,2024-01-02T18:31:20.140000,base,20240102183120140,False,3072,2048,3115857,a6ea0f7ecd12538f0aa651b15aecd018
Warping/Image_20240102183120140_original.jpg,Warping,Warping__20240102-181750,2024-01-02T18:31:20.140000,original,20240102183120140,True,3072,2048,1146669,f5350b6f5f757d819ca46a7d20a1cd62
Warping/Image_20240102183150090.jpg,Warping,Warping__20240102-181750,2024-01-02T18:31:50.090000,base,20240102183150090,False,3072,2048,3104586,d77746cd3503db3c33e94221271c5ca2
Warping/Image_20240102183220104.jpg,Warping,Warping__20240102-181750,2024-01-02T18:32:20.104000,base,20240102183220104,False,3072,2048,3267359,4d241ca2c4ee5c8b2b4505b5c0c7f724
Warping/Image_20240102183250105.jpg,Warping,Warping__20240102-181750,2024-01-02T18:32:50.105000,base,20240102183250105,False,3072,2048,3460010,cb2deddd7f3ce30e8ab08dd349a5acf1
Warping/Image_20240102183320115.jpg,Warping,Warping__20240102-181750,2024-01-02T18:33:20.115000,base,20240102183320115,False,3072,2048,3718087,32fff3e3603f79c722bb24700844948d
Warping/Image_20240102183350120.jpg,Warping,Warping__20240102-181750,2024-01-02T18:33:50.120000,base,20240102183350120,False,3072,2048,3497258,4ca2a670568621b3875a30ffe392e3a4
Warping/Image_20240102183420125.jpg,Warping,Warping__20240102-181750,2024-01-02T18:34:20.125000,base,20240102183420125,False,3072,2048,3385355,08c87bedaa51d05d66ca7645ebfb595b
Warping/Image_20240102183450137.jpg,Warping,Warping__20240102-181750,2024-01-02T18:34:50.137000,base,20240102183450137,False,3072,2048,3165230,2f2bd8f2eaf9b64ca62d9ff6a68696b5
Warping/Image_20240102183520133.jpg,Warping,Warping__20240102-181750,2024-01-02T18:35:20.133000,base,20240102183520133,False,3072,2048,3190962,abf297e4289b00026e365662f0f2550f
Warping/Image_20240102183550088.jpg,Warping,Warping__20240102-181750,2024-01-02T18:35:50.088000,base,20240102183550088,False,3072,2048,3891440,103498bafc9c19b9da92d9b4e4cb9d4e
Warping/Image_20240103113109635_aug.jpg,Warping,Warping__20240103-113109,2024-01-03T11:31:09.635000,aug,20240103113109635,True,3072,2048,1055486,b5b7725d8cf318bef5be7b3c9f4c3fb2
Warping/Image_20240103113109635.jpg,Warping,Warping__20240103-113109,2024-01-03T11:31:09.635000,base,20240103113109635,False,3072,2048,2881216,77d8f8bd50d0304469d04d1d69502760
Warping/Image_20240103113109635_original.jpg,Warping,Warping__20240103-113109,2024-01-03T11:31:09.635000,original,20240103113109635,True,3072,2048,1055854,ba07ef6c55ec5e5e82bf5be47f2428bf
Warping/Image_20240103113839624.jpg,Warping,Warping__20240103-113109,2024-01-03T11:38:39.624000,base,20240103113839624,False,3072,2048,2932838,d39d69a771a10de043e69440073a9fe5
Warping/Image_20240103113909637.jpg,Warping,Warping__20240103-113109,2024-01-03T11:39:09.637000,base,20240103113909637,False,3072,2048,2899837,1e0a69663da5ab8f51017618f0dc5a9a
Warping/Image_20240103113939640.jpg,Warping,Warping__20240103-113109,2024-01-03T11:39:39.640000,base,20240103113939640,False,3072,2048,2936029,329b466e6a17b63de184470c623f1dbe
Warping/Image_20240103114009655.jpg,Warping,Warping__20240103-113109,2024-01-03T11:40:09.655000,base,20240103114009655,False,3072,2048,3016507,05470b3e58fe5a31b70351bb5a3f3672
Warping/Image_20240103114039650.jpg,Warping,Warping__20240103-113109,2024-01-03T11:40:39.650000,base,20240103114039650,False,3072,2048,3014362,6e53c0a4ad1dce3995b52589f0bd1c66
Warping/Image_20240103114109670.jpg,Warping,Warping__20240103-113109,2024-01-03T11:41:09.670000,base,20240103114109670,False,3072,2048,3022092,ed7cde909e073259719aa782e58916f0
Warping/Image_20240103114139644.jpg,Warping,Warping__20240103-113109,2024-01-03T11:41:39.644000,base,20240103114139644,False,3072,2048,2946001,784c404d7773d4bcd4a1b9833d7cee9e
Warping/Image_20240103114209625.jpg,Warping,Warping__20240103-113109,2024-01-03T11:42:09.625000,base,20240103114209625,False,3072,2048,2983741,865682e71943b4d1276a70705bf70992
Warping/Image_20240103114239634.jpg,Warping,Warping__20240103-113109,2024-01-03T11:42:39.634000,base,20240103114239634,False,3072,2048,2934128,8ced55212d06515a1cd59599a63cbab6
Warping/Image_20240103114309639.jpg,Warping,Warping__20240103-113109,2024-01-03T11:43:09.639000,base,20240103114309639,False,3072,2048,3039751,a976337598e2c9b0a1aa482b46e8b0c9
Warping/Image_20240103114339643_aug.jpg,Warping,Warping__20240103-113109,2024-01-03T11:43:39.643000,aug,20240103114339643,True,3072,2048,1093985,75bef907785b30775eb4d73683a7bd60
Warping/Image_20240103114339643.jpg,Warping,Warping__20240103-113109,2024-01-03T11:43:39.643000,base,20240103114339643,False,3072,2048,2975363,dc6be0fe8426379cb30d8c7b7a58e019
Warping/Image_20240103114339643_original.jpg,Warping,Warping__20240103-113109,2024-01-03T11:43:39.643000,original,20240103114339643,True,3072,2048,1093985,75bef907785b30775eb4d73683a7bd60
Warping/Image_20240103114409655.jpg,Warping,Warping__20240103-113109,2024-01-03T11:44:09.655000,base,20240103114409655,False,3072,2048,2959899,90905150ddb429bda31c538fd4175965
Warping/Image_20240103114439643.jpg,Warping,Warping__20240103-113109,2024-01-03T11:44:39.643000,base,20240103114439643,False,3072,2048,2964437,058c217b33fe491fe08fc62d4bc7bfb0
Warping/Image_20240103114509663.jpg,Warping,Warping__20240103-113109,2024-01-03T11:45:09.663000,base,20240103114509663,False,3072,2048,3029228,8caaaa137b612be416677a37ec23b217
Warping/Image_20240103114539663.jpg,Warping,Warping__20240103-113109,2024-01-03T11:45:39.663000,base,20240103114539663,False,3072,2048,2953488,92ba81aed08087f8c85b89a192664f3c
Warping/Image_20240103114609682.jpg,Warping,Warping__20240103-113109,2024-01-03T11:46:09.682000,base,20240103114609682,False,3072,2048,3049679,e4d80ba82f8f698dbac143763db5112a
Warping/Image_20240103114639634.jpg,Warping,Warping__20240103-113109,2024-01-03T11:46:39.634000,base,20240103114639634,False,3072,2048,3007220,59262264a969aff9dda362b147f1778b
Warping/Image_20240103114709637.jpg,Warping,Warping__20240103-113109,2024-01-03T11:47:09.637000,base,20240103114709637,False,3072,2048,2984846,1aced7b62ef24f13df8c5242a8ca461f
Warping/Image_20240103114739644.jpg,Warping,Warping__20240103-113109,2024-01-03T11:47:39.644000,base,20240103114739644,False,3072,2048,3069157,3c458029c2749e2162eb797d8f27a100
Warping/Image_20240103114809647.jpg,Warping,Warping__20240103-113109,2024-01-03T11:48:09.647000,base,20240103114809647,False,3072,2048,3084336,8c34ba424bf427750bff613b5ea9bf47
Warping/Image_20240103114839655_aug.jpg,Warping,Warping__20240103-113109,2024-01-03T11:48:39.655000,aug,20240103114839655,True,3072,2048,848345,980d840d37d3515d227b724ac185f618
Warping/Image_20240103114839655.jpg,Warping,Warping__20240103-113109,2024-01-03T11:48:39.655000,base,20240103114839655,False,3072,2048,3108068,454bc777a221f6f1406e2684acd5964e
Warping/Image_20240103114839655_original.jpg,Warping,Warping__20240103-113109,2024-01-03T11:48:39.655000,original,20240103114839655,True,3072,2048,1141986,f3ccb2f5bfc98bea6ab101ea86624592
Warping/Image_20240103114909651.jpg,Warping,Warping__20240103-113109,2024-01-03T11:49:09.651000,base,20240103114909651,False,3072,2048,2983023,66e54b32c534b906eddc057e4ff32734
Warping/Image_20240103114939673.jpg,Warping,Warping__20240103-113109,2024-01-03T11:49:39.673000,base,20240103114939673,False,3072,2048,3081695,3de467a94f2978da1e2e28d7c4f38423
Warping/Image_20240103115009626.jpg,Warping,Warping__20240103-113109,2024-01-03T11:50:09.626000,base,20240103115009626,False,3072,2048,3098366,469127219a9837f7c0c29a4da9279058
Warping/Image_20240103115039681.jpg,Warping,Warping__20240103-113109,2024-01-03T11:50:39.681000,base,20240103115039681,False,3072,2048,3058299,d3ecaa7ed007fd7e76c5c5617a5f350d
Warping/Image_20240103115109659.jpg,Warping,Warping__20240103-113109,2024-01-03T11:51:09.659000,base,20240103115109659,False,3072,2048,3027279,1f9dc8792398809e559e0862afd7ef6a
Warping/Image_20240103115139643.jpg,Warping,Warping__20240103-113109,2024-01-03T11:51:39.643000,base,20240103115139643,False,3072,2048,2971000,4d7b0e623f23749f183f8e5c6c29f1cf
Warping/Image_20240103115209641.jpg,Warping,Warping__20240103-113109,2024-01-03T11:52:09.641000,base,20240103115209641,False,3072,2048,3036342,da9f4e423ec046e60c33b330b47a73f4
Warping/Image_20240103115239651.jpg,Warping,Warping__20240103-113109,2024-01-03T11:52:39.651000,base,20240103115239651,False,3072,2048,3101840,c88641fd6b22869ba80547d0a600db46
Warping/Image_20240103115309650.jpg,Warping,Warping__20240103-113109,2024-01-03T11:53:09.650000,base,20240103115309650,False,3072,2048,3054812,3bc2d1368a3495e7d40980baee733cf6
Warping/Image_20240117114549997.jpg,Warping,Warping__20240117-114549,2024-01-17T11:45:49.997000,base,20240117114549997,False,3072,2048,2941371,aff25fde65e8cdb680620b68e12bf040
Warping/Image_20240117114620007.jpg,Warping,Warping__20240117-114549,2024-01-17T11:46:20.007000,base,20240117114620007,False,3072,2048,2813073,ae9cfc407d5ff37907b4e6cc19c7a070
Warping/Image_20240117114650007.jpg,Warping,Warping__20240117-114549,2024-01-17T11:46:50.007000,base,20240117114650007,False,3072,2048,2789365,75d546717ce30d6a6262c31420a00073
Warping/Image_20240117114719970.jpg,Warping,Warping__20240117-114549,2024-01-17T11:47:19.970000,base,20240117114719970,False,3072,2048,2831303,57dc6a096723ac5e0a3a0f0c72222edf
Warping/Image_20240117114749970.jpg,Warping,Warping__20240117-114549,2024-01-17T11:47:49.970000,base,20240117114749970,False,3072,2048,2877743,468907ba3d8cdd11511b4acc70c70111
Warping/Image_20240117114819977.jpg,Warping,Warping__20240117-114549,2024-01-17T11:48:19.977000,base,20240117114819977,False,3072,2048,2893148,4438e5a9b1eaf2684386ada14c7b1bad
Warping/Image_20240117114849986.jpg,Warping,Warping__20240117-114549,2024-01-17T11:48:49.986000,base,20240117114849986,False,3072,2048,2842613,8a9ad04b2200ccfc8db15a2e388d08a3
Warping/Image_20240117114919993.jpg,Warping,Warping__20240117-114549,2024-01-17T11:49:19.993000,base,20240117114919993,False,3072,2048,2887080,f2b0bf376147f27402a190709d502368
Warping/Image_20240117114950006.jpg,Warping,Warping__20240117-114549,2024-01-17T11:49:50.006000,base,20240117114950006,False,3072,2048,2825013,7ae9225c37531ee079cfddc32c3b97aa
Warping/Image_20240117115020004.jpg,Warping,Warping__20240117-114549,2024-01-17T11:50:20.004000,base,20240117115020004,False,3072,2048,2775275,c4ca79cb16b59b986d1cd4dbf3873e87
Warping/Image_20240117115050010.jpg,Warping,Warping__20240117-114549,2024-01-17T11:50:50.010000,base,20240117115050010,False,3072,2048,2807625,0f16082fe565644d2331007fface35c6
Warping/Image_20240117115119973.jpg,Warping,Warping__20240117-114549,2024-01-17T11:51:19.973000,base,20240117115119973,False,3072,2048,2858938,6a5cf9830c10254cef364d0bae0b0ae8
Warping/Image_20240117115149971.jpg,Warping,Warping__20240117-114549,2024-01-17T11:51:49.971000,base,20240117115149971,False,3072,2048,2750628,de76ccbba2e69396b3b981d5fa3ba4f8
Warping/Image_20240117115220030.jpg,Warping,Warping__20240117-114549,2024-01-17T11:52:20.030000,base,20240117115220030,False,3072,2048,2868834,b4b209147eab66e06a0a3566ab30c712
Warping/Image_20240117115249978.jpg,Warping,Warping__20240117-114549,2024-01-17T11:52:49.978000,base,20240117115249978,False,3072,2048,2848518,5cb6063ba906fd2ff465169b3df9a4b1
Warping/Image_20240117115319984.jpg,Warping,Warping__20240117-114549,2024-01-17T11:53:19.984000,base,20240117115319984,False,3072,2048,2676223,889f09fcb48185cac1e4755e8f4acf1c
Warping/Image_20240117115349999.jpg,Warping,Warping__20240117-114549,2024-01-17T11:53:49.999000,base,20240117115349999,False,3072,2048,2792756,4c23ddc2ba459daf106a67a4177a08a2
Warping/Image_20240117115420004.jpg,Warping,Warping__20240117-114549,2024-01-17T11:54:20.004000,base,20240117115420004,False,3072,2048,2897952,40e4cc94440875bee89ca6b283467187
Warping/Image_20240117115450007.jpg,Warping,Warping__20240117-114549,2024-01-17T11:54:50.007000,base,20240117115450007,False,3072,2048,2745868,6b35981fabdc43c5452b278de8349dc6
Warping/Image_20240117115519971.jpg,Warping,Warping__20240117-114549,2024-01-17T11:55:19.971000,base,20240117115519971,False,3072,2048,2827928,92ee4aedbdeffbfdbfba91b30c23e15d
Warping/Image_20240117115550026.jpg,Warping,Warping__20240117-114549,2024-01-17T11:55:50.026000,base,20240117115550026,False,3072,2048,2877087,9beb963aad0933fef51b66279a33e7b4
Warping/Image_20240117115620029.jpg,Warping,Warping__20240117-114549,2024-01-17T11:56:20.029000,base,20240117115620029,False,3072,2048,2699221,11847216f3af8dcd80a0cb08c4268908
Warping/Image_20240117115649981.jpg,Warping,Warping__20240117-114549,2024-01-17T11:56:49.981000,base,20240117115649981,False,3072,2048,2835869,0a97c7bb50382427ccfe60a93738d495
Warping/Image_20240117115719992.jpg,Warping,Warping__20240117-114549,2024-01-17T11:57:19.992000,base,20240117115719992,False,3072,2048,2835731,ba74f0286abf323c0e9acbfd85d07d66
Warping/Image_20240117115749999.jpg,Warping,Warping__20240117-114549,2024-01-17T11:57:49.999000,base,20240117115749999,False,3072,2048,2664546,ca8c2d2454d6f031b69bf84af6f2404b
Warping/Image_20240117115820001.jpg,Warping,Warping__20240117-114549,2024-01-17T11:58:20.001000,base,20240117115820001,False,3072,2048,2858523,f0c79edf49209667d7691472c597b701
Warping/Image_20240117115850010.jpg,Warping,Warping__20240117-114549,2024-01-17T11:58:50.010000,base,20240117115850010,False,3072,2048,3045763,71ac731773b4a89c168b87c74daa4fac
Warping/Image_20240117115920012.jpg,Warping,Warping__20240117-114549,2024-01-17T11:59:20.012000,base,20240117115920012,False,3072,2048,2781598,78d934ee079de1dd5b09eedba30fa975
Warping/Image_20240117115950016.jpg,Warping,Warping__20240117-114549,2024-01-17T11:59:50.016000,base,20240117115950016,False,3072,2048,2749917,d0668fae0c3f6cf5c547d20d6799cdc4
Warping/Image_20240117120020030.jpg,Warping,Warping__20240117-114549,2024-01-17T12:00:20.030000,base,20240117120020030,False,3072,2048,2861008,54d38d4b6b47d7eb91a9a2e7d260f841
Warping/Image_20240117120049984.jpg,Warping,Warping__20240117-114549,2024-01-17T12:00:49.984000,base,20240117120049984,False,3072,2048,2829844,8c4133c4b964ffb5ae6035bb75cae630
Warping/Image_20240117120119995.jpg,Warping,Warping__20240117-114549,2024-01-17T12:01:19.995000,base,20240117120119995,False,3072,2048,2855123,0d7d6508b9840451e63651ba827b4e9a
Warping/Image_20240117120149992.jpg,Warping,Warping__20240117-114549,2024-01-17T12:01:49.992000,base,20240117120149992,False,3072,2048,2821836,42c2417256bec63a796d2799871a009e
Warping/Image_20240117120220000.jpg,Warping,Warping__20240117-114549,2024-01-17T12:02:20,base,20240117120220000,False,3072,2048,2844646,a94f89519495fff9e28207feb7fcc3f1
Warping/Image_20240117120250012.jpg,Warping,Warping__20240117-114549,2024-01-17T12:02:50.012000,base,20240117120250012,False,3072,2048,2827713,b57651668ba52efbb737f77e0e4541cd
Warping/Image_20240117120320010.jpg,Warping,Warping__20240117-114549,2024-01-17T12:03:20.010000,base,20240117120320010,False,3072,2048,2857818,7bfc3fe691d02d79606223bb1c0fc4e8
Warping/Image_20240117120350020.jpg,Warping,Warping__20240117-114549,2024-01-17T12:03:50.020000,base,20240117120350020,False,3072,2048,2826013,d26839380bab20d2997ad281a7ee2841
Warping/Image_20240117120419973.jpg,Warping,Warping__20240117-114549,2024-01-17T12:04:19.973000,base,20240117120419973,False,3072,2048,2942942,d846d5d5e047498e6aaa176f01ff4cad
Warping/Image_20240117122149991.jpg,Warping,Warping__20240117-122149,2024-01-17T12:21:49.991000,base,20240117122149991,False,3072,2048,2907045,45d7f1354f8230a739afdcd00a1c0ca5
Warping/Image_20240117122219986.jpg,Warping,Warping__20240117-122149,2024-01-17T12:22:19.986000,base,20240117122219986,False,3072,2048,2864820,5acb3e1c0da9fe62662434bd3224c3df
Warping/Image_20240117122249997.jpg,Warping,Warping__20240117-122149,2024-01-17T12:22:49.997000,base,20240117122249997,False,3072,2048,2886843,0a7c4db31761632c641ccd8e2a5d07fe
Warping/Image_20240117122320002.jpg,Warping,Warping__20240117-122149,2024-01-17T12:23:20.002000,base,20240117122320002,False,3072,2048,2900003,3c096e0898e9048336b13e9e61a48ec4
Warping/Image_20240117122350018.jpg,Warping,Warping__20240117-122149,2024-01-17T12:23:50.018000,base,20240117122350018,False,3072,2048,2790775,6b40044f482520380bec1dc25fa65037
Warping/Image_20240117122420026.jpg,Warping,Warping__20240117-122149,2024-01-17T12:24:20.026000,base,20240117122420026,False,3072,2048,2884367,e0e2790566bb2acc4c162ef487b64d81
Warping/Image_20240117122449973.jpg,Warping,Warping__20240117-122149,2024-01-17T12:24:49.973000,base,20240117122449973,False,3072,2048,2790458,79310655ee8762dbd838f5783125dd39
Warping/Image_20240117122519971.jpg,Warping,Warping__20240117-122149,2024-01-17T12:25:19.971000,base,20240117122519971,False,3072,2048,2870957,494855725cdb4e3ed9fb3c8b6a730db0
Warping/Image_20240117122549990.jpg,Warping,Warping__20240117-122149,2024-01-17T12:25:49.990000,base,20240117122549990,False,3072,2048,2744843,4a85b46b24724a62feb3d0ef4c7c8aa7
Warping/Image_20240117122619992.jpg,Warping,Warping__20240117-122149,2024-01-17T12:26:19.992000,base,20240117122619992,False,3072,2048,2809074,136831e2e72de50e64ccfeca6879d4d4
Warping/Image_20240117122649994.jpg,Warping,Warping__20240117-122149,2024-01-17T12:26:49.994000,base,20240117122649994,False,3072,2048,2802718,1f096d8a5f25d290e9340d20b925cdc0
Warping/Image_20240117122720008.jpg,Warping,Warping__20240117-122149,2024-01-17T12:27:20.008000,base,20240117122720008,False,3072,2048,2852561,0736651557fec27f83436bd557588503
Warping/Image_20240117122750016.jpg,Warping,Warping__20240117-122149,2024-01-17T12:27:50.016000,base,20240117122750016,False,3072,2048,2884473,31e37b246ef30512536bfe5e823c9d19
Warping/Image_20240117122820010.jpg,Warping,Warping__20240117-122149,2024-01-17T12:28:20.010000,base,20240117122820010,False,3072,2048,2852777,e1714eb54a7115ae78f0a0e9f8700a6b
Warping/Image_20240117122849975.jpg,Warping,Warping__20240117-122149,2024-01-17T12:28:49.975000,base,20240117122849975,False,3072,2048,2827799,909234f50accd4d10f900cd86cb1b216
Warping/Image_20240117122919980.jpg,Warping,Warping__20240117-122149,2024-01-17T12:29:19.980000,base,20240117122919980,False,3072,2048,2874219,2f7f97e942a7a16a2b22c4e55528430c
Warping/Image_20240117122949984.jpg,Warping,Warping__20240117-122149,2024-01-17T12:29:49.984000,base,20240117122949984,False,3072,2048,2815474,87a5ff9c3f53d73a104638837ae703da
Warping/Image_20240117123019982.jpg,Warping,Warping__20240117-122149,2024-01-17T12:30:19.982000,base,20240117123019982,False,3072,2048,2773647,981074c7c5855a32794edcd93d2e0870
Warping/Image_20240117123049990.jpg,Warping,Warping__20240117-122149,2024-01-17T12:30:49.990000,base,20240117123049990,False,3072,2048,2741729,9680e9f7b2c34bbb53d1ec73c53ef55e
Warping/Image_20240117123120002.jpg,Warping,Warping__20240117-122149,2024-01-17T12:31:20.002000,base,20240117123120002,False,3072,2048,2793596,48ed2692f3eea21f61bb16dfa6038cbf
Warping/Image_20240117123150006.jpg,Warping,Warping__20240117-122149,2024-01-17T12:31:50.006000,base,20240117123150006,False,3072,2048,2803916,63bda377b2ee4b4c1132d4dc631d5c19
Warping/Image_20240117132719529.jpg,Warping,Warping__20240117-132719,2024-01-17T13:27:19.529000,base,20240117132719529,False,3072,2048,2841967,6867112bfdd3374a787f1cf11b74aa87
Warping/Image_20240117132749534.jpg,Warping,Warping__20240117-132719,2024-01-17T13:27:49.534000,base,20240117132749534,False,3072,2048,2692607,334c346b73eba5e0d9f02cae1fa6c58b
Warping/Image_20240117132819538.jpg,Warping,Warping__20240117-132719,2024-01-17T13:28:19.538000,base,20240117132819538,False,3072,2048,2776491,f62d08136240fa3e2814471f025c5a2c
Warping/Image_20240117132849547.jpg,Warping,Warping__20240117-132719,2024-01-17T13:28:49.547000,base,20240117132849547,False,3072,2048,2734500,fecb67fa73d382d3dfa87707d4b13802
Warping/Image_20240117132919500.jpg,Warping,Warping__20240117-132719,2024-01-17T13:29:19.500000,base,20240117132919500,False,3072,2048,2803255,208531bd9bcad01b3dcd4953a7095e4c
Warping/Image_20240117132949557.jpg,Warping,Warping__20240117-132719,2024-01-17T13:29:49.557000,base,20240117132949557,False,3072,2048,2728308,17b684a54923dfec0255de9a4c1ceec5
Warping/Image_20240117133019513.jpg,Warping,Warping__20240117-132719,2024-01-17T13:30:19.513000,base,20240117133019513,False,3072,2048,2713260,7429f016c75fdf227d0f4d6bac825239
Warping/Image_20240117133049516.jpg,Warping,Warping__20240117-132719,2024-01-17T13:30:49.516000,base,20240117133049516,False,3072,2048,2698922,05ee7850fe8f77e22e0944d867eb3d5b
Warping/Image_20240117133119530.jpg,Warping,Warping__20240117-132719,2024-01-17T13:31:19.530000,base,20240117133119530,False,3072,2048,2886219,747f0253367abc25e36c21ba027e10f5
Warping/Image_20240117133149528.jpg,Warping,Warping__20240117-132719,2024-01-17T13:31:49.528000,base,20240117133149528,False,3072,2048,2777503,09b3b55ab5958d445d45ecb8be214385
Warping/Image_20240117133219541.jpg,Warping,Warping__20240117-132719,2024-01-17T13:32:19.541000,base,20240117133219541,False,3072,2048,2819438,891492f2d76836265a90a939ab8a2ec0
Warping/Image_20240117133249542.jpg,Warping,Warping__20240117-132719,2024-01-17T13:32:49.542000,base,20240117133249542,False,3072,2048,2823882,8fa3642dd0fd0ed4889cec343bf15a58
Warping/Image_20240117133319501.jpg,Warping,Warping__20240117-132719,2024-01-17T13:33:19.501000,base,20240117133319501,False,3072,2048,2769111,404eb20561466ee8b3a0edd5c69f8b32
Warping/Image_20240117133349507.jpg,Warping,Warping__20240117-132719,2024-01-17T13:33:49.507000,base,20240117133349507,False,3072,2048,2780391,1d15b3acb9cfc9171f32a8f3c5031818
Warping/Image_20240117133419503.jpg,Warping,Warping__20240117-132719,2024-01-17T13:34:19.503000,base,20240117133419503,False,3072,2048,2659522,ad707ae28990fac6a2ef8119782e66b7
Warping/Image_20240117133449510.jpg,Warping,Warping__20240117-132719,2024-01-17T13:34:49.510000,base,20240117133449510,False,3072,2048,2843186,09d909430016759a744ce0f90a6edadc
Warping/Image_20240117133519517.jpg,Warping,Warping__20240117-132719,2024-01-17T13:35:19.517000,base,20240117133519517,False,3072,2048,2900852,aac6e5975d0e16ad5aca30ecd95d7ba9
Warping/Image_20240117133549526.jpg,Warping,Warping__20240117-132719,2024-01-17T13:35:49.526000,base,20240117133549526,False,3072,2048,2907568,43db41fa0eabb7b7ea51e6f9b853a9b0
Warping/Image_20240117142119524.jpg,Warping,Warping__20240117-142119,2024-01-17T14:21:19.524000,base,20240117142119524,False,3072,2048,2846774,85c276b5857a6fb756ed033c547ba083
Warping/Image_20240117142149545.jpg,Warping,Warping__20240117-142119,2024-01-17T14:21:49.545000,base,20240117142149545,False,3072,2048,2886026,96ad257d94c8c0c36ff52f627a455ea1
Warping/Image_20240117142219546.jpg,Warping,Warping__20240117-142119,2024-01-17T14:22:19.546000,base,20240117142219546,False,3072,2048,2889920,da8382158b38adaa75e780517731dbba
Warping/Image_20240117142249552.jpg,Warping,Warping__20240117-142119,2024-01-17T14:22:49.552000,base,20240117142249552,False,3072,2048,2866992,3275020ec6bac2dcbc295d34eb8441e4
Warping/Image_20240117142319509.jpg,Warping,Warping__20240117-142119,2024-01-17T14:23:19.509000,base,20240117142319509,False,3072,2048,2869630,e51d6d36774fadc1da8a86e7a4e57b47
Warping/Image_20240117142349515.jpg,Warping,Warping__20240117-142119,2024-01-17T14:23:49.515000,base,20240117142349515,False,3072,2048,2861367,fb326ba705792b95e5f83de30fd1e83a
Warping/Image_20240117142419517.jpg,Warping,Warping__20240117-142119,2024-01-17T14:24:19.517000,base,20240117142419517,False,3072,2048,2877227,224a46cd378cb2b8bb801a1b0424d6df
Warping/Image_20240117142449530.jpg,Warping,Warping__20240117-142119,2024-01-17T14:24:49.530000,base,20240117142449530,False,3072,2048,2898660,125945fb8511586a6d4789f5852a9bbf
Warping/Image_20240117142519530.jpg,Warping,Warping__20240117-142119,2024-01-17T14:25:19.530000,base,20240117142519530,False,3072,2048,2851732,a8ee6f53ffcffa479fdfd88ff0c2840c
Warping/Image_20240117142549543.jpg,Warping,Warping__20240117-142119,2024-01-17T14:25:49.543000,base,20240117142549543,False,3072,2048,2789773,482502788d2ff8d57fd105db6d4e3f58
Warping/Image_20240117142619544.jpg,Warping,Warping__20240117-142119,2024-01-17T14:26:19.544000,base,20240117142619544,False,3072,2048,2879159,16157a95cac83eaee93367dfe51792fa
Warping/Image_20240117142649556.jpg,Warping,Warping__20240117-142119,2024-01-17T14:26:49.556000,base,20240117142649556,False,3072,2048,2869294,2a99cca6d7a48896e39b93f12dbdeabe
Warping/Image_20240117142719506.jpg,Warping,Warping__20240117-142119,2024-01-17T14:27:19.506000,base,20240117142719506,False,3072,2048,2928382,ab24aa7cb344c67dfd2a502c5e6f6c7a
Warping/Image_20240117142749518.jpg,Warping,Warping__20240117-142119,2024-01-17T14:27:49.518000,base,20240117142749518,False,3072,2048,2833160,ca659c68a9cc9493b036acf54f1c9df6
Warping/Image_20240117142819513.jpg,Warping,Warping__20240117-142119,2024-01-17T14:28:19.513000,base,20240117142819513,False,3072,2048,2908206,cd1d9152819d42c7cf67fec5c677639f
Warping/Image_20240117142849524.jpg,Warping,Warping__20240117-142119,2024-01-17T14:28:49.524000,base,20240117142849524,False,3072,2048,2994061,909f783aefc0f442d8a52e3c20c632fb
Warping/Image_20240117142919536.jpg,Warping,Warping__20240117-142119,2024-01-17T14:29:19.536000,base,20240117142919536,False,3072,2048,2919368,63267750dac4d58c77b8d2c93b7e8a38
Warping/Image_20240117142949540.jpg,Warping,Warping__20240117-142119,2024-01-17T14:29:49.540000,base,20240117142949540,False,3072,2048,2865090,0b28b9ee3e9221a9e4efae7bb3a43e0a
Warping/Image_20240117143019544.jpg,Warping,Warping__20240117-142119,2024-01-17T14:30:19.544000,base,20240117143019544,False,3072,2048,2861078,c1b412de31bfb73c2d9387a20f7477cd
Warping/Image_20240117143049554.jpg,Warping,Warping__20240117-142119,2024-01-17T14:30:49.554000,base,20240117143049554,False,3072,2048,2837807,19ef8e2abfcc4904b6da28221e436f7f
Warping/Image_20240117143119557.jpg,Warping,Warping__20240117-142119,2024-01-17T14:31:19.557000,base,20240117143119557,False,3072,2048,2859349,2d192c1c624cd9313e10dd0b5e56f9f6
Warping/Image_20240117143149517.jpg,Warping,Warping__20240117-142119,2024-01-17T14:31:49.517000,base,20240117143149517,False,3072,2048,2849942,b705fb5f1b5b61bf2b22042564a8cf2b
Warping/Image_20240117143219513.jpg,Warping,Warping__20240117-142119,2024-01-17T14:32:19.513000,base,20240117143219513,False,3072,2048,2766549,5ab42c9fb90c1fa02604e3daf0d456fb
Warping/Image_20240117144919520.jpg,Warping,Warping__20240117-144919,2024-01-17T14:49:19.520000,base,20240117144919520,False,3072,2048,2968551,cd74a4d89428aa487a94ea0824132729
Warping/Image_20240117144949537.jpg,Warping,Warping__20240117-144919,2024-01-17T14:49:49.537000,base,20240117144949537,False,3072,2048,2946044,a467ca24866928fc60aeeb43b2a7f37c
Warping/Image_20240117145019537.jpg,Warping,Warping__20240117-144919,2024-01-17T14:50:19.537000,base,20240117145019537,False,3072,2048,2959863,b884fa83a4323640606de4d77ea73513
Warping/Image_20240117145049548.jpg,Warping,Warping__20240117-144919,2024-01-17T14:50:49.548000,base,20240117145049548,False,3072,2048,2911537,78c7183aed07a977e26d55a11f04b5f8
Warping/Image_20240117145119554.jpg,Warping,Warping__20240117-144919,2024-01-17T14:51:19.554000,base,20240117145119554,False,3072,2048,2945817,8204e33b1f1b9c4e4a9c86a91fb64f34
Warping/Image_20240117145149502.jpg,Warping,Warping__20240117-144919,2024-01-17T14:51:49.502000,base,20240117145149502,False,3072,2048,3017643,e73601f441018375c2637f19555e3606
Warping/Image_20240117145219517.jpg,Warping,Warping__20240117-144919,2024-01-17T14:52:19.517000,base,20240117145219517,False,3072,2048,2888046,e9e9beb26f720350a25adad31f679714
Warping/Image_20240117145249524.jpg,Warping,Warping__20240117-144919,2024-01-17T14:52:49.524000,base,20240117145249524,False,3072,2048,2875141,652f4e424daeb157244a60421513b1eb
Warping/Image_20240117145319521.jpg,Warping,Warping__20240117-144919,2024-01-17T14:53:19.521000,base,20240117145319521,False,3072,2048,2878287,5bc5bedb37400a89857fb4c86c927989
Warping/Image_20240117145349534.jpg,Warping,Warping__20240117-144919,2024-01-17T14:53:49.534000,base,20240117145349534,False,3072,2048,2876601,18c1afa33698ad15083ca5701f4b403e
Warping/Image_20240117145419546.jpg,Warping,Warping__20240117-144919,2024-01-17T14:54:19.546000,base,20240117145419546,False,3072,2048,2903213,0fbfbdd58f4dc235705117bcde0b82fd
Warping/Image_20240117145449553.jpg,Warping,Warping__20240117-144919,2024-01-17T14:54:49.553000,base,20240117145449553,False,3072,2048,2940395,c23cd1c3cf3651cec07fd7a115e90944
Warping/Image_20240117145519556.jpg,Warping,Warping__20240117-144919,2024-01-17T14:55:19.556000,base,20240117145519556,False,3072,2048,2950140,4e38b8c97e205d97b335481261f59591
Warping/Image_20240117145549498.jpg,Warping,Warping__20240117-144919,2024-01-17T14:55:49.498000,base,20240117145549498,False,3072,2048,2886405,f29b9e41dc13474dfdc65d8b13c3d75f
Warping/Image_20240117145619515.jpg,Warping,Warping__20240117-144919,2024-01-17T14:56:19.515000,base,20240117145619515,False,3072,2048,2881633,9194bf832d86177d7386b61c3fde500a
Warping/Image_20240117145649524.jpg,Warping,Warping__20240117-144919,2024-01-17T14:56:49.524000,base,20240117145649524,False,3072,2048,2878892,6f0cf75f17ff57e7cc3dd9b48fcedaa6
