path,label,session_id,fold_grouped,fold_random
Cracking/Image_20231128195336980.jpg,Cracking,Cracking__20231128-195336,0,1
Cracking/Image_20231128195406987.jpg,Cracking,Cracking__20231128-195336,0,1
Cracking/Image_20231128195436986.jpg,Cracking,Cracking__20231128-195336,0,0
Cracking/Image_20231128195506996.jpg,Cracking,Cracking__20231128-195336,0,1
Cracking/Image_20231128195537006.jpg,Cracking,Cracking__20231128-195336,0,0
Cracking/Image_20231128195607013.jpg,Cracking,Cracking__20231128-195336,0,1
Cracking/Image_20231128195636965.jpg,Cracking,Cracking__20231128-195336,0,2
Cracking/Image_20231128195706966.jpg,Cracking,Cracking__20231128-195336,0,0
Cracking/Image_20231128195736979.jpg,Cracking,Cracking__20231128-195336,0,0
Cracking/Image_20231128195806986.jpg,Cracking,Cracking__20231128-195336,0,1
Cracking/Image_20231128195836996.jpg,Cracking,Cracking__20231128-195336,0,0
Cracking/Image_20231128195906994.jpg,Cracking,Cracking__20231128-195336,0,2
Cracking/Image_20231128195937002.jpg,Cracking,Cracking__20231128-195336,0,2
Cracking/Image_20231128200007017.jpg,Cracking,Cracking__20231128-195336,0,1
Cracking/Image_20231128200036967.jpg,Cracking,Cracking__20231128-195336,0,1
Cracking/Image_20231128200106969.jpg,Cracking,Cracking__20231128-195336,0,1
Cracking/Image_20231128200136974.jpg,Cracking,Cracking__20231128-195336,0,0
Cracking/Image_20231128200206984.jpg,Cracking,Cracking__20231128-195336,0,1
Cracking/Image_20231128200236984.jpg,Cracking,Cracking__20231128-195336,0,1
Cracking/Image_20231128200306992.jpg,Cracking,Cracking__20231128-195336,0,1
Cracking/Image_20231128200337012.jpg,Cracking,Cracking__20231128-195336,0,2
Cracking/Image_20231128200407012.jpg,Cracking,Cracking__20231128-195336,0,2
Cracking/Image_20231128200436964.jpg,Cracking,Cracking__20231128-195336,0,0
Cracking/Image_20231128200506977.jpg,Cracking,Cracking__20231128-195336,0,0
Cracking/Image_20231128200536985.jpg,Cracking,Cracking__20231128-195336,0,0
Cracking/Image_20231128200606985.jpg,Cracking,Cracking__20231128-195336,0,2
Cracking/Image_20231128200636988.jpg,Cracking,Cracking__20231128-195336,0,1
Cracking/Image_20231128200706998.jpg,Cracking,Cracking__20231128-195336,0,1
Cracking/Image_20231128200736958.jpg,Cracking,Cracking__20231128-195336,0,2
Cracking/Image_20231128200806963.jpg,Cracking,Cracking__20231128-195336,0,0
Cracking/Image_20231128200836964.jpg,Cracking,Cracking__20231128-195336,0,1
Cracking/Image_20231128200906976.jpg,Cracking,Cracking__20231128-195336,0,1
Cracking/Image_20231128200936980.jpg,Cracking,Cracking__20231128-195336,0,1
Cracking/Image_20231128201006991.jpg,Cracking,Cracking__20231128-195336,0,2
Cracking/Image_20231128201037000.jpg,Cracking,Cracking__20231128-195336,0,1
Cracking/Image_20231128201107001.jpg,Cracking,Cracking__20231128-195336,0,1
Cracking/Image_20231128201136957.jpg,Cracking,Cracking__20231128-195336,0,1
Cracking/Image_20231128201206957.jpg,Cracking,Cracking__20231128-195336,0,2
Cracking/Image_20231128201236968.jpg,Cracking,Cracking__20231128-195336,0,2
Cracking/Image_20231128201306973.jpg,Cracking,Cracking__20231128-195336,0,1
Cracking/Image_20231128201336982.jpg,Cracking,Cracking__20231128-195336,0,0
Cracking/Image_20231128201406987.jpg,Cracking,Cracking__20231128-195336,0,2
Cracking/Image_20231128201436997.jpg,Cracking,Cracking__20231128-195336,0,2
Cracking/Image_20231128201507007.jpg,Cracking,Cracking__20231128-195336,0,0
Cracking/Image_20231128201536958.jpg,Cracking,Cracking__20231128-195336,0,0
Cracking/Image_20231128201606963.jpg,Cracking,Cracking__20231128-195336,0,0
Cracking/Image_20231128201636979.jpg,Cracking,Cracking__20231128-195336,0,0
Cracking/Image_20231128201706976.jpg,Cracking,Cracking__20231128-195336,0,2
Cracking/Image_20231128201736986.jpg,Cracking,Cracking__20231128-195336,0,2
Cracking/Image_20231128201806995.jpg,Cracking,Cracking__20231128-195336,0,1
Cracking/Image_20231128201836994.jpg,Cracking,Cracking__20231128-195336,0,2
Cracking/Image_20231128201907010.jpg,Cracking,Cracking__20231128-195336,0,2
Cracking/Image_20231128201937003.jpg,Cracking,Cracking__20231128-195336,0,0
Cracking/Image_20231128202006967.jpg,Cracking,Cracking__20231128-195336,0,0
Cracking/Image_20231128202036967.jpg,Cracking,Cracking__20231128-195336,0,2
Cracking/Image_20231128202106973.jpg,Cracking,Cracking__20231128-195336,0,2
Cracking/Image_20231128202136977.jpg,Cracking,Cracking__20231128-195336,0,2
Cracking/Image_20231128202206989.jpg,Cracking,Cracking__20231128-195336,0,2
Cracking/Image_20231128202236990.jpg,Cracking,Cracking__20231128-195336,0,1
Cracking/Image_20231128202306996.jpg,Cracking,Cracking__20231128-195336,0,2
Cracking/Image_20231128202336958.jpg,Cracking,Cracking__20231128-195336,0,0
Cracking/Image_20231128202406962.jpg,Cracking,Cracking__20231128-195336,0,0
Cracking/Image_20231128202436965.jpg,Cracking,Cracking__20231128-195336,0,1
Cracking/Image_20231128202506981.jpg,Cracking,Cracking__20231128-195336,0,2
Cracking/Image_20231128202536986.jpg,Cracking,Cracking__20231128-195336,0,2
Cracking/Image_20231128202606987.jpg,Cracking,Cracking__20231128-195336,0,0
Cracking/Image_20231128202637004.jpg,Cracking,Cracking__20231128-195336,0,1
Cracking/Image_20231128202706999.jpg,Cracking,Cracking__20231128-195336,0,1
Cracking/Image_20231128202737014.jpg,Cracking,Cracking__20231128-195336,0,2
Cracking/Image_20231128202806971.jpg,Cracking,Cracking__20231128-195336,0,0
Cracking/Image_20231128202836962.jpg,Cracking,Cracking__20231128-195336,0,1
Cracking/Image_20231128202906982.jpg,Cracking,Cracking__20231128-195336,0,2
Cracking/Image_20231128202936978.jpg,Cracking,Cracking__20231128-195336,0,2
Cracking/Image_20231128203006995.jpg,Cracking,Cracking__20231128-195336,0,0
Cracking/Image_20231128203036997.jpg,Cracking,Cracking__20231128-195336,0,1
Cracking/Image_20231130101301723.jpg,Cracking,Cracking__20231130-101301,2,1
Cracking/Image_20231130101331718.jpg,Cracking,Cracking__20231130-101301,2,1
Cracking/Image_20231130101401724.jpg,Cracking,Cracking__20231130-101301,2,0
Cracking/Image_20231130101431742.jpg,Cracking,Cracking__20231130-101301,2,0
Cracking/Image_20231130101501750.jpg,Cracking,Cracking__20231130-101301,2,0
Cracking/Image_20231130101531704.jpg,Cracking,Cracking__20231130-101301,2,0
Cracking/Image_20231130101601709.jpg,Cracking,Cracking__20231130-101301,2,0
Cracking/Image_20231130101631705.jpg,Cracking,Cracking__20231130-101301,2,1
Cracking/Image_20231130101701718.jpg,Cracking,Cracking__20231130-101301,2,0
Cracking/Image_20231130101731719.jpg,Cracking,Cracking__20231130-101301,2,2
Cracking/Image_20231130101801726.jpg,Cracking,Cracking__20231130-101301,2,1
Cracking/Image_20231130101831742.jpg,Cracking,Cracking__20231130-101301,2,2
Cracking/Image_20231130101901753.jpg,Cracking,Cracking__20231130-101301,2,2
Cracking/Image_20231130101931701.jpg,Cracking,Cracking__20231130-101301,2,0
Cracking/Image_20231130102001703.jpg,Cracking,Cracking__20231130-101301,2,2
Cracking/Image_20231130102031714.jpg,Cracking,Cracking__20231130-101301,2,0
Cracking/Image_20231130102101720.jpg,Cracking,Cracking__20231130-101301,2,0
Cracking/Image_20231130102131717.jpg,Cracking,Cracking__20231130-101301,2,1
Cracking/Image_20231130102201725.jpg,Cracking,Cracking__20231130-101301,2,0
Cracking/Image_20231130102231737.jpg,Cracking,Cracking__20231130-101301,2,0
Cracking/Image_20231130102301750.jpg,Cracking,Cracking__20231130-101301,2,0
Cracking/Image_20231130102331703.jpg,Cracking,Cracking__20231130-101301,2,0
Cracking/Image_20231130102401699.jpg,Cracking,Cracking__20231130-101301,2,0
Cracking/Image_20231130102431718.jpg,Cracking,Cracking__20231130-101301,2,2
Cracking/Image_20231130102501719.jpg,Cracking,Cracking__20231130-101301,2,0
Cracking/Image_20231130102531730.jpg,Cracking,Cracking__20231130-101301,2,1
Cracking/Image_20231130102601747.jpg,Cracking,Cracking__20231130-101301,2,1
Cracking/Image_20231130102631740.jpg,Cracking,Cracking__20231130-101301,2,0
Cracking/Image_20231130102701752.jpg,Cracking,Cracking__20231130-101301,2,2
Cracking/Image_20231130102731703.jpg,Cracking,Cracking__20231130-101301,2,1
Cracking/Image_20231130102801712.jpg,Cracking,Cracking__20231130-101301,2,1
Cracking/Image_20231130102831708.jpg,Cracking,Cracking__20231130-101301,2,1
Cracking/Image_20231130102901741.jpg,Cracking,Cracking__20231130-101301,2,2
Cracking/Image_20231130102931725.jpg,Cracking,Cracking__20231130-101301,2,0
Cracking/Image_20231130103001748.jpg,Cracking,Cracking__20231130-101301,2,0
Cracking/Image_20231130103031740.jpg,Cracking,Cracking__20231130-101301,2,0
Cracking/Image_20231130103101751.jpg,Cracking,Cracking__20231130-101301,2,0
Cracking/Image_20231130103131712.jpg,Cracking,Cracking__20231130-101301,2,2
Cracking/Image_20231130103201711.jpg,Cracking,Cracking__20231130-101301,2,2
Cracking/Image_20231130103231716.jpg,Cracking,Cracking__20231130-101301,2,2
Cracking/Image_20231130103301714.jpg,Cracking,Cracking__20231130-101301,2,0
Cracking/Image_20231130103331728.jpg,Cracking,Cracking__20231130-101301,2,2
Cracking/Image_20231130103401744.jpg,Cracking,Cracking__20231130-101301,2,1
Cracking/Image_20231130103431749.jpg,Cracking,Cracking__20231130-101301,2,1
Cracking/Image_20231130103501746.jpg,Cracking,Cracking__20231130-101301,2,2
Cracking/Image_20231130103531706.jpg,Cracking,Cracking__20231130-101301,2,1
Cracking/Image_20231130103601710.jpg,Cracking,Cracking__20231130-101301,2,2
Cracking/Image_20231130103631720.jpg,Cracking,Cracking__20231130-101301,2,2
Cracking/Image_20231130103701716.jpg,Cracking,Cracking__20231130-101301,2,0
Cracking/Image_20231130103731728.jpg,Cracking,Cracking__20231130-101301,2,0
Cracking/Image_20231130103801735.jpg,Cracking,Cracking__20231130-101301,2,1
Cracking/Image_20231130103831750.jpg,Cracking,Cracking__20231130-101301,2,1
Cracking/Image_20231130103901742.jpg,Cracking,Cracking__20231130-101301,2,1
Cracking/Image_20231130103931702.jpg,Cracking,Cracking__20231130-101301,2,2
Cracking/Image_20231130104001711.jpg,Cracking,Cracking__20231130-101301,2,1
Cracking/Image_20231130104031718.jpg,Cracking,Cracking__20231130-101301,2,2
Cracking/Image_20231130104101716.jpg,Cracking,Cracking__20231130-101301,2,0
Cracking/Image_20231130104131730.jpg,Cracking,Cracking__20231130-101301,2,1
Cracking/Image_20231130104201732.jpg,Cracking,Cracking__20231130-101301,2,0
Cracking/Image_20231130104231746.jpg,Cracking,Cracking__20231130-101301,2,2
Cracking/Image_20231130104301742.jpg,Cracking,Cracking__20231130-101301,2,2
Cracking/Image_20231130104331759.jpg,Cracking,Cracking__20231130-101301,2,2
Cracking/Image_20231130104401706.jpg,Cracking,Cracking__20231130-101301,2,1
Cracking/Image_20231130104431719.jpg,Cracking,Cracking__20231130-101301,2,0
Cracking/Image_20231130104501713.jpg,Cracking,Cracking__20231130-101301,2,2
Cracking/Image_20231130104531728.jpg,Cracking,Cracking__20231130-101301,2,2
Cracking/Image_20231130104601738.jpg,Cracking,Cracking__20231130-101301,2,2
Cracking/Image_20231130104631746.jpg,Cracking,Cracking__20231130-101301,2,1
Cracking/Image_20231130104701742.jpg,Cracking,Cracking__20231130-101301,2,0
Cracking/Image_20231130104731708.jpg,Cracking,Cracking__20231130-101301,2,1
Cracking/Image_20231130104801707.jpg,Cracking,Cracking__20231130-101301,2,1
Cracking/Image_20231130104831720.jpg,Cracking,Cracking__20231130-101301,2,1
Cracking/Image_20231130104901717.jpg,Cracking,Cracking__20231130-101301,2,1
Cracking/Image_20231130104931729.jpg,Cracking,Cracking__20231130-101301,2,1
Cracking/Image_20231130105001728.jpg,Cracking,Cracking__20231130-101301,2,1
Cracking/Image_20231130105031734.jpg,Cracking,Cracking__20231130-101301,2,0
Cracking/Image_20231130105101745.jpg,Cracking,Cracking__20231130-101301,2,2
Cracking/Image_20231130105131762.jpg,Cracking,Cracking__20231130-101301,2,2
Cracking/Image_20231130105201702.jpg,Cracking,Cracking__20231130-101301,2,0
Cracking/Image_20231130105231710.jpg,Cracking,Cracking__20231130-101301,2,0
Cracking/Image_20231130105301727.jpg,Cracking,Cracking__20231130-101301,2,2
Cracking/Image_20231130105331734.jpg,Cracking,Cracking__20231130-101301,2,1
Cracking/Image_20231130105401735.jpg,Cracking,Cracking__20231130-101301,2,2
Cracking/Image_20231130105431741.jpg,Cracking,Cracking__20231130-101301,2,0
Cracking/Image_20231130105501754.jpg,Cracking,Cracking__20231130-101301,2,1
Cracking/Image_20231130111901702.jpg,Cracking,Cracking__20231130-111901,0,2
Cracking/Image_20231130111931709.jpg,Cracking,Cracking__20231130-111901,0,2
Cracking/Image_20231130112001712.jpg,Cracking,Cracking__20231130-111901,0,0
Cracking/Image_20231130112031718.jpg,Cracking,Cracking__20231130-111901,0,0
Cracking/Image_20231130112101725.jpg,Cracking,Cracking__20231130-111901,0,2
Cracking/Image_20231130112131736.jpg,Cracking,Cracking__20231130-111901,0,0
Cracking/Image_20231130112201743.jpg,Cracking,Cracking__20231130-111901,0,1
Cracking/Image_20231130112231750.jpg,Cracking,Cracking__20231130-111901,0,2
Cracking/Image_20231130112301702.jpg,Cracking,Cracking__20231130-111901,0,1
Cracking/Image_20231130112331708.jpg,Cracking,Cracking__20231130-111901,0,0
Cracking/Image_20231130112401717.jpg,Cracking,Cracking__20231130-111901,0,1
Cracking/Image_20231130112431720.jpg,Cracking,Cracking__20231130-111901,0,2
Cracking/Image_20231130112501733.jpg,Cracking,Cracking__20231130-111901,0,0
Cracking/Image_20231130112531727.jpg,Cracking,Cracking__20231130-111901,0,1
Cracking/Image_20231130112601736.jpg,Cracking,Cracking__20231130-111901,0,0
Cracking/Image_20231130112631699.jpg,Cracking,Cracking__20231130-111901,0,1
Cracking/Image_20231130112701704.jpg,Cracking,Cracking__20231130-111901,0,0
Cracking/Image_20231130112731710.jpg,Cracking,Cracking__20231130-111901,0,2
Cracking/Image_20231130112801715.jpg,Cracking,Cracking__20231130-111901,0,0
Cracking/Image_20231130112831714.jpg,Cracking,Cracking__20231130-111901,0,1
Cracking/Image_20231130112901726.jpg,Cracking,Cracking__20231130-111901,0,2
Cracking/Image_20231130112931733.jpg,Cracking,Cracking__20231130-111901,0,2
Cracking/Image_20231130113001736.jpg,Cracking,Cracking__20231130-111901,0,0
Cracking/Image_20231130113031701.jpg,Cracking,Cracking__20231130-111901,0,0
Cracking/Image_20231130113101756.jpg,Cracking,Cracking__20231130-111901,0,2
Cracking/Image_20231130113131701.jpg,Cracking,Cracking__20231130-111901,0,1
Cracking/Image_20231130113201721.jpg,Cracking,Cracking__20231130-111901,0,0
Cracking/Image_20231130113231720.jpg,Cracking,Cracking__20231130-111901,0,2
Cracking/Image_20231130113301725.jpg,Cracking,Cracking__20231130-111901,0,0
Cracking/Image_20231130113331726.jpg,Cracking,Cracking__20231130-111901,0,0
Cracking/Image_20231130113401747.jpg,Cracking,Cracking__20231130-111901,0,0
Cracking/Image_20231130113431750.jpg,Cracking,Cracking__20231130-111901,0,1
Cracking/Image_20231130113501707.jpg,Cracking,Cracking__20231130-111901,0,1
Cracking/Image_20231130113531714.jpg,Cracking,Cracking__20231130-111901,0,1
Cracking/Image_20231130113601718.jpg,Cracking,Cracking__20231130-111901,0,1
Cracking/Image_20231130113631716.jpg,Cracking,Cracking__20231130-111901,0,2
Cracking/Image_20231130113701728.jpg,Cracking,Cracking__20231130-111901,0,2
Cracking/Image_20231130113731741.jpg,Cracking,Cracking__20231130-111901,0,1
Cracking/Image_20231130113801744.jpg,Cracking,Cracking__20231130-111901,0,0
Cracking/Image_20231130113831757.jpg,Cracking,Cracking__20231130-111901,0,2
Cracking/Image_20231130113901701.jpg,Cracking,Cracking__20231130-111901,0,0
Cracking/Image_20231130113931712.jpg,Cracking,Cracking__20231130-111901,0,2
Cracking/Image_20231130114001723.jpg,Cracking,Cracking__20231130-111901,0,1
Cracking/Image_20231130114031727.jpg,Cracking,Cracking__20231130-111901,0,2
Cracking/Image_20231130114101725.jpg,Cracking,Cracking__20231130-111901,0,0
Cracking/Image_20231130114131743.jpg,Cracking,Cracking__20231130-111901,0,0
Cracking/Image_20231130114201749.jpg,Cracking,Cracking__20231130-111901,0,2
Cracking/Image_20231130114231743.jpg,Cracking,Cracking__20231130-111901,0,1
Cracking/Image_20231130114301711.jpg,Cracking,Cracking__20231130-111901,0,1
Cracking/Image_20231130114331713.jpg,Cracking,Cracking__20231130-111901,0,0
Cracking/Image_20231130114401714.jpg,Cracking,Cracking__20231130-111901,0,1
Cracking/Image_20231130114431716.jpg,Cracking,Cracking__20231130-111901,0,2
Cracking/Image_20231130114501724.jpg,Cracking,Cracking__20231130-111901,0,2
Cracking/Image_20231130114531736.jpg,Cracking,Cracking__20231130-111901,0,0
Cracking/Image_20231130114601740.jpg,Cracking,Cracking__20231130-111901,0,2
Cracking/Image_20231130114631700.jpg,Cracking,Cracking__20231130-111901,0,2
Cracking/Image_20231130114701703.jpg,Cracking,Cracking__20231130-111901,0,2
Cracking/Image_20231130114731711.jpg,Cracking,Cracking__20231130-111901,0,0
Cracking/Image_20240118164355147.jpg,Cracking,Cracking__20240118-164355,0,0
Cracking/Image_20240118164425156.jpg,Cracking,Cracking__20240118-164355,0,1
Cracking/Image_20240118164455149.jpg,Cracking,Cracking__20240118-164355,0,1
Cracking/Image_20240118164525171.jpg,Cracking,Cracking__20240118-164355,0,2
Cracking/Image_20240118164555171.jpg,Cracking,Cracking__20240118-164355,0,2
Cracking/Image_20240118164625181.jpg,Cracking,Cracking__20240118-164355,0,1
Cracking/Image_20240118164655188.jpg,Cracking,Cracking__20240118-164355,0,0
Cracking/Image_20240118164725180.jpg,Cracking,Cracking__20240118-164355,0,1
Cracking/Image_20240118164755193.jpg,Cracking,Cracking__20240118-164355,0,0
Cracking/Image_20240118164825143.jpg,Cracking,Cracking__20240118-164355,0,2
Cracking/Image_20240118164855155.jpg,Cracking,Cracking__20240118-164355,0,2
Cracking/Image_20240118164925162.jpg,Cracking,Cracking__20240118-164355,0,2
Cracking/Image_20240118164955161.jpg,Cracking,Cracking__20240118-164355,0,1
Cracking/Image_20240118165025175.jpg,Cracking,Cracking__20240118-164355,0,2
Cracking/Image_20240118165055176.jpg,Cracking,Cracking__20240118-164355,0,1
Cracking/Image_20240118165125190.jpg,Cracking,Cracking__20240118-164355,0,1
Cracking/Image_20240118165155144.jpg,Cracking,Cracking__20240118-164355,0,0
Cracking/Image_20240118165225198.jpg,Cracking,Cracking__20240118-164355,0,1
Cracking/Image_20240118165255149.jpg,Cracking,Cracking__20240118-164355,0,1
Cracking/Image_20240118165325161.jpg,Cracking,Cracking__20240118-164355,0,1
Cracking/Image_20240118165355167.jpg,Cracking,Cracking__20240118-164355,0,2
Cracking/Image_20240118173755200.jpg,Cracking,Cracking__20240118-173755,1,1
Cracking/Image_20240118173825145.jpg,Cracking,Cracking__20240118-173755,1,0
Cracking/Image_20240118173855160.jpg,Cracking,Cracking__20240118-173755,1,0
Cracking/Image_20240118173925167.jpg,Cracking,Cracking__20240118-173755,1,2
Cracking/Image_20240118173955175.jpg,Cracking,Cracking__20240118-173755,1,1
Cracking/Image_20240118174025174.jpg,Cracking,Cracking__20240118-173755,1,0
Cracking/Image_20240118174055182.jpg,Cracking,Cracking__20240118-173755,1,0
Cracking/Image_20240118174125181.jpg,Cracking,Cracking__20240118-173755,1,1
Cracking/Image_20240118174155197.jpg,Cracking,Cracking__20240118-173755,1,0
Cracking/Image_20240118174225140.jpg,Cracking,Cracking__20240118-173755,1,0
Cracking/Image_20240118174255160.jpg,Cracking,Cracking__20240118-173755,1,0
Cracking/Image_20240118174325161.jpg,Cracking,Cracking__20240118-173755,1,1
Cracking/Image_20240118174355165.jpg,Cracking,Cracking__20240118-173755,1,2
Cracking/Image_20240118174425177.jpg,Cracking,Cracking__20240118-173755,1,2
Cracking/Image_20240118174455173.jpg,Cracking,Cracking__20240118-173755,1,2
Cracking/Image_20240118174525187.jpg,Cracking,Cracking__20240118-173755,1,0
Cracking/Image_20240118174555145.jpg,Cracking,Cracking__20240118-173755,1,0
Cracking/Image_20240118174625140.jpg,Cracking,Cracking__20240118-173755,1,2
Cracking/Image_20240118174655157.jpg,Cracking,Cracking__20240118-173755,1,0
Cracking/Image_20240118174725165.jpg,Cracking,Cracking__20240118-173755,1,1
Cracking/Image_20240118174755166.jpg,Cracking,Cracking__20240118-173755,1,1
Cracking/Image_20240118174825163.jpg,Cracking,Cracking__20240118-173755,1,0
Cracking/Image_20240118174855173.jpg,Cracking,Cracking__20240118-173755,1,2
Cracking/Image_20240118174925181.jpg,Cracking,Cracking__20240118-173755,1,2
Cracking/Image_20240118174955197.jpg,Cracking,Cracking__20240118-173755,1,1
Cracking/Image_20240118175025201.jpg,Cracking,Cracking__20240118-173755,1,1
Cracking/Image_20240118175055149.jpg,Cracking,Cracking__20240118-173755,1,0
Cracking/Image_20240118175125149.jpg,Cracking,Cracking__20240118-173755,1,2
Cracking/Image_20240118175155169.jpg,Cracking,Cracking__20240118-173755,1,2
Cracking/Image_20240118175225167.jpg,Cracking,Cracking__20240118-173755,1,0
Cracking/Image_20240118175255171.jpg,Cracking,Cracking__20240118-173755,1,1
Cracking/Image_20240118175325176.jpg,Cracking,Cracking__20240118-173755,1,1
Cracking/Image_20240118175355189.jpg,Cracking,Cracking__20240118-173755,1,0
Cracking/Image_20240118175425143.jpg,Cracking,Cracking__20240118-173755,1,2
Cracking/Image_20240118175455141.jpg,Cracking,Cracking__20240118-173755,1,0
Cracking/Image_20240118175525152.jpg,Cracking,Cracking__20240118-173755,1,2
Cracking/Image_20240118175555160.jpg,Cracking,Cracking__20240118-173755,1,0
Cracking/Image_20240118175625161.jpg,Cracking,Cracking__20240118-173755,1,1
Cracking/Image_20240118175655172.jpg,Cracking,Cracking__20240118-173755,1,1
Cracking/Image_20240118175725174.jpg,Cracking,Cracking__20240118-173755,1,2
Cracking/Image_20240118175755184.jpg,Cracking,Cracking__20240118-173755,1,2
Cracking/Image_20240118175825144.jpg,Cracking,Cracking__20240118-173755,1,1
Cracking/Image_20240118175855142.jpg,Cracking,Cracking__20240118-173755,1,2
Cracking/Image_20240118175925150.jpg,Cracking,Cracking__20240118-173755,1,0
Cracking/Image_20240118175955158.jpg,Cracking,Cracking__20240118-173755,1,1
Cracking/Image_20240118180025163.jpg,Cracking,Cracking__20240118-173755,1,1
Cracking/Image_20240118180055173.jpg,Cracking,Cracking__20240118-173755,1,2
Cracking/Image_20240118180125182.jpg,Cracking,Cracking__20240118-173755,1,0
Cracking/Image_20240118180155182.jpg,Cracking,Cracking__20240118-173755,1,2
Cracking/Image_20240118180225192.jpg,Cracking,Cracking__20240118-173755,1,0
Cracking/Image_20240118180255142.jpg,Cracking,Cracking__20240118-173755,1,1
Cracking/Image_20240118180325157.jpg,Cracking,Cracking__20240118-173755,1,1
Cracking/Image_20240118180355160.jpg,Cracking,Cracking__20240118-173755,1,0
Cracking/Image_20240118180425158.jpg,Cracking,Cracking__20240118-173755,1,1
Cracking/Image_20240118180455173.jpg,Cracking,Cracking__20240118-173755,1,2
Cracking/Image_20240118180525172.jpg,Cracking,Cracking__20240118-173755,1,2
Cracking/Image_20240118180555181.jpg,Cracking,Cracking__20240118-173755,1,1
Cracking/Image_20240118180625196.jpg,Cracking,Cracking__20240118-173755,1,2
Cracking/Image_20240118180655147.jpg,Cracking,Cracking__20240118-173755,1,2
Cracking/Image_20240118180725145.jpg,Cracking,Cracking__20240118-173755,1,1
Cracking/Image_20240118180755150.jpg,Cracking,Cracking__20240118-173755,1,2
Cracking/Image_20240118180825153.jpg,Cracking,Cracking__20240118-173755,1,0
Cracking/Image_20240118180855173.jpg,Cracking,Cracking__20240118-173755,1,1
Cracking/Image_20240118180925176.jpg,Cracking,Cracking__20240118-173755,1,0
Cracking/Image_20240118180955175.jpg,Cracking,Cracking__20240118-173755,1,2
Cracking/Image_20240118181025186.jpg,Cracking,Cracking__20240118-173755,1,0
Cracking/Image_20240118181055200.jpg,Cracking,Cracking__20240118-173755,1,1
Cracking/Image_20240118181125141.jpg,Cracking,Cracking__20240118-173755,1,0
Cracking/Image_20240118181155146.jpg,Cracking,Cracking__20240118-173755,1,2
Cracking/Image_20240118181225155.jpg,Cracking,Cracking__20240118-173755,1,0
Cracking/Image_20240118181255172.jpg,Cracking,Cracking__20240118-173755,1,0
Cracking/Image_20240118181325174.jpg,Cracking,Cracking__20240118-173755,1,1
Cracking/Image_20240118181355171.jpg,Cracking,Cracking__20240118-173755,1,0
Cracking/Image_20240118181425189.jpg,Cracking,Cracking__20240118-173755,1,1
Cracking/Image_20240118181455144.jpg,Cracking,Cracking__20240118-173755,1,2
Cracking/Image_20240118181525201.jpg,Cracking,Cracking__20240118-173755,1,2
Cracking/Image_20240118181555156.jpg,Cracking,Cracking__20240118-173755,1,2
Cracking/Image_20240118181625158.jpg,Cracking,Cracking__20240118-173755,1,0
Cracking/Image_20240118181655163.jpg,Cracking,Cracking__20240118-173755,1,1
Cracking/Image_20240118181725172.jpg,Cracking,Cracking__20240118-173755,1,0
Cracking/Image_20240118181755172.jpg,Cracking,Cracking__20240118-173755,1,2
Cracking/Image_20240118181825179.jpg,Cracking,Cracking__20240118-173755,1,0
Cracking/Image_20240118181855195.jpg,Cracking,Cracking__20240118-173755,1,1
Cracking/Image_20240118181925143.jpg,Cracking,Cracking__20240118-173755,1,0
Cracking/Image_20240118181955143.jpg,Cracking,Cracking__20240118-173755,1,0
Cracking/Image_20240124143258923.jpg,Cracking,Cracking__20240124-143258,2,0
Cracking/Image_20240124143328924.jpg,Cracking,Cracking__20240124-143258,2,1
Cracking/Image_20240124143358939.jpg,Cracking,Cracking__20240124-143258,2,2
Cracking/Image_20240124143428949.jpg,Cracking,Cracking__20240124-143258,2,0
Cracking/Image_20240124143458958.jpg,Cracking,Cracking__20240124-143258,2,2
Cracking/Image_20240124143528958.jpg,Cracking,Cracking__20240124-143258,2,2
Cracking/Image_20240124143558912.jpg,Cracking,Cracking__20240124-143258,2,1
Cracking/Image_20240124143628916.jpg,Cracking,Cracking__20240124-143258,2,1
Cracking/Image_20240124143658918.jpg,Cracking,Cracking__20240124-143258,2,0
Cracking/Image_20240124143728935.jpg,Cracking,Cracking__20240124-143258,2,2
Cracking/Image_20240124143758931.jpg,Cracking,Cracking__20240124-143258,2,0
Cracking/Image_20240124143828941.jpg,Cracking,Cracking__20240124-143258,2,2
Cracking/Image_20240124143858946.jpg,Cracking,Cracking__20240124-143258,2,1
Cracking/Image_20240124143928959.jpg,Cracking,Cracking__20240124-143258,2,0
Cracking/Image_20240124143958917.jpg,Cracking,Cracking__20240124-143258,2,2
Cracking/Image_20240124144028914.jpg,Cracking,Cracking__20240124-143258,2,0
Cracking/Image_20240124144058928.jpg,Cracking,Cracking__20240124-143258,2,1
Cracking/Image_20240124144128931.jpg,Cracking,Cracking__20240124-143258,2,1
Cracking/Image_20240124144158944.jpg,Cracking,Cracking__20240124-143258,2,1
Cracking/Image_20240124144228937.jpg,Cracking,Cracking__20240124-143258,2,1
Cracking/Image_20240124144258949.jpg,Cracking,Cracking__20240124-143258,2,0
Cracking/Image_20240124144328954.jpg,Cracking,Cracking__20240124-143258,2,2
Cracking/Image_20240124144358966.jpg,Cracking,Cracking__20240124-143258,2,1
Cracking/Image_20240124144428922.jpg,Cracking,Cracking__20240124-143258,2,0
Cracking/Image_20240124144458923.jpg,Cracking,Cracking__20240124-143258,2,2
Cracking/Image_20240124144528931.jpg,Cracking,Cracking__20240124-143258,2,2
Cracking/Image_20240124144558935.jpg,Cracking,Cracking__20240124-143258,2,1
Cracking/Image_20240124144628941.jpg,Cracking,Cracking__20240124-143258,2,2
Cracking/Image_20240124144658944.jpg,Cracking,Cracking__20240124-143258,2,1
Cracking/Image_20240124144728952.jpg,Cracking,Cracking__20240124-143258,2,0
Cracking/Image_20240124144758966.jpg,Cracking,Cracking__20240124-143258,2,0
Cracking/Image_20240124144828918.jpg,Cracking,Cracking__20240124-143258,2,2
Cracking/Image_20240124144858918.jpg,Cracking,Cracking__20240124-143258,2,2
Cracking/Image_20240124144928929.jpg,Cracking,Cracking__20240124-143258,2,0
Cracking/Image_20240124144958944.jpg,Cracking,Cracking__20240124-143258,2,0
Cracking/Image_20240124145028952.jpg,Cracking,Cracking__20240124-143258,2,1
Cracking/Image_20240124145058957.jpg,Cracking,Cracking__20240124-143258,2,0
Cracking/Image_20240124145128964.jpg,Cracking,Cracking__20240124-143258,2,2
Cracking/Image_20240124145158908.jpg,Cracking,Cracking__20240124-143258,2,2
Cracking/Image_20240124145228924.jpg,Cracking,Cracking__20240124-143258,2,0
Cracking/Image_20240124145258929.jpg,Cracking,Cracking__20240124-143258,2,2
Cracking/Image_20240124145328933.jpg,Cracking,Cracking__20240124-143258,2,1
Cracking/Image_20240124145358945.jpg,Cracking,Cracking__20240124-143258,2,2
Cracking/Image_20240124145428943.jpg,Cracking,Cracking__20240124-143258,2,0
Cracking/Image_20240124145458948.jpg,Cracking,Cracking__20240124-143258,2,0
Cracking/Image_20240124145528952.jpg,Cracking,Cracking__20240124-143258,2,2
Cracking/Image_20240124145558918.jpg,Cracking,Cracking__20240124-143258,2,1
Cracking/Image_20240124145628918.jpg,Cracking,Cracking__20240124-143258,2,2
Cracking/Image_20240124145658921.jpg,Cracking,Cracking__20240124-143258,2,0
Cracking/Image_20240124145728934.jpg,Cracking,Cracking__20240124-143258,2,0
Cracking/Image_20240124145758938.jpg,Cracking,Cracking__20240124-143258,2,2
Cracking/Image_20240124145828953.jpg,Cracking,Cracking__20240124-143258,2,0
Cracking/Image_20240124145858959.jpg,Cracking,Cracking__20240124-143258,2,2
Cracking/Image_20240124145928963.jpg,Cracking,Cracking__20240124-143258,2,0
Cracking/Image_20240124152858932.jpg,Cracking,Cracking__20240124-152858,1,1
Cracking/Image_20240124152928941.jpg,Cracking,Cracking__20240124-152858,1,2
Cracking/Image_20240124155058966.jpg,Cracking,Cracking__20240124-155058,1,1
Cracking/Image_20240124155128916.jpg,Cracking,Cracking__20240124-155058,1,1
Cracking/Image_20240124155158917.jpg,Cracking,Cracking__20240124-155058,1,1
Cracking/Image_20240124155228928.jpg,Cracking,Cracking__20240124-155058,1,1
Cracking/Image_20240124155258927.jpg,Cracking,Cracking__20240124-155058,1,0
Cracking/Image_20240124155328948.jpg,Cracking,Cracking__20240124-155058,1,0
Cracking/Image_20240124155358947.jpg,Cracking,Cracking__20240124-155058,1,0
Cracking/Image_20240124155428948.jpg,Cracking,Cracking__20240124-155058,1,1
Cracking/Image_20240124155458959.jpg,Cracking,Cracking__20240124-155058,1,2
Cracking/Image_20240124155528968.jpg,Cracking,Cracking__20240124-155058,1,2
Cracking/Image_20240124155558914.jpg,Cracking,Cracking__20240124-155058,1,2
Cracking/Image_20240124155628920.jpg,Cracking,Cracking__20240124-155058,1,1
Cracking/Image_20240124155658938.jpg,Cracking,Cracking__20240124-155058,1,1
Cracking/Image_20240124155728942.jpg,Cracking,Cracking__20240124-155058,1,2
Cracking/Image_20240124155758953.jpg,Cracking,Cracking__20240124-155058,1,1
Cracking/Image_20240124155828948.jpg,Cracking,Cracking__20240124-155058,1,0
Cracking/Image_20240124155858913.jpg,Cracking,Cracking__20240124-155058,1,2
Cracking/Image_20240124155928967.jpg,Cracking,Cracking__20240124-155058,1,2
Cracking/Image_20240124155958920.jpg,Cracking,Cracking__20240124-155058,1,1
Cracking/Image_20240124160028932.jpg,Cracking,Cracking__20240124-155058,1,1
Cracking/Image_20240124160058933.jpg,Cracking,Cracking__20240124-155058,1,0
Cracking/Image_20240124160128943.jpg,Cracking,Cracking__20240124-155058,1,1
Cracking/Image_20240124160158949.jpg,Cracking,Cracking__20240124-155058,1,0
Cracking/Image_20240124160228948.jpg,Cracking,Cracking__20240124-155058,1,2
Cracking/Image_20240124160258962.jpg,Cracking,Cracking__20240124-155058,1,0
Cracking/Image_20240124160328917.jpg,Cracking,Cracking__20240124-155058,1,1
Cracking/Image_20240124160358919.jpg,Cracking,Cracking__20240124-155058,1,2
Cracking/Image_20240124160428929.jpg,Cracking,Cracking__20240124-155058,1,2
Cracking/Image_20240124160458940.jpg,Cracking,Cracking__20240124-155058,1,1
Cracking/Image_20240124160528948.jpg,Cracking,Cracking__20240124-155058,1,2
Cracking/Image_20240124160558955.jpg,Cracking,Cracking__20240124-155058,1,0
Cracking/Image_20240124160628950.jpg,Cracking,Cracking__20240124-155058,1,1
Cracking/Image_20240124160658964.jpg,Cracking,Cracking__20240124-155058,1,2
Cracking/Image_20240124160728917.jpg,Cracking,Cracking__20240124-155058,1,2
Cracking/Image_20240124160758915.jpg,Cracking,Cracking__20240124-155058,1,0
Cracking/Image_20240124160828933.jpg,Cracking,Cracking__20240124-155058,1,0
Cracking/Image_20240124160858934.jpg,Cracking,Cracking__20240124-155058,1,0
Cracking/Image_20240124160928937.jpg,Cracking,Cracking__20240124-155058,1,2
Cracking/Image_20240124160958946.jpg,Cracking,Cracking__20240124-155058,1,1
Cracking/Image_20240124161028908.jpg,Cracking,Cracking__20240124-155058,1,1
Cracking/Image_20240124161058908.jpg,Cracking,Cracking__20240124-155058,1,1
Cracking/Image_20240124161128916.jpg,Cracking,Cracking__20240124-155058,1,0
Cracking/Image_20240124161158917.jpg,Cracking,Cracking__20240124-155058,1,2
Cracking/Image_20240124161228926.jpg,Cracking,Cracking__20240124-155058,1,1
Cracking/Image_20240124161258930.jpg,Cracking,Cracking__20240124-155058,1,1
Cracking/Image_20240124161328946.jpg,Cracking,Cracking__20240124-155058,1,2
Cracking/Image_20240124161358944.jpg,Cracking,Cracking__20240124-155058,1,1
Cracking/Image_20240124161428957.jpg,Cracking,Cracking__20240124-155058,1,0
Cracking/Image_20240124161458965.jpg,Cracking,Cracking__20240124-155058,1,0
Cracking/Image_20240124161528923.jpg,Cracking,Cracking__20240124-155058,1,1
Layer_shifting/Image_20231128155537009.jpg,Layer_shifting,Layer_shifting__20231128-155537,0,1
Layer_shifting/Image_20231128155607013.jpg,Layer_shifting,Layer_shifting__20231128-155537,0,1
Layer_shifting/Image_20231128155636969.jpg,Layer_shifting,Layer_shifting__20231128-155537,0,2
Layer_shifting/Image_20231128155706973.jpg,Layer_shifting,Layer_shifting__20231128-155537,0,2
Layer_shifting/Image_20231128155736976.jpg,Layer_shifting,Layer_shifting__20231128-155537,0,1
Layer_shifting/Image_20231128155806986.jpg,Layer_shifting,Layer_shifting__20231128-155537,0,1
Layer_shifting/Image_20231128155836994.jpg,Layer_shifting,Layer_shifting__20231128-155537,0,1
Layer_shifting/Image_20231128155906990.jpg,Layer_shifting,Layer_shifting__20231128-155537,0,0
Layer_shifting/Image_20231128155937010.jpg,Layer_shifting,Layer_shifting__20231128-155537,0,0
Layer_shifting/Image_20231128160007013.jpg,Layer_shifting,Layer_shifting__20231128-155537,0,0
Layer_shifting/Image_20231128160036961.jpg,Layer_shifting,Layer_shifting__20231128-155537,0,2
Layer_shifting/Image_20231128160106960.jpg,Layer_shifting,Layer_shifting__20231128-155537,0,2
Layer_shifting/Image_20231128160136976.jpg,Layer_shifting,Layer_shifting__20231128-155537,0,0
Layer_shifting/Image_20231128160206987.jpg,Layer_shifting,Layer_shifting__20231128-155537,0,0
Layer_shifting/Image_20231128160236984.jpg,Layer_shifting,Layer_shifting__20231128-155537,0,0
Layer_shifting/Image_20231128160306990.jpg,Layer_shifting,Layer_shifting__20231128-155537,0,0
Layer_shifting/Image_20231128160336993.jpg,Layer_shifting,Layer_shifting__20231128-155537,0,1
Layer_shifting/Image_20231128160407010.jpg,Layer_shifting,Layer_shifting__20231128-155537,0,1
Layer_shifting/Image_20231128160436963.jpg,Layer_shifting,Layer_shifting__20231128-155537,0,2
Layer_shifting/Image_20231128160506980.jpg,Layer_shifting,Layer_shifting__20231128-155537,0,0
Layer_shifting/Image_20231128160536968.jpg,Layer_shifting,Layer_shifting__20231128-155537,0,0
Layer_shifting/Image_20231128160606983.jpg,Layer_shifting,Layer_shifting__20231128-155537,0,2
Layer_shifting/Image_20231128160636993.jpg,Layer_shifting,Layer_shifting__20231128-155537,0,0
Layer_shifting/Image_20231128160707000.jpg,Layer_shifting,Layer_shifting__20231128-155537,0,0
Layer_shifting/Image_20231128160736957.jpg,Layer_shifting,Layer_shifting__20231128-155537,0,2
Layer_shifting/Image_20231128160807009.jpg,Layer_shifting,Layer_shifting__20231128-155537,0,0
Layer_shifting/Image_20231128160837016.jpg,Layer_shifting,Layer_shifting__20231128-155537,0,2
Layer_shifting/Image_20231128160906964.jpg,Layer_shifting,Layer_shifting__20231128-155537,0,0
Layer_shifting/Image_20231128160936981.jpg,Layer_shifting,Layer_shifting__20231128-155537,0,1
Layer_shifting/Image_20231128161006974.jpg,Layer_shifting,Layer_shifting__20231128-155537,0,0
Layer_shifting/Image_20231128161036995.jpg,Layer_shifting,Layer_shifting__20231128-155537,0,2
Layer_shifting/Image_20231128161106993.jpg,Layer_shifting,Layer_shifting__20231128-155537,0,0
Layer_shifting/Image_20231128161136997.jpg,Layer_shifting,Layer_shifting__20231128-155537,0,0
Layer_shifting/Image_20231128161207002.jpg,Layer_shifting,Layer_shifting__20231128-155537,0,1
Layer_shifting/Image_20231128161236959.jpg,Layer_shifting,Layer_shifting__20231128-155537,0,0
Layer_shifting/Image_20231128161306961.jpg,Layer_shifting,Layer_shifting__20231128-155537,0,1
Layer_shifting/Image_20231128161336977.jpg,Layer_shifting,Layer_shifting__20231128-155537,0,0
Layer_shifting/Image_20231128161406983.jpg,Layer_shifting,Layer_shifting__20231128-155537,0,0
Layer_shifting/Image_20231128161436989.jpg,Layer_shifting,Layer_shifting__20231128-155537,0,1
Layer_shifting/Image_20231128161506988.jpg,Layer_shifting,Layer_shifting__20231128-155537,0,0
Layer_shifting/Image_20231128161536995.jpg,Layer_shifting,Layer_shifting__20231128-155537,0,1
Layer_shifting/Image_20231128161606962.jpg,Layer_shifting,Layer_shifting__20231128-155537,0,2
Layer_shifting/Image_20231128161636960.jpg,Layer_shifting,Layer_shifting__20231128-155537,0,2
Layer_shifting/Image_20231128161706967.jpg,Layer_shifting,Layer_shifting__20231128-155537,0,0
Layer_shifting/Image_20231128161736971.jpg,Layer_shifting,Layer_shifting__20231128-155537,0,0
Layer_shifting/Image_20231128161806989.jpg,Layer_shifting,Layer_shifting__20231128-155537,0,0
Layer_shifting/Image_20231128161836988.jpg,Layer_shifting,Layer_shifting__20231128-155537,0,1
Layer_shifting/Image_20231128161906990.jpg,Layer_shifting,Layer_shifting__20231128-155537,0,0
Layer_shifting/Image_20231128161936998.jpg,Layer_shifting,Layer_shifting__20231128-155537,0,2
Layer_shifting/Image_20231128162007003.jpg,Layer_shifting,Layer_shifting__20231128-155537,0,2
Layer_shifting/Image_20231128162037018.jpg,Layer_shifting,Layer_shifting__20231128-155537,0,2
Layer_shifting/Image_20231128162106973.jpg,Layer_shifting,Layer_shifting__20231128-155537,0,2
Layer_shifting/Image_20231128162136976.jpg,Layer_shifting,Layer_shifting__20231128-155537,0,2
Layer_shifting/Image_20231128162206976.jpg,Layer_shifting,Layer_shifting__20231128-155537,0,1
Layer_shifting/Image_20231128162236982.jpg,Layer_shifting,Layer_shifting__20231128-155537,0,1
Layer_shifting/Image_20231128162307000.jpg,Layer_shifting,Layer_shifting__20231128-155537,0,0
Layer_shifting/Image_20231128162337004.jpg,Layer_shifting,Layer_shifting__20231128-155537,0,0
Layer_shifting/Image_20231128162407009.jpg,Layer_shifting,Layer_shifting__20231128-155537,0,1
Layer_shifting/Image_20231128162436958.jpg,Layer_shifting,Layer_shifting__20231128-155537,0,1
Layer_shifting/Image_20231128162506970.jpg,Layer_shifting,Layer_shifting__20231128-155537,0,0
Layer_shifting/Image_20231128162536978.jpg,Layer_shifting,Layer_shifting__20231128-155537,0,2
Layer_shifting/Image_20231128162606980.jpg,Layer_shifting,Layer_shifting__20231128-155537,0,1
Layer_shifting/Image_20231128162636989.jpg,Layer_shifting,Layer_shifting__20231128-155537,0,2
Layer_shifting/Image_20231128162706999.jpg,Layer_shifting,Layer_shifting__20231128-155537,0,2
Layer_shifting/Image_20231128162736997.jpg,Layer_shifting,Layer_shifting__20231128-155537,0,0
Layer_shifting/Image_20231128164936977.jpg,Layer_shifting,Layer_shifting__20231128-164936,1,1
Layer_shifting/Image_20231128165006980.jpg,Layer_shifting,Layer_shifting__20231128-164936,1,0
Layer_shifting/Image_20231128165036983.jpg,Layer_shifting,Layer_shifting__20231128-164936,1,1
Layer_shifting/Image_20231128165107001.jpg,Layer_shifting,Layer_shifting__20231128-164936,1,2
Layer_shifting/Image_20231128165137005.jpg,Layer_shifting,Layer_shifting__20231128-164936,1,0
Layer_shifting/Image_20231128165207010.jpg,Layer_shifting,Layer_shifting__20231128-164936,1,1
Layer_shifting/Image_20231128165236961.jpg,Layer_shifting,Layer_shifting__20231128-164936,1,2
Layer_shifting/Image_20231128165306962.jpg,Layer_shifting,Layer_shifting__20231128-164936,1,1
Layer_shifting/Image_20231128165336967.jpg,Layer_shifting,Layer_shifting__20231128-164936,1,1
Layer_shifting/Image_20231128165406976.jpg,Layer_shifting,Layer_shifting__20231128-164936,1,1
Layer_shifting/Image_20231128165436980.jpg,Layer_shifting,Layer_shifting__20231128-164936,1,1
Layer_shifting/Image_20231128165506990.jpg,Layer_shifting,Layer_shifting__20231128-164936,1,2
Layer_shifting/Image_20231128165537001.jpg,Layer_shifting,Layer_shifting__20231128-164936,1,0
Layer_shifting/Image_20231128165607014.jpg,Layer_shifting,Layer_shifting__20231128-164936,1,1
Layer_shifting/Image_20231128165636957.jpg,Layer_shifting,Layer_shifting__20231128-164936,1,0
Layer_shifting/Image_20231128165706969.jpg,Layer_shifting,Layer_shifting__20231128-164936,1,1
Layer_shifting/Image_20231128165736969.jpg,Layer_shifting,Layer_shifting__20231128-164936,1,0
Layer_shifting/Image_20231128165806986.jpg,Layer_shifting,Layer_shifting__20231128-164936,1,2
Layer_shifting/Image_20231128165836982.jpg,Layer_shifting,Layer_shifting__20231128-164936,1,1
Layer_shifting/Image_20231128165906997.jpg,Layer_shifting,Layer_shifting__20231128-164936,1,0
Layer_shifting/Image_20231128165937005.jpg,Layer_shifting,Layer_shifting__20231128-164936,1,0
Layer_shifting/Image_20231128170007002.jpg,Layer_shifting,Layer_shifting__20231128-164936,1,0
Layer_shifting/Image_20231128170036963.jpg,Layer_shifting,Layer_shifting__20231128-164936,1,0
Layer_shifting/Image_20231128170106971.jpg,Layer_shifting,Layer_shifting__20231128-164936,1,2
Layer_shifting/Image_20231128170136974.jpg,Layer_shifting,Layer_shifting__20231128-164936,1,2
Layer_shifting/Image_20231128170206974.jpg,Layer_shifting,Layer_shifting__20231128-164936,1,1
Layer_shifting/Image_20231128170236981.jpg,Layer_shifting,Layer_shifting__20231128-164936,1,2
Layer_shifting/Image_20231128170306988.jpg,Layer_shifting,Layer_shifting__20231128-164936,1,2
Layer_shifting/Image_20231128170336996.jpg,Layer_shifting,Layer_shifting__20231128-164936,1,2
Layer_shifting/Image_20231128170407012.jpg,Layer_shifting,Layer_shifting__20231128-164936,1,0
Layer_shifting/Image_20231128170436965.jpg,Layer_shifting,Layer_shifting__20231128-164936,1,2
Layer_shifting/Image_20231128170506965.jpg,Layer_shifting,Layer_shifting__20231128-164936,1,0
Layer_shifting/Image_20231128170536972.jpg,Layer_shifting,Layer_shifting__20231128-164936,1,1
Layer_shifting/Image_20231128170606984.jpg,Layer_shifting,Layer_shifting__20231128-164936,1,0
Layer_shifting/Image_20231128170636989.jpg,Layer_shifting,Layer_shifting__20231128-164936,1,2
Layer_shifting/Image_20231128170706990.jpg,Layer_shifting,Layer_shifting__20231128-164936,1,1
Layer_shifting/Image_20231128170736998.jpg,Layer_shifting,Layer_shifting__20231128-164936,1,0
Layer_shifting/Image_20231128170807016.jpg,Layer_shifting,Layer_shifting__20231128-164936,1,1
Layer_shifting/Image_20231128170837013.jpg,Layer_shifting,Layer_shifting__20231128-164936,1,1
Layer_shifting/Image_20231128170906963.jpg,Layer_shifting,Layer_shifting__20231128-164936,1,2
Layer_shifting/Image_20231128170936968.jpg,Layer_shifting,Layer_shifting__20231128-164936,1,0
Layer_shifting/Image_20231128171006985.jpg,Layer_shifting,Layer_shifting__20231128-164936,1,2
Layer_shifting/Image_20231128171036981.jpg,Layer_shifting,Layer_shifting__20231128-164936,1,1
Layer_shifting/Image_20231128171106992.jpg,Layer_shifting,Layer_shifting__20231128-164936,1,2
Layer_shifting/Image_20231128171136999.jpg,Layer_shifting,Layer_shifting__20231128-164936,1,1
Layer_shifting/Image_20231128171207015.jpg,Layer_shifting,Layer_shifting__20231128-164936,1,0
Layer_shifting/Image_20231128171237015.jpg,Layer_shifting,Layer_shifting__20231128-164936,1,1
Layer_shifting/Image_20231128171306966.jpg,Layer_shifting,Layer_shifting__20231128-164936,1,0
Layer_shifting/Image_20231128171336980.jpg,Layer_shifting,Layer_shifting__20231128-164936,1,2
Layer_shifting/Image_20231128171406988.jpg,Layer_shifting,Layer_shifting__20231128-164936,1,2
Layer_shifting/Image_20231128171436987.jpg,Layer_shifting,Layer_shifting__20231128-164936,1,2
Layer_shifting/Image_20231128171506992.jpg,Layer_shifting,Layer_shifting__20231128-164936,1,0
Layer_shifting/Image_20231128171537006.jpg,Layer_shifting,Layer_shifting__20231128-164936,1,1
Layer_shifting/Image_20231128171607014.jpg,Layer_shifting,Layer_shifting__20231128-164936,1,0
Layer_shifting/Image_20231128171636957.jpg,Layer_shifting,Layer_shifting__20231128-164936,1,0
Layer_shifting/Image_20231128171706965.jpg,Layer_shifting,Layer_shifting__20231128-164936,1,1
Layer_shifting/Image_20231128171736976.jpg,Layer_shifting,Layer_shifting__20231128-164936,1,0
Layer_shifting/Image_20231128171806982.jpg,Layer_shifting,Layer_shifting__20231128-164936,1,0
Layer_shifting/Image_20231128171836988.jpg,Layer_shifting,Layer_shifting__20231128-164936,1,2
Layer_shifting/Image_20231128171907001.jpg,Layer_shifting,Layer_shifting__20231128-164936,1,1
Layer_shifting/Image_20231128171937005.jpg,Layer_shifting,Layer_shifting__20231128-164936,1,1
Layer_shifting/Image_20231128172007013.jpg,Layer_shifting,Layer_shifting__20231128-164936,1,2
Layer_shifting/Image_20231128172036965.jpg,Layer_shifting,Layer_shifting__20231128-164936,1,1
Layer_shifting/Image_20231128172106961.jpg,Layer_shifting,Layer_shifting__20231128-164936,1,0
Layer_shifting/Image_20231128172136967.jpg,Layer_shifting,Layer_shifting__20231128-164936,1,2
Layer_shifting/Image_20231128172206987.jpg,Layer_shifting,Layer_shifting__20231128-164936,1,2
Layer_shifting/Image_20231128172236987.jpg,Layer_shifting,Layer_shifting__20231128-164936,1,2
Layer_shifting/Image_20231128172307000.jpg,Layer_shifting,Layer_shifting__20231128-164936,1,2
Layer_shifting/Image_20231128172336993.jpg,Layer_shifting,Layer_shifting__20231128-164936,1,1
Layer_shifting/Image_20231128172406960.jpg,Layer_shifting,Layer_shifting__20231128-164936,1,2
Layer_shifting/Image_20231128172437016.jpg,Layer_shifting,Layer_shifting__20231128-164936,1,1
Layer_shifting/Image_20231128172506961.jpg,Layer_shifting,Layer_shifting__20231128-164936,1,1
Layer_shifting/Image_20231128172536980.jpg,Layer_shifting,Layer_shifting__20231128-164936,1,2
Layer_shifting/Image_20231128172606986.jpg,Layer_shifting,Layer_shifting__20231128-164936,1,2
Layer_shifting/Image_20231128172636990.jpg,Layer_shifting,Layer_shifting__20231128-164936,1,2
Layer_shifting/Image_20231128172706993.jpg,Layer_shifting,Layer_shifting__20231128-164936,1,0
Layer_shifting/Image_20231128172737005.jpg,Layer_shifting,Layer_shifting__20231128-164936,1,0
Layer_shifting/Image_20231128172806959.jpg,Layer_shifting,Layer_shifting__20231128-164936,1,0
Layer_shifting/Image_20231128172836960.jpg,Layer_shifting,Layer_shifting__20231128-164936,1,2
Layer_shifting/Image_20231128175536993.jpg,Layer_shifting,Layer_shifting__20231128-175536,2,2
Layer_shifting/Image_20231128175607011.jpg,Layer_shifting,Layer_shifting__20231128-175536,2,0
Layer_shifting/Image_20231128175637020.jpg,Layer_shifting,Layer_shifting__20231128-175536,2,2
Layer_shifting/Image_20231128175706971.jpg,Layer_shifting,Layer_shifting__20231128-175536,2,2
Layer_shifting/Image_20231128175736966.jpg,Layer_shifting,Layer_shifting__20231128-175536,2,2
Layer_shifting/Image_20231128175806980.jpg,Layer_shifting,Layer_shifting__20231128-175536,2,2
Layer_shifting/Image_20231128175836982.jpg,Layer_shifting,Layer_shifting__20231128-175536,2,2
Layer_shifting/Image_20231128175906997.jpg,Layer_shifting,Layer_shifting__20231128-175536,2,0
Layer_shifting/Image_20231128175936990.jpg,Layer_shifting,Layer_shifting__20231128-175536,2,2
Layer_shifting/Image_20231128180007009.jpg,Layer_shifting,Layer_shifting__20231128-175536,2,2
Layer_shifting/Image_20231128180037011.jpg,Layer_shifting,Layer_shifting__20231128-175536,2,1
Layer_shifting/Image_20231128180106963.jpg,Layer_shifting,Layer_shifting__20231128-175536,2,0
Layer_shifting/Image_20231128180136968.jpg,Layer_shifting,Layer_shifting__20231128-175536,2,2
Layer_shifting/Image_20231128180206983.jpg,Layer_shifting,Layer_shifting__20231128-175536,2,0
Layer_shifting/Image_20231128180236982.jpg,Layer_shifting,Layer_shifting__20231128-175536,2,1
Layer_shifting/Image_20231128180306991.jpg,Layer_shifting,Layer_shifting__20231128-175536,2,2
Layer_shifting/Image_20231128180336958.jpg,Layer_shifting,Layer_shifting__20231128-175536,2,2
Layer_shifting/Image_20231128180406958.jpg,Layer_shifting,Layer_shifting__20231128-175536,2,1
Layer_shifting/Image_20231128180436960.jpg,Layer_shifting,Layer_shifting__20231128-175536,2,2
Layer_shifting/Image_20231128180506971.jpg,Layer_shifting,Layer_shifting__20231128-175536,2,1
Layer_shifting/Image_20231128180536973.jpg,Layer_shifting,Layer_shifting__20231128-175536,2,1
Layer_shifting/Image_20231128180606970.jpg,Layer_shifting,Layer_shifting__20231128-175536,2,1
Layer_shifting/Image_20231128180636984.jpg,Layer_shifting,Layer_shifting__20231128-175536,2,1
Layer_shifting/Image_20231128180706993.jpg,Layer_shifting,Layer_shifting__20231128-175536,2,1
Layer_shifting/Image_20231128180736993.jpg,Layer_shifting,Layer_shifting__20231128-175536,2,0
Layer_shifting/Image_20231128180806957.jpg,Layer_shifting,Layer_shifting__20231128-175536,2,0
Layer_shifting/Image_20231128180836963.jpg,Layer_shifting,Layer_shifting__20231128-175536,2,1
Layer_shifting/Image_20231128180906964.jpg,Layer_shifting,Layer_shifting__20231128-175536,2,0
Layer_shifting/Image_20231128180936975.jpg,Layer_shifting,Layer_shifting__20231128-175536,2,0
Layer_shifting/Image_20231128181006986.jpg,Layer_shifting,Layer_shifting__20231128-175536,2,1
Layer_shifting/Image_20231128181036980.jpg,Layer_shifting,Layer_shifting__20231128-175536,2,2
Layer_shifting/Image_20231128181106991.jpg,Layer_shifting,Layer_shifting__20231128-175536,2,0
Layer_shifting/Image_20231128181136998.jpg,Layer_shifting,Layer_shifting__20231128-175536,2,1
Layer_shifting/Image_20231128181207010.jpg,Layer_shifting,Layer_shifting__20231128-175536,2,2
Layer_shifting/Image_20231128181236962.jpg,Layer_shifting,Layer_shifting__20231128-175536,2,1
Layer_shifting/Image_20231128181306957.jpg,Layer_shifting,Layer_shifting__20231128-175536,2,2
Layer_shifting/Image_20231128181336972.jpg,Layer_shifting,Layer_shifting__20231128-175536,2,0
Layer_shifting/Image_20231128181406974.jpg,Layer_shifting,Layer_shifting__20231128-175536,2,2
Layer_shifting/Image_20231128181436979.jpg,Layer_shifting,Layer_shifting__20231128-175536,2,2
Layer_shifting/Image_20231128181506990.jpg,Layer_shifting,Layer_shifting__20231128-175536,2,2
Layer_shifting/Image_20231128181537005.jpg,Layer_shifting,Layer_shifting__20231128-175536,2,1
Layer_shifting/Image_20231128181607001.jpg,Layer_shifting,Layer_shifting__20231128-175536,2,2
Layer_shifting/Image_20231128181637016.jpg,Layer_shifting,Layer_shifting__20231128-175536,2,0
Layer_shifting/Image_20231128181706958.jpg,Layer_shifting,Layer_shifting__20231128-175536,2,2
Layer_shifting/Image_20231128181736973.jpg,Layer_shifting,Layer_shifting__20231128-175536,2,1
Layer_shifting/Image_20231128181806977.jpg,Layer_shifting,Layer_shifting__20231128-175536,2,0
Layer_shifting/Image_20231128181836981.jpg,Layer_shifting,Layer_shifting__20231128-175536,2,1
Layer_shifting/Image_20240118144155178.jpg,Layer_shifting,Layer_shifting__20240118-144155,2,2
Layer_shifting/Image_20240118144225177.jpg,Layer_shifting,Layer_shifting__20240118-144155,2,1
Layer_shifting/Image_20240118144255186.jpg,Layer_shifting,Layer_shifting__20240118-144155,2,2
Layer_shifting/Image_20240118144325140.jpg,Layer_shifting,Layer_shifting__20240118-144155,2,2
Layer_shifting/Image_20240118144355143.jpg,Layer_shifting,Layer_shifting__20240118-144155,2,0
Layer_shifting/Image_20240118144425148.jpg,Layer_shifting,Layer_shifting__20240118-144155,2,0
Layer_shifting/Image_20240118144455154.jpg,Layer_shifting,Layer_shifting__20240118-144155,2,2
Layer_shifting/Image_20240118144525160.jpg,Layer_shifting,Layer_shifting__20240118-144155,2,1
Layer_shifting/Image_20240118144555176.jpg,Layer_shifting,Layer_shifting__20240118-144155,2,2
Layer_shifting/Image_20240118144625175.jpg,Layer_shifting,Layer_shifting__20240118-144155,2,1
Layer_shifting/Image_20240118144655140.jpg,Layer_shifting,Layer_shifting__20240118-144155,2,1
Layer_shifting/Image_20240118144725142.jpg,Layer_shifting,Layer_shifting__20240118-144155,2,1
Layer_shifting/Image_20240118144755139.jpg,Layer_shifting,Layer_shifting__20240118-144155,2,2
Layer_shifting/Image_20240118144825145.jpg,Layer_shifting,Layer_shifting__20240118-144155,2,2
Layer_shifting/Image_20240118144855160.jpg,Layer_shifting,Layer_shifting__20240118-144155,2,2
Layer_shifting/Image_20240118144925169.jpg,Layer_shifting,Layer_shifting__20240118-144155,2,1
Layer_shifting/Image_20240118144955170.jpg,Layer_shifting,Layer_shifting__20240118-144155,2,2
Layer_shifting/Image_20240118145025183.jpg,Layer_shifting,Layer_shifting__20240118-144155,2,0
Layer_shifting/Image_20240118145055185.jpg,Layer_shifting,Layer_shifting__20240118-144155,2,0
Layer_shifting/Image_20240118145125198.jpg,Layer_shifting,Layer_shifting__20240118-144155,2,1
Layer_shifting/Image_20240118145155147.jpg,Layer_shifting,Layer_shifting__20240118-144155,2,2
Layer_shifting/Image_20240118145225149.jpg,Layer_shifting,Layer_shifting__20240118-144155,2,2
Layer_shifting/Image_20240118145255163.jpg,Layer_shifting,Layer_shifting__20240118-144155,2,1
Layer_shifting/Image_20240118145325155.jpg,Layer_shifting,Layer_shifting__20240118-144155,2,2
Layer_shifting/Image_20240118145355171.jpg,Layer_shifting,Layer_shifting__20240118-144155,2,1
Layer_shifting/Image_20240118145425174.jpg,Layer_shifting,Layer_shifting__20240118-144155,2,0
Layer_shifting/Image_20240118145455183.jpg,Layer_shifting,Layer_shifting__20240118-144155,2,0
Layer_shifting/Image_20240118145525194.jpg,Layer_shifting,Layer_shifting__20240118-144155,2,0
Layer_shifting/Image_20240118145555200.jpg,Layer_shifting,Layer_shifting__20240118-144155,2,1
Layer_shifting/Image_20240118145625151.jpg,Layer_shifting,Layer_shifting__20240118-144155,2,0
Layer_shifting/Image_20240118145655150.jpg,Layer_shifting,Layer_shifting__20240118-144155,2,2
Layer_shifting/Image_20240118145725166.jpg,Layer_shifting,Layer_shifting__20240118-144155,2,0
Layer_shifting/Image_20240118145755165.jpg,Layer_shifting,Layer_shifting__20240118-144155,2,2
Layer_shifting/Image_20240118145825177.jpg,Layer_shifting,Layer_shifting__20240118-144155,2,2
Layer_shifting/Image_20240118145855187.jpg,Layer_shifting,Layer_shifting__20240118-144155,2,0
Layer_shifting/Image_20240118145925190.jpg,Layer_shifting,Layer_shifting__20240118-144155,2,2
Layer_shifting/Image_20240118145955145.jpg,Layer_shifting,Layer_shifting__20240118-144155,2,0
Layer_shifting/Image_20240118150025139.jpg,Layer_shifting,Layer_shifting__20240118-144155,2,1
Layer_shifting/Image_20240118150055143.jpg,Layer_shifting,Layer_shifting__20240118-144155,2,1
Layer_shifting/Image_20240118150125152.jpg,Layer_shifting,Layer_shifting__20240118-144155,2,0
Layer_shifting/Image_20240118150155160.jpg,Layer_shifting,Layer_shifting__20240118-144155,2,1
Layer_shifting/Image_20240118150225178.jpg,Layer_shifting,Layer_shifting__20240118-144155,2,2
Layer_shifting/Image_20240118150255183.jpg,Layer_shifting,Layer_shifting__20240118-144155,2,0
Layer_shifting/Image_20240118150325181.jpg,Layer_shifting,Layer_shifting__20240118-144155,2,2
Layer_shifting/Image_20240118150355142.jpg,Layer_shifting,Layer_shifting__20240118-144155,2,0
Layer_shifting/Image_20240118150425198.jpg,Layer_shifting,Layer_shifting__20240118-144155,2,1
Layer_shifting/Image_20240118150455156.jpg,Layer_shifting,Layer_shifting__20240118-144155,2,1
Layer_shifting/Image_20240118150525161.jpg,Layer_shifting,Layer_shifting__20240118-144155,2,2
Layer_shifting/Image_20240118150555165.jpg,Layer_shifting,Layer_shifting__20240118-144155,2,2
Layer_shifting/Image_20240118150625167.jpg,Layer_shifting,Layer_shifting__20240118-144155,2,0
Layer_shifting/Image_20240118150655171.jpg,Layer_shifting,Layer_shifting__20240118-144155,2,0
Layer_shifting/Image_20240118150725177.jpg,Layer_shifting,Layer_shifting__20240118-144155,2,1
Layer_shifting/Image_20240118150755190.jpg,Layer_shifting,Layer_shifting__20240118-144155,2,0
Layer_shifting/Image_20240118150825199.jpg,Layer_shifting,Layer_shifting__20240118-144155,2,1
Layer_shifting/Image_20240118150855150.jpg,Layer_shifting,Layer_shifting__20240118-144155,2,2
Layer_shifting/Image_20240118150925151.jpg,Layer_shifting,Layer_shifting__20240118-144155,2,2
Layer_shifting/Image_20240118150955152.jpg,Layer_shifting,Layer_shifting__20240118-144155,2,0
Layer_shifting/Image_20240118151025162.jpg,Layer_shifting,Layer_shifting__20240118-144155,2,0
Layer_shifting/Image_20240118151055169.jpg,Layer_shifting,Layer_shifting__20240118-144155,2,0
Layer_shifting/Image_20240118151125182.jpg,Layer_shifting,Layer_shifting__20240118-144155,2,1
Layer_shifting/Image_20240118151155180.jpg,Layer_shifting,Layer_shifting__20240118-144155,2,1
Layer_shifting/Image_20240118151225185.jpg,Layer_shifting,Layer_shifting__20240118-144155,2,0
Layer_shifting/Image_20240118151255142.jpg,Layer_shifting,Layer_shifting__20240118-144155,2,1
Layer_shifting/Image_20240118151325158.jpg,Layer_shifting,Layer_shifting__20240118-144155,2,2
Layer_shifting/Image_20240118151355155.jpg,Layer_shifting,Layer_shifting__20240118-144155,2,1
Layer_shifting/Image_20240118151425174.jpg,Layer_shifting,Layer_shifting__20240118-144155,2,1
Layer_shifting/Image_20240118151455176.jpg,Layer_shifting,Layer_shifting__20240118-144155,2,0
Layer_shifting/Image_20240118151525171.jpg,Layer_shifting,Layer_shifting__20240118-144155,2,2
Layer_shifting/Image_20240118151555181.jpg,Layer_shifting,Layer_shifting__20240118-144155,2,1
Layer_shifting/Image_20240118151625141.jpg,Layer_shifting,Layer_shifting__20240118-144155,2,0
Layer_shifting/Image_20240118151655145.jpg,Layer_shifting,Layer_shifting__20240118-144155,2,1
Layer_shifting/Image_20240118151725155.jpg,Layer_shifting,Layer_shifting__20240118-144155,2,1
Layer_shifting/Image_20240118151755164.jpg,Layer_shifting,Layer_shifting__20240118-144155,2,1
Layer_shifting/Image_20240118151825178.jpg,Layer_shifting,Layer_shifting__20240118-144155,2,1
Layer_shifting/Image_20240118151855177.jpg,Layer_shifting,Layer_shifting__20240118-144155,2,0
Layer_shifting/Image_20240118151925168.jpg,Layer_shifting,Layer_shifting__20240118-144155,2,1
Layer_shifting/Image_20240118154755176.jpg,Layer_shifting,Layer_shifting__20240118-154755,0,2
Layer_shifting/Image_20240118154825172.jpg,Layer_shifting,Layer_shifting__20240118-154755,0,1
Layer_shifting/Image_20240118154855184.jpg,Layer_shifting,Layer_shifting__20240118-154755,0,1
Layer_shifting/Image_20240118154925186.jpg,Layer_shifting,Layer_shifting__20240118-154755,0,1
Layer_shifting/Image_20240118154955199.jpg,Layer_shifting,Layer_shifting__20240118-154755,0,0
Layer_shifting/Image_20240118155025146.jpg,Layer_shifting,Layer_shifting__20240118-154755,0,1
Layer_shifting/Image_20240118155055161.jpg,Layer_shifting,Layer_shifting__20240118-154755,0,0
Layer_shifting/Image_20240118155125158.jpg,Layer_shifting,Layer_shifting__20240118-154755,0,1
Layer_shifting/Image_20240118155155171.jpg,Layer_shifting,Layer_shifting__20240118-154755,0,2
Layer_shifting/Image_20240118155225167.jpg,Layer_shifting,Layer_shifting__20240118-154755,0,0
Layer_shifting/Image_20240118155255179.jpg,Layer_shifting,Layer_shifting__20240118-154755,0,0
Layer_shifting/Image_20240118155325191.jpg,Layer_shifting,Layer_shifting__20240118-154755,0,0
Layer_shifting/Image_20240118155355144.jpg,Layer_shifting,Layer_shifting__20240118-154755,0,1
Layer_shifting/Image_20240118155425146.jpg,Layer_shifting,Layer_shifting__20240118-154755,0,0
Layer_shifting/Image_20240118155455145.jpg,Layer_shifting,Layer_shifting__20240118-154755,0,0
Layer_shifting/Image_20240118155525156.jpg,Layer_shifting,Layer_shifting__20240118-154755,0,1
Layer_shifting/Image_20240118155555157.jpg,Layer_shifting,Layer_shifting__20240118-154755,0,1
Layer_shifting/Image_20240118155625164.jpg,Layer_shifting,Layer_shifting__20240118-154755,0,0
Layer_shifting/Image_20240118155655183.jpg,Layer_shifting,Layer_shifting__20240118-154755,0,0
Layer_shifting/Image_20240118155725178.jpg,Layer_shifting,Layer_shifting__20240118-154755,0,1
Layer_shifting/Image_20240118155755183.jpg,Layer_shifting,Layer_shifting__20240118-154755,0,2
Layer_shifting/Image_20240118155825196.jpg,Layer_shifting,Layer_shifting__20240118-154755,0,2
Layer_shifting/Image_20240118155855145.jpg,Layer_shifting,Layer_shifting__20240118-154755,0,0
Layer_shifting/Image_20240118155925148.jpg,Layer_shifting,Layer_shifting__20240118-154755,0,0
Layer_shifting/Image_20240118155955162.jpg,Layer_shifting,Layer_shifting__20240118-154755,0,0
Layer_shifting/Image_20240118160025166.jpg,Layer_shifting,Layer_shifting__20240118-154755,0,1
Layer_shifting/Image_20240118160055173.jpg,Layer_shifting,Layer_shifting__20240118-154755,0,1
Layer_shifting/Image_20240118160125177.jpg,Layer_shifting,Layer_shifting__20240118-154755,0,2
Layer_shifting/Image_20240118160155140.jpg,Layer_shifting,Layer_shifting__20240118-154755,0,2
Layer_shifting/Image_20240118160225196.jpg,Layer_shifting,Layer_shifting__20240118-154755,0,0
Layer_shifting/Image_20240118160255145.jpg,Layer_shifting,Layer_shifting__20240118-154755,0,0
Layer_shifting/Image_20240118160325152.jpg,Layer_shifting,Layer_shifting__20240118-154755,0,1
Layer_shifting/Image_20240118160355160.jpg,Layer_shifting,Layer_shifting__20240118-154755,0,1
Layer_shifting/Image_20240118160425164.jpg,Layer_shifting,Layer_shifting__20240118-154755,0,1
Layer_shifting/Image_20240118160455177.jpg,Layer_shifting,Layer_shifting__20240118-154755,0,1
Layer_shifting/Image_20240118160525178.jpg,Layer_shifting,Layer_shifting__20240118-154755,0,2
Layer_shifting/Image_20240118160555182.jpg,Layer_shifting,Layer_shifting__20240118-154755,0,2
Layer_shifting/Image_20240118160625195.jpg,Layer_shifting,Layer_shifting__20240118-154755,0,0
Layer_shifting/Image_20240118160655200.jpg,Layer_shifting,Layer_shifting__20240118-154755,0,2
Layer_shifting/Image_20240118160725153.jpg,Layer_shifting,Layer_shifting__20240118-154755,0,1
Layer_shifting/Image_20240118160755155.jpg,Layer_shifting,Layer_shifting__20240118-154755,0,2
Layer_shifting/Image_20240118160825164.jpg,Layer_shifting,Layer_shifting__20240118-154755,0,0
Layer_shifting/Image_20240118160855175.jpg,Layer_shifting,Layer_shifting__20240118-154755,0,1
Layer_shifting/Image_20240118160925175.jpg,Layer_shifting,Layer_shifting__20240118-154755,0,2
Layer_shifting/Image_20240118160955175.jpg,Layer_shifting,Layer_shifting__20240118-154755,0,1
Layer_shifting/Image_20240118161025141.jpg,Layer_shifting,Layer_shifting__20240118-154755,0,0
Layer_shifting/Image_20240118161055148.jpg,Layer_shifting,Layer_shifting__20240118-154755,0,2
Layer_shifting/Image_20240118161125156.jpg,Layer_shifting,Layer_shifting__20240118-154755,0,1
Layer_shifting/Image_20240118161155159.jpg,Layer_shifting,Layer_shifting__20240118-154755,0,2
Layer_shifting/Image_20240118161225155.jpg,Layer_shifting,Layer_shifting__20240118-154755,0,2
Layer_shifting/Image_20240118161255170.jpg,Layer_shifting,Layer_shifting__20240118-154755,0,1
Layer_shifting/Image_20240118161325177.jpg,Layer_shifting,Layer_shifting__20240118-154755,0,2
Layer_shifting/Image_20240118161355179.jpg,Layer_shifting,Layer_shifting__20240118-154755,0,2
Layer_shifting/Image_20240118161425141.jpg,Layer_shifting,Layer_shifting__20240118-154755,0,2
Layer_shifting/Image_20240118161455199.jpg,Layer_shifting,Layer_shifting__20240118-154755,0,1
Layer_shifting/Image_20240118161525152.jpg,Layer_shifting,Layer_shifting__20240118-154755,0,0
Layer_shifting/Image_20240118161555149.jpg,Layer_shifting,Layer_shifting__20240118-154755,0,2
Layer_shifting/Image_20240118161625163.jpg,Layer_shifting,Layer_shifting__20240118-154755,0,0
Layer_shifting/Image_20240118161655169.jpg,Layer_shifting,Layer_shifting__20240118-154755,0,0
Layer_shifting/Image_20240118161725180.jpg,Layer_shifting,Layer_shifting__20240118-154755,0,2
Layer_shifting/Image_20240118161755181.jpg,Layer_shifting,Layer_shifting__20240118-154755,0,1
Layer_shifting/Image_20240118161825193.jpg,Layer_shifting,Layer_shifting__20240118-154755,0,1
Off_platform/Image_20231228112802894.jpg,Off_platform,Off_platform__20231228-112802,2,2
Off_platform/Image_20231228112832898.jpg,Off_platform,Off_platform__20231228-112802,2,2
Off_platform/Image_20231228112902900.jpg,Off_platform,Off_platform__20231228-112802,2,2
Off_platform/Image_20231228112932863.jpg,Off_platform,Off_platform__20231228-112802,2,0
Off_platform/Image_20231228113002866.jpg,Off_platform,Off_platform__20231228-112802,2,2
Off_platform/Image_20231228113032864.jpg,Off_platform,Off_platform__20231228-112802,2,1
Off_platform/Image_20231228113102885.jpg,Off_platform,Off_platform__20231228-112802,2,2
Off_platform/Image_20231228113132889.jpg,Off_platform,Off_platform__20231228-112802,2,1
Off_platform/Image_20231228113202886.jpg,Off_platform,Off_platform__20231228-112802,2,2
Off_platform/Image_20231228113232896.jpg,Off_platform,Off_platform__20231228-112802,2,2
Off_platform/Image_20231228113302908.jpg,Off_platform,Off_platform__20231228-112802,2,1
Off_platform/Image_20231228113332862.jpg,Off_platform,Off_platform__20231228-112802,2,0
Off_platform/Image_20231228113402919.jpg,Off_platform,Off_platform__20231228-112802,2,0
Off_platform/Image_20231228113432865.jpg,Off_platform,Off_platform__20231228-112802,2,0
Off_platform/Image_20231228113502868.jpg,Off_platform,Off_platform__20231228-112802,2,2
Off_platform/Image_20231228113532888.jpg,Off_platform,Off_platform__20231228-112802,2,0
Off_platform/Image_20231228113602889.jpg,Off_platform,Off_platform__20231228-112802,2,0
Off_platform/Image_20231228113632894.jpg,Off_platform,Off_platform__20231228-112802,2,1
Off_platform/Image_20231228113702894.jpg,Off_platform,Off_platform__20231228-112802,2,0
Off_platform/Image_20231228113732903.jpg,Off_platform,Off_platform__20231228-112802,2,1
Off_platform/Image_20231228113802865.jpg,Off_platform,Off_platform__20231228-112802,2,2
Off_platform/Image_20231228113832874.jpg,Off_platform,Off_platform__20231228-112802,2,0
Off_platform/Image_20240102144020143.jpg,Off_platform,Off_platform__20240102-144020,0,1
Off_platform/Image_20240102144050091.jpg,Off_platform,Off_platform__20240102-144020,0,2
Off_platform/Image_20240102144120096.jpg,Off_platform,Off_platform__20240102-144020,0,0
Off_platform/Image_20240102171620104.jpg,Off_platform,Off_platform__20240102-171620,1,1
Off_platform/Image_20240102171650119.jpg,Off_platform,Off_platform__20240102-171620,1,0
Off_platform/Image_20240102171720131.jpg,Off_platform,Off_platform__20240102-171620,1,2
Off_platform/Image_20240102171750137.jpg,Off_platform,Off_platform__20240102-171620,1,2
Off_platform/Image_20240102171820141.jpg,Off_platform,Off_platform__20240102-171620,1,1
Off_platform/Image_20240102171850096.jpg,Off_platform,Off_platform__20240102-171620,1,1
Off_platform/Image_20240102171920099.jpg,Off_platform,Off_platform__20240102-171620,1,0
Off_platform/Image_20240102171950108.jpg,Off_platform,Off_platform__20240102-171620,1,1
Off_platform/Image_20240102172020117.jpg,Off_platform,Off_platform__20240102-171620,1,2
Off_platform/Image_20240102172050123.jpg,Off_platform,Off_platform__20240102-171620,1,1
Off_platform/Image_20240102172120127.jpg,Off_platform,Off_platform__20240102-171620,1,2
Off_platform/Image_20240102172150129.jpg,Off_platform,Off_platform__20240102-171620,1,1
Off_platform/Image_20240102172220088.jpg,Off_platform,Off_platform__20240102-171620,1,1
Off_platform/Image_20240102172250147.jpg,Off_platform,Off_platform__20240102-171620,1,2
Off_platform/Image_20240102172320101.jpg,Off_platform,Off_platform__20240102-171620,1,0
Off_platform/Image_20240102172350095.jpg,Off_platform,Off_platform__20240102-171620,1,1
Off_platform/Image_20240102172420107.jpg,Off_platform,Off_platform__20240102-171620,1,1
Off_platform/Image_20240102172450113.jpg,Off_platform,Off_platform__20240102-171620,1,0
Off_platform/Image_20240102172520128.jpg,Off_platform,Off_platform__20240102-171620,1,1
Off_platform/Image_20240102172550131.jpg,Off_platform,Off_platform__20240102-171620,1,2
Off_platform/Image_20240102172620086.jpg,Off_platform,Off_platform__20240102-171620,1,1
Off_platform/Image_20240102172650145.jpg,Off_platform,Off_platform__20240102-171620,1,1
Off_platform/Image_20240102172720097.jpg,Off_platform,Off_platform__20240102-171620,1,0
Off_platform/Image_20240102172750098.jpg,Off_platform,Off_platform__20240102-171620,1,0
Off_platform/Image_20240102172820111.jpg,Off_platform,Off_platform__20240102-171620,1,2
Off_platform/Image_20240102172850114.jpg,Off_platform,Off_platform__20240102-171620,1,2
Off_platform/Image_20240102172920127.jpg,Off_platform,Off_platform__20240102-171620,1,2
Off_platform/Image_20240102172950128.jpg,Off_platform,Off_platform__20240102-171620,1,0
Off_platform/Image_20240102173020130.jpg,Off_platform,Off_platform__20240102-171620,1,1
Off_platform/Image_20240102173050095.jpg,Off_platform,Off_platform__20240102-171620,1,0
Off_platform/Image_20240102173120094.jpg,Off_platform,Off_platform__20240102-171620,1,1
Off_platform/Image_20240102173150099.jpg,Off_platform,Off_platform__20240102-171620,1,2
Off_platform/Image_20240102173220114.jpg,Off_platform,Off_platform__20240102-171620,1,1
Off_platform/Image_20240102173250118.jpg,Off_platform,Off_platform__20240102-171620,1,0
Off_platform/Image_20240102173320118.jpg,Off_platform,Off_platform__20240102-171620,1,1
Off_platform/Image_20240102173350129.jpg,Off_platform,Off_platform__20240102-171620,1,1
Off_platform/Image_20240102173420141.jpg,Off_platform,Off_platform__20240102-171620,1,0
Off_platform/Image_20240102173450091.jpg,Off_platform,Off_platform__20240102-171620,1,1
Off_platform/Image_20240102173520099.jpg,Off_platform,Off_platform__20240102-171620,1,2
Off_platform/Image_20240102173550108.jpg,Off_platform,Off_platform__20240102-171620,1,2
Off_platform/Image_20240102173620100.jpg,Off_platform,Off_platform__20240102-171620,1,1
Off_platform/Image_20240102173650107.jpg,Off_platform,Off_platform__20240102-171620,1,0
Off_platform/Image_20240102173720113.jpg,Off_platform,Off_platform__20240102-171620,1,2
Off_platform/Image_20240102173750130.jpg,Off_platform,Off_platform__20240102-171620,1,0
Off_platform/Image_20240102173820138.jpg,Off_platform,Off_platform__20240102-171620,1,0
Off_platform/Image_20240102173850144.jpg,Off_platform,Off_platform__20240102-171620,1,2
Off_platform/Image_20240102173920092.jpg,Off_platform,Off_platform__20240102-171620,1,1
Off_platform/Image_20240102173950095.jpg,Off_platform,Off_platform__20240102-171620,1,0
Off_platform/Image_20240102174020100.jpg,Off_platform,Off_platform__20240102-171620,1,2
Off_platform/Image_20240102174050120.jpg,Off_platform,Off_platform__20240102-171620,1,0
Off_platform/Image_20240102174120123.jpg,Off_platform,Off_platform__20240102-171620,1,2
Off_platform/Image_20240102174150132.jpg,Off_platform,Off_platform__20240102-171620,1,1
Off_platform/Image_20240102174220125.jpg,Off_platform,Off_platform__20240102-171620,1,0
Off_platform/Image_20240102174250144.jpg,Off_platform,Off_platform__20240102-171620,1,0
Off_platform/Image_20240102174320098.jpg,Off_platform,Off_platform__20240102-171620,1,0
Off_platform/Image_20240102174350105.jpg,Off_platform,Off_platform__20240102-171620,1,0
Off_platform/Image_20240102174420103.jpg,Off_platform,Off_platform__20240102-171620,1,2
Off_platform/Image_20240102174450116.jpg,Off_platform,Off_platform__20240102-171620,1,0
Off_platform/Image_20240102174520114.jpg,Off_platform,Off_platform__20240102-171620,1,0
Off_platform/Image_20240102174550119.jpg,Off_platform,Off_platform__20240102-171620,1,2
Off_platform/Image_20240102174620132.jpg,Off_platform,Off_platform__20240102-171620,1,1
Off_platform/Image_20240102174650086.jpg,Off_platform,Off_platform__20240102-171620,1,2
Off_platform/Image_20240102174720087.jpg,Off_platform,Off_platform__20240102-171620,1,1
Off_platform/Image_20240102174750094.jpg,Off_platform,Off_platform__20240102-171620,1,1
Off_platform/Image_20240102174820101.jpg,Off_platform,Off_platform__20240102-171620,1,2
Off_platform/Image_20240102174850118.jpg,Off_platform,Off_platform__20240102-171620,1,0
Stringing/Image_20231228204319982.jpg,Stringing,Stringing__20231228-204319,0,0
Stringing/Image_20231228204349949.jpg,Stringing,Stringing__20231228-204319,0,0
Stringing/Image_20231228204419949.jpg,Stringing,Stringing__20231228-204319,0,0
Stringing/Image_20231228204449954.jpg,Stringing,Stringing__20231228-204319,0,0
Stringing/Image_20231228204519967.jpg,Stringing,Stringing__20231228-204319,0,0
Stringing/Image_20231228204549967.jpg,Stringing,Stringing__20231228-204319,0,2
Stringing/Image_20231228204619983.jpg,Stringing,Stringing__20231228-204319,0,0
Stringing/Image_20231228204649992.jpg,Stringing,Stringing__20231228-204319,0,2
Stringing/Image_20231228204719994.jpg,Stringing,Stringing__20231228-204319,0,1
Stringing/Image_20231228204749938.jpg,Stringing,Stringing__20231228-204319,0,0
Stringing/Image_20231228204819944.jpg,Stringing,Stringing__20231228-204319,0,2
Stringing/Image_20231228204849964.jpg,Stringing,Stringing__20231228-204319,0,1
Stringing/Image_20231228204919960.jpg,Stringing,Stringing__20231228-204319,0,2
Stringing/Image_20231228204949977.jpg,Stringing,Stringing__20231228-204319,0,2
Stringing/Image_20231228205019981.jpg,Stringing,Stringing__20231228-204319,0,0
Stringing/Image_20231228205049981.jpg,Stringing,Stringing__20231228-204319,0,1
Stringing/Image_20231228205119944.jpg,Stringing,Stringing__20231228-204319,0,0
Stringing/Image_20231228205149952.jpg,Stringing,Stringing__20231228-204319,0,2
Stringing/Image_20231228205219953.jpg,Stringing,Stringing__20231228-204319,0,1
Stringing/Image_20231228205249959.jpg,Stringing,Stringing__20231228-204319,0,1
Stringing/Image_20231228205319967.jpg,Stringing,Stringing__20231228-204319,0,0
Stringing/Image_20231228205349982.jpg,Stringing,Stringing__20231228-204319,0,0
Stringing/Image_20231228205419981.jpg,Stringing,Stringing__20231228-204319,0,2
Stringing/Image_20231228205449989.jpg,Stringing,Stringing__20231228-204319,0,0
Stringing/Image_20240103121446622.jpg,Stringing,Stringing__20240103-121446,1,2
Stringing/Image_20240103121516631.jpg,Stringing,Stringing__20240103-121446,1,0
Stringing/Image_20240103121546639.jpg,Stringing,Stringing__20240103-121446,1,2
Stringing/Image_20240103121616639.jpg,Stringing,Stringing__20240103-121446,1,1
Stringing/Image_20240103121646647.jpg,Stringing,Stringing__20240103-121446,1,1
Stringing/Image_20240103121716660.jpg,Stringing,Stringing__20240103-121446,1,1
Stringing/Image_20240103121746666.jpg,Stringing,Stringing__20240103-121446,1,0
Stringing/Image_20240103121816677.jpg,Stringing,Stringing__20240103-121446,1,1
Stringing/Image_20240103121846622.jpg,Stringing,Stringing__20240103-121446,1,0
Stringing/Image_20240103121916633.jpg,Stringing,Stringing__20240103-121446,1,1
Stringing/Image_20240103121946641.jpg,Stringing,Stringing__20240103-121446,1,1
Stringing/Image_20240103122016634.jpg,Stringing,Stringing__20240103-121446,1,2
Stringing/Image_20240103122046655.jpg,Stringing,Stringing__20240103-121446,1,0
Stringing/Image_20240103122116663.jpg,Stringing,Stringing__20240103-121446,1,0
Stringing/Image_20240103122146662.jpg,Stringing,Stringing__20240103-121446,1,2
Stringing/Image_20240103122216673.jpg,Stringing,Stringing__20240103-121446,1,0
Stringing/Image_20240103122246683.jpg,Stringing,Stringing__20240103-121446,1,0
Stringing/Image_20240103122316626.jpg,Stringing,Stringing__20240103-121446,1,0
Stringing/Image_20240103122346629.jpg,Stringing,Stringing__20240103-121446,1,2
Stringing/Image_20240103122416638.jpg,Stringing,Stringing__20240103-121446,1,1
Stringing/Image_20240103122446644.jpg,Stringing,Stringing__20240103-121446,1,0
Stringing/Image_20240103122516649.jpg,Stringing,Stringing__20240103-121446,1,1
Stringing/Image_20240103122546661.jpg,Stringing,Stringing__20240103-121446,1,0
Stringing/Image_20240103122616662.jpg,Stringing,Stringing__20240103-121446,1,2
Stringing/Image_20240103122646627.jpg,Stringing,Stringing__20240103-121446,1,2
Stringing/Image_20240103122716631.jpg,Stringing,Stringing__20240103-121446,1,2
Stringing/Image_20240103122746642.jpg,Stringing,Stringing__20240103-121446,1,0
Stringing/Image_20240103122816650.jpg,Stringing,Stringing__20240103-121446,1,1
Stringing/Image_20240103122846646.jpg,Stringing,Stringing__20240103-121446,1,1
Stringing/Image_20240103122916660.jpg,Stringing,Stringing__20240103-121446,1,2
Stringing/Image_20240103122946660.jpg,Stringing,Stringing__20240103-121446,1,2
Stringing/Image_20240103123016676.jpg,Stringing,Stringing__20240103-121446,1,0
Stringing/Image_20240103123046667.jpg,Stringing,Stringing__20240103-121446,1,2
Stringing/Image_20240103123116631.jpg,Stringing,Stringing__20240103-121446,1,2
Stringing/Image_20240103123146638.jpg,Stringing,Stringing__20240103-121446,1,1
Stringing/Image_20240103123216641.jpg,Stringing,Stringing__20240103-121446,1,1
Stringing/Image_20240103123246640.jpg,Stringing,Stringing__20240103-121446,1,2
Stringing/Image_20240103123316659.jpg,Stringing,Stringing__20240103-121446,1,1
Stringing/Image_20240103123346657.jpg,Stringing,Stringing__20240103-121446,1,0
Stringing/Image_20240103123416620.jpg,Stringing,Stringing__20240103-121446,1,0
Stringing/Image_20240103123446678.jpg,Stringing,Stringing__20240103-121446,1,1
Stringing/Image_20240103123516631.jpg,Stringing,Stringing__20240103-121446,1,1
Stringing/Image_20240103123546638.jpg,Stringing,Stringing__20240103-121446,1,1
Stringing/Image_20240103123616640.jpg,Stringing,Stringing__20240103-121446,1,2
Stringing/Image_20240103123646652.jpg,Stringing,Stringing__20240103-121446,1,2
Stringing/Image_20240103123716661.jpg,Stringing,Stringing__20240103-121446,1,1
Stringing/Image_20240103123746665.jpg,Stringing,Stringing__20240103-121446,1,0
Stringing/Image_20240103123816665.jpg,Stringing,Stringing__20240103-121446,1,0
Stringing/Image_20240103133916675.jpg,Stringing,Stringing__20240103-133916,2,0
Stringing/Image_20240103133946623.jpg,Stringing,Stringing__20240103-133916,2,1
Stringing/Image_20240103134016638.jpg,Stringing,Stringing__20240103-133916,2,0
Stringing/Image_20240103134046641.jpg,Stringing,Stringing__20240103-133916,2,0
Stringing/Image_20240103134116649.jpg,Stringing,Stringing__20240103-133916,2,0
Stringing/Image_20240103134146654.jpg,Stringing,Stringing__20240103-133916,2,2
Stringing/Image_20240103134216651.jpg,Stringing,Stringing__20240103-133916,2,1
Stringing/Image_20240103134246658.jpg,Stringing,Stringing__20240103-133916,2,2
Stringing/Image_20240103134316673.jpg,Stringing,Stringing__20240103-133916,2,0
Stringing/Image_20240103134346683.jpg,Stringing,Stringing__20240103-133916,2,0
Stringing/Image_20240103134416626.jpg,Stringing,Stringing__20240103-133916,2,1
Stringing/Image_20240103134446642.jpg,Stringing,Stringing__20240103-133916,2,2
Stringing/Image_20240103134516643.jpg,Stringing,Stringing__20240103-133916,2,1
Stringing/Image_20240103134546652.jpg,Stringing,Stringing__20240103-133916,2,2
Stringing/Image_20240103134616664.jpg,Stringing,Stringing__20240103-133916,2,0
Stringing/Image_20240103134646670.jpg,Stringing,Stringing__20240103-133916,2,2
Stringing/Image_20240103134716674.jpg,Stringing,Stringing__20240103-133916,2,0
Stringing/Image_20240103134746624.jpg,Stringing,Stringing__20240103-133916,2,1
Stringing/Image_20240103134816635.jpg,Stringing,Stringing__20240103-133916,2,1
Stringing/Image_20240103134846635.jpg,Stringing,Stringing__20240103-133916,2,0
Stringing/Image_20240103134916647.jpg,Stringing,Stringing__20240103-133916,2,1
Stringing/Image_20240103134946656.jpg,Stringing,Stringing__20240103-133916,2,0
Stringing/Image_20240103135016655.jpg,Stringing,Stringing__20240103-133916,2,2
Stringing/Image_20240103135046666.jpg,Stringing,Stringing__20240103-133916,2,1
Stringing/Image_20240103135116665.jpg,Stringing,Stringing__20240103-133916,2,2
Stringing/Image_20240103135146625.jpg,Stringing,Stringing__20240103-133916,2,0
Stringing/Image_20240103135216622.jpg,Stringing,Stringing__20240103-133916,2,0
Stringing/Image_20240103135246628.jpg,Stringing,Stringing__20240103-133916,2,2
Stringing/Image_20240103135316639.jpg,Stringing,Stringing__20240103-133916,2,0
Stringing/Image_20240103135346656.jpg,Stringing,Stringing__20240103-133916,2,2
Stringing/Image_20240103135416648.jpg,Stringing,Stringing__20240103-133916,2,2
Stringing/Image_20240103135446657.jpg,Stringing,Stringing__20240103-133916,2,2
Stringing/Image_20240103135516666.jpg,Stringing,Stringing__20240103-133916,2,0
Stringing/Image_20240103135546626.jpg,Stringing,Stringing__20240103-133916,2,0
Stringing/Image_20240103135616629.jpg,Stringing,Stringing__20240103-133916,2,1
Stringing/Image_20240103135646639.jpg,Stringing,Stringing__20240103-133916,2,2
Stringing/Image_20240103135716648.jpg,Stringing,Stringing__20240103-133916,2,0
Stringing/Image_20240103135746651.jpg,Stringing,Stringing__20240103-133916,2,0
Stringing/Image_20240103135816661.jpg,Stringing,Stringing__20240103-133916,2,0
Stringing/Image_20240103135846669.jpg,Stringing,Stringing__20240103-133916,2,0
Stringing/Image_20240103135916664.jpg,Stringing,Stringing__20240103-133916,2,2
Stringing/Image_20240103135946626.jpg,Stringing,Stringing__20240103-133916,2,2
Stringing/Image_20240103140016630.jpg,Stringing,Stringing__20240103-133916,2,0
Stringing/Image_20240103140046633.jpg,Stringing,Stringing__20240103-133916,2,2
Stringing/Image_20240103142446640.jpg,Stringing,Stringing__20240103-142446,1,0
Stringing/Image_20240103142516632.jpg,Stringing,Stringing__20240103-142446,1,1
Stringing/Image_20240103142546642.jpg,Stringing,Stringing__20240103-142446,1,0
Stringing/Image_20240103142616654.jpg,Stringing,Stringing__20240103-142446,1,0
Stringing/Image_20240103142646657.jpg,Stringing,Stringing__20240103-142446,1,0
Stringing/Image_20240103142716671.jpg,Stringing,Stringing__20240103-142446,1,1
Stringing/Image_20240103142746622.jpg,Stringing,Stringing__20240103-142446,1,2
Stringing/Image_20240103142816626.jpg,Stringing,Stringing__20240103-142446,1,0
Stringing/Image_20240103142846626.jpg,Stringing,Stringing__20240103-142446,1,1
Stringing/Image_20240103142916645.jpg,Stringing,Stringing__20240103-142446,1,2
Stringing/Image_20240103142946648.jpg,Stringing,Stringing__20240103-142446,1,0
Stringing/Image_20240103143016659.jpg,Stringing,Stringing__20240103-142446,1,1
Stringing/Image_20240103143046658.jpg,Stringing,Stringing__20240103-142446,1,0
Stringing/Image_20240103143116660.jpg,Stringing,Stringing__20240103-142446,1,2
Stringing/Image_20240103143146679.jpg,Stringing,Stringing__20240103-142446,1,1
Stringing/Image_20240103143216625.jpg,Stringing,Stringing__20240103-142446,1,0
Stringing/Image_20240103143246631.jpg,Stringing,Stringing__20240103-142446,1,0
Stringing/Image_20240103143316640.jpg,Stringing,Stringing__20240103-142446,1,2
Stringing/Image_20240103143346655.jpg,Stringing,Stringing__20240103-142446,1,0
Stringing/Image_20240103143416647.jpg,Stringing,Stringing__20240103-142446,1,1
Stringing/Image_20240103143446655.jpg,Stringing,Stringing__20240103-142446,1,1
Stringing/Image_20240103143516675.jpg,Stringing,Stringing__20240103-142446,1,1
Stringing/Image_20240103143546628.jpg,Stringing,Stringing__20240103-142446,1,1
Stringing/Image_20240103143616624.jpg,Stringing,Stringing__20240103-142446,1,0
Stringing/Image_20240103143646635.jpg,Stringing,Stringing__20240103-142446,1,0
Stringing/Image_20240103143716641.jpg,Stringing,Stringing__20240103-142446,1,2
Stringing/Image_20240103143746641.jpg,Stringing,Stringing__20240103-142446,1,2
Stringing/Image_20240103143816654.jpg,Stringing,Stringing__20240103-142446,1,0
Stringing/Image_20240103143846668.jpg,Stringing,Stringing__20240103-142446,1,2
Stringing/Image_20240103143916661.jpg,Stringing,Stringing__20240103-142446,1,2
Stringing/Image_20240103143946626.jpg,Stringing,Stringing__20240103-142446,1,0
Stringing/Image_20240103144016665.jpg,Stringing,Stringing__20240103-142446,1,2
Stringing/Image_20240103144046642.jpg,Stringing,Stringing__20240103-142446,1,2
Stringing/Image_20240103144116636.jpg,Stringing,Stringing__20240103-142446,1,1
Stringing/Image_20240103144146655.jpg,Stringing,Stringing__20240103-142446,1,2
Stringing/Image_20240103144216649.jpg,Stringing,Stringing__20240103-142446,1,2
Stringing/Image_20240103174123177.jpg,Stringing,Stringing__20240103-174123,2,2
Stringing/Image_20240103174153174.jpg,Stringing,Stringing__20240103-174123,2,2
Stringing/Image_20240103174223192.jpg,Stringing,Stringing__20240103-174123,2,1
Stringing/Image_20240103174253142.jpg,Stringing,Stringing__20240103-174123,2,2
Stringing/Image_20240103174323150.jpg,Stringing,Stringing__20240103-174123,2,1
Stringing/Image_20240103174353158.jpg,Stringing,Stringing__20240103-174123,2,1
Stringing/Image_20240103174423191.jpg,Stringing,Stringing__20240103-174123,2,2
Stringing/Image_20240103174453175.jpg,Stringing,Stringing__20240103-174123,2,2
Stringing/Image_20240103174523141.jpg,Stringing,Stringing__20240103-174123,2,0
Stringing/Image_20240103174553185.jpg,Stringing,Stringing__20240103-174123,2,2
Stringing/Image_20240103174623156.jpg,Stringing,Stringing__20240103-174123,2,1
Stringing/Image_20240103174653187.jpg,Stringing,Stringing__20240103-174123,2,2
Stringing/Image_20240103174723166.jpg,Stringing,Stringing__20240103-174123,2,2
Stringing/Image_20240103174753198.jpg,Stringing,Stringing__20240103-174123,2,2
Stringing/Image_20240103174823172.jpg,Stringing,Stringing__20240103-174123,2,2
Stringing/Image_20240103174853138.jpg,Stringing,Stringing__20240103-174123,2,2
Stringing/Image_20240103174923178.jpg,Stringing,Stringing__20240103-174123,2,2
Stringing/Image_20240103174953155.jpg,Stringing,Stringing__20240103-174123,2,1
Stringing/Image_20240103175023188.jpg,Stringing,Stringing__20240103-174123,2,0
Stringing/Image_20240103175053157.jpg,Stringing,Stringing__20240103-174123,2,0
Stringing/Image_20240103175123190.jpg,Stringing,Stringing__20240103-174123,2,2
Stringing/Image_20240103175153169.jpg,Stringing,Stringing__20240103-174123,2,2
Stringing/Image_20240103175223149.jpg,Stringing,Stringing__20240103-174123,2,1
Stringing/Image_20240103175253171.jpg,Stringing,Stringing__20240103-174123,2,2
Stringing/Image_20240103175323155.jpg,Stringing,Stringing__20240103-174123,2,1
Stringing/Image_20240103175353189.jpg,Stringing,Stringing__20240103-174123,2,0
Stringing/Image_20240103175423155.jpg,Stringing,Stringing__20240103-174123,2,1
Stringing/Image_20240103175453140.jpg,Stringing,Stringing__20240103-174123,2,0
Stringing/Image_20240103175523172.jpg,Stringing,Stringing__20240103-174123,2,2
Stringing/Image_20240103175553200.jpg,Stringing,Stringing__20240103-174123,2,1
Stringing/Image_20240103175623171.jpg,Stringing,Stringing__20240103-174123,2,2
Stringing/Image_20240103175653155.jpg,Stringing,Stringing__20240103-174123,2,0
Stringing/Image_20240103175723178.jpg,Stringing,Stringing__20240103-174123,2,1
Stringing/Image_20240118112355139.jpg,Stringing,Stringing__20240118-112355,1,2
Stringing/Image_20240118112425147.jpg,Stringing,Stringing__20240118-112355,1,1
Stringing/Image_20240118112455156.jpg,Stringing,Stringing__20240118-112355,1,1
Stringing/Image_20240118112525155.jpg,Stringing,Stringing__20240118-112355,1,0
Stringing/Image_20240118112555161.jpg,Stringing,Stringing__20240118-112355,1,1
Stringing/Image_20240118112625174.jpg,Stringing,Stringing__20240118-112355,1,1
Stringing/Image_20240118112655177.jpg,Stringing,Stringing__20240118-112355,1,2
Stringing/Image_20240118112725177.jpg,Stringing,Stringing__20240118-112355,1,1
Stringing/Image_20240118112755144.jpg,Stringing,Stringing__20240118-112355,1,1
Stringing/Image_20240118112825140.jpg,Stringing,Stringing__20240118-112355,1,2
Stringing/Image_20240118112855153.jpg,Stringing,Stringing__20240118-112355,1,0
Stringing/Image_20240118112925157.jpg,Stringing,Stringing__20240118-112355,1,2
Stringing/Image_20240118112955159.jpg,Stringing,Stringing__20240118-112355,1,1
Stringing/Image_20240118113025171.jpg,Stringing,Stringing__20240118-112355,1,0
Stringing/Image_20240118113055180.jpg,Stringing,Stringing__20240118-112355,1,2
Stringing/Image_20240118113125184.jpg,Stringing,Stringing__20240118-112355,1,1
Stringing/Image_20240118113155144.jpg,Stringing,Stringing__20240118-112355,1,1
Stringing/Image_20240118113225144.jpg,Stringing,Stringing__20240118-112355,1,0
Stringing/Image_20240118113255140.jpg,Stringing,Stringing__20240118-112355,1,1
Stringing/Image_20240118113325155.jpg,Stringing,Stringing__20240118-112355,1,1
Stringing/Image_20240118113355164.jpg,Stringing,Stringing__20240118-112355,1,2
Stringing/Image_20240118113425161.jpg,Stringing,Stringing__20240118-112355,1,2
Stringing/Image_20240118113455167.jpg,Stringing,Stringing__20240118-112355,1,0
Stringing/Image_20240118113525179.jpg,Stringing,Stringing__20240118-112355,1,2
Stringing/Image_20240118113555183.jpg,Stringing,Stringing__20240118-112355,1,2
Stringing/Image_20240118113625145.jpg,Stringing,Stringing__20240118-112355,1,1
Stringing/Image_20240118113655150.jpg,Stringing,Stringing__20240118-112355,1,2
Stringing/Image_20240118113725151.jpg,Stringing,Stringing__20240118-112355,1,1
Stringing/Image_20240118113755154.jpg,Stringing,Stringing__20240118-112355,1,1
Stringing/Image_20240118113825158.jpg,Stringing,Stringing__20240118-112355,1,0
Stringing/Image_20240118113855172.jpg,Stringing,Stringing__20240118-112355,1,0
Stringing/Image_20240118113925182.jpg,Stringing,Stringing__20240118-112355,1,2
Stringing/Image_20240118113955188.jpg,Stringing,Stringing__20240118-112355,1,2
Stringing/Image_20240118114025139.jpg,Stringing,Stringing__20240118-112355,1,0
Stringing/Image_20240118114055149.jpg,Stringing,Stringing__20240118-112355,1,2
Stringing/Image_20240118114125153.jpg,Stringing,Stringing__20240118-112355,1,1
Stringing/Image_20240118114155153.jpg,Stringing,Stringing__20240118-112355,1,1
Stringing/Image_20240118114225176.jpg,Stringing,Stringing__20240118-112355,1,0
Stringing/Image_20240118114255169.jpg,Stringing,Stringing__20240118-112355,1,1
Stringing/Image_20240118114325170.jpg,Stringing,Stringing__20240118-112355,1,1
Stringing/Image_20240118114355142.jpg,Stringing,Stringing__20240118-112355,1,0
Stringing/Image_20240118114425141.jpg,Stringing,Stringing__20240118-112355,1,0
Stringing/Image_20240118114455145.jpg,Stringing,Stringing__20240118-112355,1,2
Stringing/Image_20240118114525147.jpg,Stringing,Stringing__20240118-112355,1,0
Stringing/Image_20240118114555159.jpg,Stringing,Stringing__20240118-112355,1,0
Stringing/Image_20240118114625164.jpg,Stringing,Stringing__20240118-112355,1,0
Stringing/Image_20240118114655159.jpg,Stringing,Stringing__20240118-112355,1,1
Stringing/Image_20240118121555170.jpg,Stringing,Stringing__20240118-121555,0,1
Stringing/Image_20240118121625171.jpg,Stringing,Stringing__20240118-121555,0,1
Stringing/Image_20240118121655182.jpg,Stringing,Stringing__20240118-121555,0,2
Stringing/Image_20240118121725180.jpg,Stringing,Stringing__20240118-121555,0,2
Stringing/Image_20240118121755194.jpg,Stringing,Stringing__20240118-121555,0,1
Stringing/Image_20240118121825145.jpg,Stringing,Stringing__20240118-121555,0,0
Stringing/Image_20240118121855146.jpg,Stringing,Stringing__20240118-121555,0,2
Stringing/Image_20240118121925160.jpg,Stringing,Stringing__20240118-121555,0,0
Stringing/Image_20240118121955169.jpg,Stringing,Stringing__20240118-121555,0,2
Stringing/Image_20240118122025171.jpg,Stringing,Stringing__20240118-121555,0,2
Stringing/Image_20240118122055183.jpg,Stringing,Stringing__20240118-121555,0,1
Stringing/Image_20240118122125190.jpg,Stringing,Stringing__20240118-121555,0,1
Stringing/Image_20240118122155139.jpg,Stringing,Stringing__20240118-121555,0,1
Stringing/Image_20240118122225200.jpg,Stringing,Stringing__20240118-121555,0,2
Stringing/Image_20240118122255155.jpg,Stringing,Stringing__20240118-121555,0,0
Stringing/Image_20240118122325157.jpg,Stringing,Stringing__20240118-121555,0,0
Stringing/Image_20240118122355163.jpg,Stringing,Stringing__20240118-121555,0,0
Stringing/Image_20240118122425174.jpg,Stringing,Stringing__20240118-121555,0,2
Stringing/Image_20240118122455175.jpg,Stringing,Stringing__20240118-121555,0,0
Stringing/Image_20240118122525187.jpg,Stringing,Stringing__20240118-121555,0,1
Stringing/Image_20240118122555194.jpg,Stringing,Stringing__20240118-121555,0,1
Stringing/Image_20240118122625143.jpg,Stringing,Stringing__20240118-121555,0,2
Stringing/Image_20240118122655145.jpg,Stringing,Stringing__20240118-121555,0,2
Stringing/Image_20240118122725150.jpg,Stringing,Stringing__20240118-121555,0,2
Stringing/Image_20240118122755158.jpg,Stringing,Stringing__20240118-121555,0,2
Stringing/Image_20240118122825159.jpg,Stringing,Stringing__20240118-121555,0,0
Stringing/Image_20240118122855180.jpg,Stringing,Stringing__20240118-121555,0,2
Stringing/Image_20240118122925173.jpg,Stringing,Stringing__20240118-121555,0,0
Stringing/Image_20240118122955181.jpg,Stringing,Stringing__20240118-121555,0,1
Stringing/Image_20240118123025140.jpg,Stringing,Stringing__20240118-121555,0,1
Stringing/Image_20240118123055142.jpg,Stringing,Stringing__20240118-121555,0,0
Stringing/Image_20240118123125152.jpg,Stringing,Stringing__20240118-121555,0,1
Stringing/Image_20240118123155166.jpg,Stringing,Stringing__20240118-121555,0,2
Stringing/Image_20240118123225163.jpg,Stringing,Stringing__20240118-121555,0,1
Stringing/Image_20240118123255164.jpg,Stringing,Stringing__20240118-121555,0,2
Stringing/Image_20240118123325173.jpg,Stringing,Stringing__20240118-121555,0,0
Stringing/Image_20240118123355180.jpg,Stringing,Stringing__20240118-121555,0,2
Stringing/Image_20240118123425186.jpg,Stringing,Stringing__20240118-121555,0,1
Stringing/Image_20240118123455148.jpg,Stringing,Stringing__20240118-121555,0,1
Stringing/Image_20240118123525149.jpg,Stringing,Stringing__20240118-121555,0,1
Stringing/Image_20240118123555148.jpg,Stringing,Stringing__20240118-121555,0,1
Stringing/Image_20240118123625157.jpg,Stringing,Stringing__20240118-121555,0,2
Stringing/Image_20240118123655162.jpg,Stringing,Stringing__20240118-121555,0,2
Stringing/Image_20240118123725181.jpg,Stringing,Stringing__20240118-121555,0,1
Stringing/Image_20240118123755188.jpg,Stringing,Stringing__20240118-121555,0,1
Stringing/Image_20240118123825189.jpg,Stringing,Stringing__20240118-121555,0,0
Stringing/Image_20240118123855143.jpg,Stringing,Stringing__20240118-121555,0,0
Stringing/Image_20240118123925142.jpg,Stringing,Stringing__20240118-121555,0,0
Stringing/Image_20240118123955150.jpg,Stringing,Stringing__20240118-121555,0,0
Stringing/Image_20240118124025157.jpg,Stringing,Stringing__20240118-121555,0,2
Stringing/Image_20240118124055173.jpg,Stringing,Stringing__20240118-121555,0,1
Stringing/Image_20240118124125166.jpg,Stringing,Stringing__20240118-121555,0,0
Stringing/Image_20240118124155185.jpg,Stringing,Stringing__20240118-121555,0,1
Stringing/Image_20240118124225189.jpg,Stringing,Stringing__20240118-121555,0,1
Stringing/Image_20240118124255140.jpg,Stringing,Stringing__20240118-121555,0,0
Stringing/Image_20240118124325140.jpg,Stringing,Stringing__20240118-121555,0,0
Stringing/Image_20240118124355150.jpg,Stringing,Stringing__20240118-121555,0,0
Stringing/Image_20240118124425156.jpg,Stringing,Stringing__20240118-121555,0,2
Stringing/Image_20240118124455169.jpg,Stringing,Stringing__20240118-121555,0,2
Stringing/Image_20240118124525171.jpg,Stringing,Stringing__20240118-121555,0,2
Stringing/Image_20240118124555173.jpg,Stringing,Stringing__20240118-121555,0,0
Stringing/Image_20240118124625185.jpg,Stringing,Stringing__20240118-121555,0,2
Stringing/Image_20240118124655186.jpg,Stringing,Stringing__20240118-121555,0,2
Stringing/Image_20240118124725151.jpg,Stringing,Stringing__20240118-121555,0,0
Stringing/Image_20240118124755146.jpg,Stringing,Stringing__20240118-121555,0,1
Stringing/Image_20240118124825162.jpg,Stringing,Stringing__20240118-121555,0,0
Stringing/Image_20240118124855157.jpg,Stringing,Stringing__20240118-121555,0,1
Stringing/Image_20240118124925167.jpg,Stringing,Stringing__20240118-121555,0,0
Stringing/Image_20240118124955179.jpg,Stringing,Stringing__20240118-121555,0,1
Stringing/Image_20240118125025183.jpg,Stringing,Stringing__20240118-121555,0,2
Stringing/Image_20240118125055186.jpg,Stringing,Stringing__20240118-121555,0,1
Stringing/Image_20240118125125198.jpg,Stringing,Stringing__20240118-121555,0,2
Stringing/Image_20240118125155142.jpg,Stringing,Stringing__20240118-121555,0,1
Stringing/Image_20240118125225155.jpg,Stringing,Stringing__20240118-121555,0,0
Stringing/Image_20240118125255155.jpg,Stringing,Stringing__20240118-121555,0,2
Stringing/Image_20240118125325172.jpg,Stringing,Stringing__20240118-121555,0,1
Stringing/Image_20240118125355170.jpg,Stringing,Stringing__20240118-121555,0,2
Stringing/Image_20240118125425180.jpg,Stringing,Stringing__20240118-121555,0,1
Stringing/Image_20240118125455181.jpg,Stringing,Stringing__20240118-121555,0,1
Stringing/Image_20240118125525143.jpg,Stringing,Stringing__20240118-121555,0,1
Stringing/Image_20240118125555140.jpg,Stringing,Stringing__20240118-121555,0,0
Stringing/Image_20240118125625154.jpg,Stringing,Stringing__20240118-121555,0,1
Stringing/Image_20240118125655151.jpg,Stringing,Stringing__20240118-121555,0,0
Stringing/Image_20240118125725166.jpg,Stringing,Stringing__20240118-121555,0,1
Stringing/Image_20240118125755172.jpg,Stringing,Stringing__20240118-121555,0,1
Stringing/Image_20240118125825185.jpg,Stringing,Stringing__20240118-121555,0,0
Stringing/Image_20240118125855185.jpg,Stringing,Stringing__20240118-121555,0,0
Stringing/Image_20240118125925186.jpg,Stringing,Stringing__20240118-121555,0,2
Stringing/Image_20240118131955140.jpg,Stringing,Stringing__20240118-131955,2,0
Stringing/Image_20240118132025148.jpg,Stringing,Stringing__20240118-131955,2,1
Stringing/Image_20240118132055154.jpg,Stringing,Stringing__20240118-131955,2,2
Stringing/Image_20240118132125154.jpg,Stringing,Stringing__20240118-131955,2,2
Stringing/Image_20240118132155161.jpg,Stringing,Stringing__20240118-131955,2,0
Stringing/Image_20240118132225174.jpg,Stringing,Stringing__20240118-131955,2,2
Stringing/Image_20240118132255177.jpg,Stringing,Stringing__20240118-131955,2,2
Stringing/Image_20240118132325176.jpg,Stringing,Stringing__20240118-131955,2,0
Stringing/Image_20240118132355188.jpg,Stringing,Stringing__20240118-131955,2,2
Stringing/Image_20240118132425140.jpg,Stringing,Stringing__20240118-131955,2,1
Stringing/Image_20240118132455148.jpg,Stringing,Stringing__20240118-131955,2,0
Stringing/Image_20240118132525151.jpg,Stringing,Stringing__20240118-131955,2,1
Stringing/Image_20240118132555157.jpg,Stringing,Stringing__20240118-131955,2,2
Stringing/Image_20240118132625157.jpg,Stringing,Stringing__20240118-131955,2,1
Stringing/Image_20240118132655172.jpg,Stringing,Stringing__20240118-131955,2,1
Stringing/Image_20240118132725173.jpg,Stringing,Stringing__20240118-131955,2,2
Stringing/Image_20240118132755183.jpg,Stringing,Stringing__20240118-131955,2,1
Stringing/Image_20240118132825195.jpg,Stringing,Stringing__20240118-131955,2,1
Stringing/Image_20240118132855200.jpg,Stringing,Stringing__20240118-131955,2,0
Stringing/Image_20240118132925142.jpg,Stringing,Stringing__20240118-131955,2,0
Stringing/Image_20240118132955159.jpg,Stringing,Stringing__20240118-131955,2,1
Stringing/Image_20240118133025164.jpg,Stringing,Stringing__20240118-131955,2,1
Stringing/Image_20240118133055167.jpg,Stringing,Stringing__20240118-131955,2,0
Stringing/Image_20240118133125176.jpg,Stringing,Stringing__20240118-131955,2,1
Stringing/Image_20240118133155177.jpg,Stringing,Stringing__20240118-131955,2,0
Stringing/Image_20240118133225192.jpg,Stringing,Stringing__20240118-131955,2,2
Stringing/Image_20240118133255197.jpg,Stringing,Stringing__20240118-131955,2,2
Stringing/Image_20240118133325143.jpg,Stringing,Stringing__20240118-131955,2,0
Stringing/Image_20240118133355149.jpg,Stringing,Stringing__20240118-131955,2,0
Stringing/Image_20240118133425166.jpg,Stringing,Stringing__20240118-131955,2,1
Stringing/Image_20240118133455162.jpg,Stringing,Stringing__20240118-131955,2,2
Stringing/Image_20240118133525167.jpg,Stringing,Stringing__20240118-131955,2,1
Stringing/Image_20240118133555187.jpg,Stringing,Stringing__20240118-131955,2,0
Stringing/Image_20240118133625189.jpg,Stringing,Stringing__20240118-131955,2,1
Stringing/Image_20240118133655143.jpg,Stringing,Stringing__20240118-131955,2,0
Stringing/Image_20240118133725143.jpg,Stringing,Stringing__20240118-131955,2,2
Stringing/Image_20240118133755147.jpg,Stringing,Stringing__20240118-131955,2,1
Stringing/Image_20240118133825164.jpg,Stringing,Stringing__20240118-131955,2,2
Stringing/Image_20240118133855158.jpg,Stringing,Stringing__20240118-131955,2,0
Stringing/Image_20240118133925174.jpg,Stringing,Stringing__20240118-131955,2,0
Stringing/Image_20240118133955175.jpg,Stringing,Stringing__20240118-131955,2,2
Stringing/Image_20240118134025184.jpg,Stringing,Stringing__20240118-131955,2,1
Stringing/Image_20240118134055144.jpg,Stringing,Stringing__20240118-131955,2,1
Stringing/Image_20240118134125143.jpg,Stringing,Stringing__20240118-131955,2,1
Stringing/Image_20240118134155145.jpg,Stringing,Stringing__20240118-131955,2,0
Stringing/Image_20240118134225154.jpg,Stringing,Stringing__20240118-131955,2,2
Stringing/Image_20240118134255159.jpg,Stringing,Stringing__20240118-131955,2,2
Stringing/Image_20240118134325176.jpg,Stringing,Stringing__20240118-131955,2,2
Stringing/Image_20240118134355173.jpg,Stringing,Stringing__20240118-131955,2,0
Stringing/Image_20240118134425183.jpg,Stringing,Stringing__20240118-131955,2,1
Stringing/Image_20240118134455191.jpg,Stringing,Stringing__20240118-131955,2,2
Stringing/Image_20240118134525142.jpg,Stringing,Stringing__20240118-131955,2,1
Stringing/Image_20240118134555145.jpg,Stringing,Stringing__20240118-131955,2,0
Stringing/Image_20240118134625148.jpg,Stringing,Stringing__20240118-131955,2,2
Stringing/Image_20240118134655159.jpg,Stringing,Stringing__20240118-131955,2,0
Stringing/Image_20240118134725165.jpg,Stringing,Stringing__20240118-131955,2,0
Stringing/Image_20240118134755170.jpg,Stringing,Stringing__20240118-131955,2,2
Stringing/Image_20240118134825183.jpg,Stringing,Stringing__20240118-131955,2,1
Stringing/Image_20240118134855194.jpg,Stringing,Stringing__20240118-131955,2,1
Stringing/Image_20240118134925197.jpg,Stringing,Stringing__20240118-131955,2,2
Stringing/Image_20240124200356871.jpg,Stringing,Stringing__20240124-200356,0,0
Stringing/Image_20240124200426878.jpg,Stringing,Stringing__20240124-200356,0,0
Stringing/Image_20240124200456876.jpg,Stringing,Stringing__20240124-200356,0,2
Stringing/Image_20240124200526889.jpg,Stringing,Stringing__20240124-200356,0,2
Stringing/Image_20240124200556896.jpg,Stringing,Stringing__20240124-200356,0,0
Stringing/Image_20240124200626896.jpg,Stringing,Stringing__20240124-200356,0,2
Stringing/Image_20240124200656914.jpg,Stringing,Stringing__20240124-200356,0,0
Stringing/Image_20240124200726866.jpg,Stringing,Stringing__20240124-200356,0,2
Stringing/Image_20240124200756869.jpg,Stringing,Stringing__20240124-200356,0,1
Stringing/Image_20240124200826873.jpg,Stringing,Stringing__20240124-200356,0,2
Stringing/Image_20240124200856884.jpg,Stringing,Stringing__20240124-200356,0,2
Stringing/Image_20240124200926881.jpg,Stringing,Stringing__20240124-200356,0,0
Stringing/Image_20240124200956888.jpg,Stringing,Stringing__20240124-200356,0,2
Stringing/Image_20240124201026899.jpg,Stringing,Stringing__20240124-200356,0,1
Stringing/Image_20240124201056860.jpg,Stringing,Stringing__20240124-200356,0,2
Stringing/Image_20240124201126867.jpg,Stringing,Stringing__20240124-200356,0,0
Stringing/Image_20240124201156871.jpg,Stringing,Stringing__20240124-200356,0,1
Stringing/Image_20240124201226875.jpg,Stringing,Stringing__20240124-200356,0,1
Stringing/Image_20240124201256875.jpg,Stringing,Stringing__20240124-200356,0,2
Stringing/Image_20240124201326885.jpg,Stringing,Stringing__20240124-200356,0,1
Stringing/Image_20240124201356899.jpg,Stringing,Stringing__20240124-200356,0,1
Stringing/Image_20240124201426897.jpg,Stringing,Stringing__20240124-200356,0,2
Stringing/Image_20240124201456913.jpg,Stringing,Stringing__20240124-200356,0,1
Stringing/Image_20240124201526858.jpg,Stringing,Stringing__20240124-200356,0,1
Stringing/Image_20240124201556864.jpg,Stringing,Stringing__20240124-200356,0,0
Stringing/Image_20240124201626869.jpg,Stringing,Stringing__20240124-200356,0,1
Stringing/Image_20240124201656877.jpg,Stringing,Stringing__20240124-200356,0,0
Stringing/Image_20240124201726886.jpg,Stringing,Stringing__20240124-200356,0,0
Stringing/Image_20240124201756887.jpg,Stringing,Stringing__20240124-200356,0,2
Stringing/Image_20240124201826894.jpg,Stringing,Stringing__20240124-200356,0,1
Stringing/Image_20240124201856903.jpg,Stringing,Stringing__20240124-200356,0,1
Stringing/Image_20240124201926859.jpg,Stringing,Stringing__20240124-200356,0,1
Stringing/Image_20240124201956867.jpg,Stringing,Stringing__20240124-200356,0,0
Stringing/Image_20240124202026874.jpg,Stringing,Stringing__20240124-200356,0,1
Stringing/Image_20240124202056878.jpg,Stringing,Stringing__20240124-200356,0,0
Stringing/Image_20240124202126881.jpg,Stringing,Stringing__20240124-200356,0,1
Stringing/Image_20240124202156894.jpg,Stringing,Stringing__20240124-200356,0,1
Stringing/Image_20240124202226898.jpg,Stringing,Stringing__20240124-200356,0,2
Stringing/Image_20240124202256913.jpg,Stringing,Stringing__20240124-200356,0,1
Warping/Image_20231228112532914.jpg,Warping,Warping__20231228-112532,1,2
Warping/Image_20231228115202886.jpg,Warping,Warping__20231228-115202,0,0
Warping/Image_20231228115232890.jpg,Warping,Warping__20231228-115202,0,0
Warping/Image_20231228115302905.jpg,Warping,Warping__20231228-115202,0,2
Warping/Image_20231228115332911.jpg,Warping,Warping__20231228-115202,0,1
Warping/Image_20231228115402857.jpg,Warping,Warping__20231228-115202,0,1
Warping/Image_20231228115432861.jpg,Warping,Warping__20231228-115202,0,1
Warping/Image_20231228115502875.jpg,Warping,Warping__20231228-115202,0,1
Warping/Image_20231228115532885.jpg,Warping,Warping__20231228-115202,0,0
Warping/Image_20231228115602879.jpg,Warping,Warping__20231228-115202,0,0
Warping/Image_20231228143327496.jpg,Warping,Warping__20231228-143327,2,0
Warping/Image_20231228143357510.jpg,Warping,Warping__20231228-143327,2,0
Warping/Image_20231228143427453.jpg,Warping,Warping__20231228-143327,2,2
Warping/Image_20231228143457455.jpg,Warping,Warping__20231228-143327,2,1
Warping/Image_20231228143527471.jpg,Warping,Warping__20231228-143327,2,0
Warping/Image_20231228143557480.jpg,Warping,Warping__20231228-143327,2,1
Warping/Image_20231228143627477.jpg,Warping,Warping__20231228-143327,2,0
Warping/Image_20231228143657493.jpg,Warping,Warping__20231228-143327,2,1
Warping/Image_20231228143727491.jpg,Warping,Warping__20231228-143327,2,0
Warping/Image_20231228143757450.jpg,Warping,Warping__20231228-143327,2,2
Warping/Image_20231228143827459.jpg,Warping,Warping__20231228-143327,2,0
Warping/Image_20231228143857457.jpg,Warping,Warping__20231228-143327,2,2
Warping/Image_20231228143927490.jpg,Warping,Warping__20231228-143327,2,1
Warping/Image_20231228143957484.jpg,Warping,Warping__20231228-143327,2,2
Warping/Image_20231228144027476.jpg,Warping,Warping__20231228-143327,2,1
Warping/Image_20231228144057492.jpg,Warping,Warping__20231228-143327,2,2
Warping/Image_20231228144127450.jpg,Warping,Warping__20231228-143327,2,2
Warping/Image_20231228144157453.jpg,Warping,Warping__20231228-143327,2,2
Warping/Image_20231228144227460.jpg,Warping,Warping__20231228-143327,2,1
Warping/Image_20231228144257469.jpg,Warping,Warping__20231228-143327,2,2
Warping/Image_20231228144327477.jpg,Warping,Warping__20231228-143327,2,1
Warping/Image_20231228144357482.jpg,Warping,Warping__20231228-143327,2,1
Warping/Image_20231228144427493.jpg,Warping,Warping__20231228-143327,2,0
Warping/Image_20231228144457499.jpg,Warping,Warping__20231228-143327,2,1
Warping/Image_20231228144527494.jpg,Warping,Warping__20231228-143327,2,2
Warping/Image_20231228144557455.jpg,Warping,Warping__20231228-143327,2,0
Warping/Image_20231228144627462.jpg,Warping,Warping__20231228-143327,2,0
Warping/Image_20231228144657462.jpg,Warping,Warping__20231228-143327,2,0
Warping/Image_20231228144727466.jpg,Warping,Warping__20231228-143327,2,1
Warping/Image_20231228144757475.jpg,Warping,Warping__20231228-143327,2,0
Warping/Image_20231228144827478.jpg,Warping,Warping__20231228-143327,2,0
Warping/Image_20231228144857492.jpg,Warping,Warping__20231228-143327,2,0
Warping/Image_20231228144927494.jpg,Warping,Warping__20231228-143327,2,2
Warping/Image_20231228144957452.jpg,Warping,Warping__20231228-143327,2,1
Warping/Image_20231228145027458.jpg,Warping,Warping__20231228-143327,2,2
Warping/Image_20231228145057469.jpg,Warping,Warping__20231228-143327,2,1
Warping/Image_20231228145127479.jpg,Warping,Warping__20231228-143327,2,0
Warping/Image_20231228145157476.jpg,Warping,Warping__20231228-143327,2,1
Warping/Image_20231228145227484.jpg,Warping,Warping__20231228-143327,2,0
Warping/Image_20231228145257493.jpg,Warping,Warping__20231228-143327,2,0
Warping/Image_20231228145327504.jpg,Warping,Warping__20231228-143327,2,1
Warping/Image_20231228145357509.jpg,Warping,Warping__20231228-143327,2,0
Warping/Image_20231228145427485.jpg,Warping,Warping__20231228-143327,2,0
Warping/Image_20231228145457469.jpg,Warping,Warping__20231228-143327,2,2
Warping/Image_20231228145527471.jpg,Warping,Warping__20231228-143327,2,2
Warping/Image_20231228145557476.jpg,Warping,Warping__20231228-143327,2,1
Warping/Image_20231228145627488.jpg,Warping,Warping__20231228-143327,2,2
Warping/Image_20231228145657495.jpg,Warping,Warping__20231228-143327,2,2
Warping/Image_20231228145727452.jpg,Warping,Warping__20231228-143327,2,2
Warping/Image_20231228145757511.jpg,Warping,Warping__20231228-143327,2,0
Warping/Image_20231228145827464.jpg,Warping,Warping__20231228-143327,2,0
Warping/Image_20231228145857460.jpg,Warping,Warping__20231228-143327,2,2
Warping/Image_20231228145927473.jpg,Warping,Warping__20231228-143327,2,1
Warping/Image_20231228145957483.jpg,Warping,Warping__20231228-143327,2,0
Warping/Image_20231228150027485.jpg,Warping,Warping__20231228-143327,2,0
Warping/Image_20231228150057490.jpg,Warping,Warping__20231228-143327,2,0
Warping/Image_20231228150127507.jpg,Warping,Warping__20231228-143327,2,0
Warping/Image_20231228150157510.jpg,Warping,Warping__20231228-143327,2,2
Warping/Image_20231228150227464.jpg,Warping,Warping__20231228-143327,2,1
Warping/Image_20231228150257470.jpg,Warping,Warping__20231228-143327,2,1
Warping/Image_20231228150327470.jpg,Warping,Warping__20231228-143327,2,0
Warping/Image_20231228150357474.jpg,Warping,Warping__20231228-143327,2,2
Warping/Image_20231228150427493.jpg,Warping,Warping__20231228-143327,2,0
Warping/Image_20231228150457493.jpg,Warping,Warping__20231228-143327,2,2
Warping/Image_20231228150527453.jpg,Warping,Warping__20231228-143327,2,1
Warping/Image_20231228150557453.jpg,Warping,Warping__20231228-143327,2,1
Warping/Image_20231228150627462.jpg,Warping,Warping__20231228-143327,2,1
Warping/Image_20231228150657468.jpg,Warping,Warping__20231228-143327,2,1
Warping/Image_20231228154127450.jpg,Warping,Warping__20231228-154127,0,0
Warping/Image_20231228154157459.jpg,Warping,Warping__20231228-154127,0,0
Warping/Image_20231228154227470.jpg,Warping,Warping__20231228-154127,0,2
Warping/Image_20231228154257470.jpg,Warping,Warping__20231228-154127,0,1
Warping/Image_20231228154327472.jpg,Warping,Warping__20231228-154127,0,1
Warping/Image_20231228154357486.jpg,Warping,Warping__20231228-154127,0,2
Warping/Image_20231228154427493.jpg,Warping,Warping__20231228-154127,0,1
Warping/Image_20231228154457490.jpg,Warping,Warping__20231228-154127,0,0
Warping/Image_20231228154527454.jpg,Warping,Warping__20231228-154127,0,1
Warping/Image_20231228154557455.jpg,Warping,Warping__20231228-154127,0,1
Warping/Image_20231228154627461.jpg,Warping,Warping__20231228-154127,0,0
Warping/Image_20231228154657473.jpg,Warping,Warping__20231228-154127,0,2
Warping/Image_20231228154727469.jpg,Warping,Warping__20231228-154127,0,0
Warping/Image_20231228154757486.jpg,Warping,Warping__20231228-154127,0,1
Warping/Image_20231228154827493.jpg,Warping,Warping__20231228-154127,0,0
Warping/Image_20231228154857450.jpg,Warping,Warping__20231228-154127,0,1
Warping/Image_20231228154927509.jpg,Warping,Warping__20231228-154127,0,2
Warping/Image_20231228154957452.jpg,Warping,Warping__20231228-154127,0,1
Warping/Image_20231228155027470.jpg,Warping,Warping__20231228-154127,0,2
Warping/Image_20231228155057476.jpg,Warping,Warping__20231228-154127,0,0
Warping/Image_20231228155127480.jpg,Warping,Warping__20231228-154127,0,0
Warping/Image_20231228155157477.jpg,Warping,Warping__20231228-154127,0,2
Warping/Image_20231228155227495.jpg,Warping,Warping__20231228-154127,0,1
Warping/Image_20231228155257496.jpg,Warping,Warping__20231228-154127,0,0
Warping/Image_20231228155327451.jpg,Warping,Warping__20231228-154127,0,1
Warping/Image_20231228155357459.jpg,Warping,Warping__20231228-154127,0,1
Warping/Image_20231228155427462.jpg,Warping,Warping__20231228-154127,0,2
Warping/Image_20231228155457466.jpg,Warping,Warping__20231228-154127,0,0
Warping/Image_20231228155527486.jpg,Warping,Warping__20231228-154127,0,1
Warping/Image_20231228155557481.jpg,Warping,Warping__20231228-154127,0,2
Warping/Image_20231228155627488.jpg,Warping,Warping__20231228-154127,0,0
Warping/Image_20231228155657493.jpg,Warping,Warping__20231228-154127,0,1
Warping/Image_20231228155727507.jpg,Warping,Warping__20231228-154127,0,2
Warping/Image_20231228155757454.jpg,Warping,Warping__20231228-154127,0,2
Warping/Image_20231228155827459.jpg,Warping,Warping__20231228-154127,0,2
Warping/Image_20231228155857471.jpg,Warping,Warping__20231228-154127,0,0
Warping/Image_20231228155927476.jpg,Warping,Warping__20231228-154127,0,2
Warping/Image_20231228155957492.jpg,Warping,Warping__20231228-154127,0,0
Warping/Image_20231228160027490.jpg,Warping,Warping__20231228-154127,0,2
Warping/Image_20231228160057450.jpg,Warping,Warping__20231228-154127,0,0
Warping/Image_20231228160127455.jpg,Warping,Warping__20231228-154127,0,0
Warping/Image_20231228160157458.jpg,Warping,Warping__20231228-154127,0,1
Warping/Image_20231228160227471.jpg,Warping,Warping__20231228-154127,0,0
Warping/Image_20231228160257482.jpg,Warping,Warping__20231228-154127,0,1
Warping/Image_20231228160327484.jpg,Warping,Warping__20231228-154127,0,1
Warping/Image_20231228160357492.jpg,Warping,Warping__20231228-154127,0,2
Warping/Image_20231228160427494.jpg,Warping,Warping__20231228-154127,0,2
Warping/Image_20231228160457494.jpg,Warping,Warping__20231228-154127,0,1
Warping/Image_20231228160527452.jpg,Warping,Warping__20231228-154127,0,2
Warping/Image_20231228160557467.jpg,Warping,Warping__20231228-154127,0,1
Warping/Image_20231228160627460.jpg,Warping,Warping__20231228-154127,0,2
Warping/Image_20231228160657477.jpg,Warping,Warping__20231228-154127,0,1
Warping/Image_20231228160727489.jpg,Warping,Warping__20231228-154127,0,2
Warping/Image_20231228160757487.jpg,Warping,Warping__20231228-154127,0,1
Warping/Image_20231228160827488.jpg,Warping,Warping__20231228-154127,0,1
Warping/Image_20231228160857495.jpg,Warping,Warping__20231228-154127,0,0
Warping/Image_20231228160927511.jpg,Warping,Warping__20231228-154127,0,0
Warping/Image_20231228160957465.jpg,Warping,Warping__20231228-154127,0,2
Warping/Image_20231228161027474.jpg,Warping,Warping__20231228-154127,0,1
Warping/Image_20231228161057478.jpg,Warping,Warping__20231228-154127,0,2
Warping/Image_20231228161127491.jpg,Warping,Warping__20231228-154127,0,2
Warping/Image_20231228161157487.jpg,Warping,Warping__20231228-154127,0,0
Warping/Image_20231228161227490.jpg,Warping,Warping__20231228-154127,0,1
Warping/Image_20231228161257455.jpg,Warping,Warping__20231228-154127,0,1
Warping/Image_20231228161327450.jpg,Warping,Warping__20231228-154127,0,1
Warping/Image_20231228161357461.jpg,Warping,Warping__20231228-154127,0,1
Warping/Image_20231228161427467.jpg,Warping,Warping__20231228-154127,0,1
Warping/Image_20231228161457470.jpg,Warping,Warping__20231228-154127,0,0
Warping/Image_20231228161527486.jpg,Warping,Warping__20231228-154127,0,2
Warping/Image_20231228161557491.jpg,Warping,Warping__20231228-154127,0,2
Warping/Image_20231228161627451.jpg,Warping,Warping__20231228-154127,0,0
Warping/Image_20231228161657452.jpg,Warping,Warping__20231228-154127,0,0
Warping/Image_20231228161727456.jpg,Warping,Warping__20231228-154127,0,2
Warping/Image_20231228161757469.jpg,Warping,Warping__20231228-154127,0,2
Warping/Image_20231228161827473.jpg,Warping,Warping__20231228-154127,0,2
Warping/Image_20240102142950103.jpg,Warping,Warping__20240102-142950,1,0
Warping/Image_20240102143020124.jpg,Warping,Warping__20240102-142950,1,1
Warping/Image_20240102143050125.jpg,Warping,Warping__20240102-142950,1,0
Warping/Image_20240102143120122.jpg,Warping,Warping__20240102-142950,1,0
Warping/Image_20240102143150140.jpg,Warping,Warping__20240102-142950,1,0
Warping/Image_20240102143220142.jpg,Warping,Warping__20240102-142950,1,0
Warping/Image_20240102143250096.jpg,Warping,Warping__20240102-142950,1,0
Warping/Image_20240102143320093.jpg,Warping,Warping__20240102-142950,1,2
Warping/Image_20240102143350112.jpg,Warping,Warping__20240102-142950,1,0
Warping/Image_20240102143420112.jpg,Warping,Warping__20240102-142950,1,2
Warping/Image_20240102143450116.jpg,Warping,Warping__20240102-142950,1,0
Warping/Image_20240102143520121.jpg,Warping,Warping__20240102-142950,1,0
Warping/Image_20240102143550132.jpg,Warping,Warping__20240102-142950,1,2
Warping/Image_20240102143620087.jpg,Warping,Warping__20240102-142950,1,2
Warping/Image_20240102143650089.jpg,Warping,Warping__20240102-142950,1,1
Warping/Image_20240102143720096.jpg,Warping,Warping__20240102-142950,1,0
Warping/Image_20240102143750108.jpg,Warping,Warping__20240102-142950,1,0
Warping/Image_20240102143820106.jpg,Warping,Warping__20240102-142950,1,1
Warping/Image_20240102143850121.jpg,Warping,Warping__20240102-142950,1,1
Warping/Image_20240102143920123.jpg,Warping,Warping__20240102-142950,1,0
Warping/Image_20240102143950133.jpg,Warping,Warping__20240102-142950,1,1
Warping/Image_20240102150850090.jpg,Warping,Warping__20240102-150850,1,0
Warping/Image_20240102150950097.jpg,Warping,Warping__20240102-150850,1,1
Warping/Image_20240102151020107.jpg,Warping,Warping__20240102-150850,1,1
Warping/Image_20240102151050120.jpg,Warping,Warping__20240102-150850,1,0
Warping/Image_20240102151120119.jpg,Warping,Warping__20240102-150850,1,1
Warping/Image_20240102151150126.jpg,Warping,Warping__20240102-150850,1,0
Warping/Image_20240102151220130.jpg,Warping,Warping__20240102-150850,1,0
Warping/Image_20240102151250143.jpg,Warping,Warping__20240102-150850,1,0
Warping/Image_20240102151320149.jpg,Warping,Warping__20240102-150850,1,1
Warping/Image_20240102151350096.jpg,Warping,Warping__20240102-150850,1,0
Warping/Image_20240102151420101.jpg,Warping,Warping__20240102-150850,1,1
Warping/Image_20240102151450119.jpg,Warping,Warping__20240102-150850,1,2
Warping/Image_20240102151520114.jpg,Warping,Warping__20240102-150850,1,0
Warping/Image_20240102151550126.jpg,Warping,Warping__20240102-150850,1,2
Warping/Image_20240102151620132.jpg,Warping,Warping__20240102-150850,1,2
Warping/Image_20240102151650144.jpg,Warping,Warping__20240102-150850,1,0
Warping/Image_20240102151720088.jpg,Warping,Warping__20240102-150850,1,1
Warping/Image_20240102151750101.jpg,Warping,Warping__20240102-150850,1,1
Warping/Image_20240102151820107.jpg,Warping,Warping__20240102-150850,1,0
Warping/Image_20240102151850108.jpg,Warping,Warping__20240102-150850,1,2
Warping/Image_20240102151920125.jpg,Warping,Warping__20240102-150850,1,0
Warping/Image_20240102151950123.jpg,Warping,Warping__20240102-150850,1,0
Warping/Image_20240102152020133.jpg,Warping,Warping__20240102-150850,1,2
Warping/Image_20240102152050144.jpg,Warping,Warping__20240102-150850,1,1
Warping/Image_20240102152120090.jpg,Warping,Warping__20240102-150850,1,2
Warping/Image_20240102152150103.jpg,Warping,Warping__20240102-150850,1,1
Warping/Image_20240102152220099.jpg,Warping,Warping__20240102-150850,1,2
Warping/Image_20240102152250113.jpg,Warping,Warping__20240102-150850,1,2
Warping/Image_20240102152320121.jpg,Warping,Warping__20240102-150850,1,1
Warping/Image_20240102152350129.jpg,Warping,Warping__20240102-150850,1,0
Warping/Image_20240102152420128.jpg,Warping,Warping__20240102-150850,1,0
Warping/Image_20240102152450144.jpg,Warping,Warping__20240102-150850,1,1
Warping/Image_20240102152520091.jpg,Warping,Warping__20240102-150850,1,0
Warping/Image_20240102152550104.jpg,Warping,Warping__20240102-150850,1,0
Warping/Image_20240102152620097.jpg,Warping,Warping__20240102-150850,1,2
Warping/Image_20240102152650112.jpg,Warping,Warping__20240102-150850,1,0
Warping/Image_20240102152720110.jpg,Warping,Warping__20240102-150850,1,1
Warping/Image_20240102152750123.jpg,Warping,Warping__20240102-150850,1,2
Warping/Image_20240102152820138.jpg,Warping,Warping__20240102-150850,1,0
Warping/Image_20240102152850087.jpg,Warping,Warping__20240102-150850,1,1
Warping/Image_20240102152920093.jpg,Warping,Warping__20240102-150850,1,2
Warping/Image_20240102152950096.jpg,Warping,Warping__20240102-150850,1,1
Warping/Image_20240102153020105.jpg,Warping,Warping__20240102-150850,1,2
Warping/Image_20240102153050108.jpg,Warping,Warping__20240102-150850,1,2
Warping/Image_20240102153120110.jpg,Warping,Warping__20240102-150850,1,2
Warping/Image_20240102153150124.jpg,Warping,Warping__20240102-150850,1,0
Warping/Image_20240102153220123.jpg,Warping,Warping__20240102-150850,1,0
Warping/Image_20240102153250140.jpg,Warping,Warping__20240102-150850,1,2
Warping/Image_20240102155550123.jpg,Warping,Warping__20240102-155550,1,0
Warping/Image_20240102155620130.jpg,Warping,Warping__20240102-155550,1,1
Warping/Image_20240102155650132.jpg,Warping,Warping__20240102-155550,1,2
Warping/Image_20240102155720089.jpg,Warping,Warping__20240102-155550,1,1
Warping/Image_20240102155750086.jpg,Warping,Warping__20240102-155550,1,1
Warping/Image_20240102155820100.jpg,Warping,Warping__20240102-155550,1,2
Warping/Image_20240102155850108.jpg,Warping,Warping__20240102-155550,1,0
Warping/Image_20240102155920116.jpg,Warping,Warping__20240102-155550,1,2
Warping/Image_20240102155950112.jpg,Warping,Warping__20240102-155550,1,1
Warping/Image_20240102160020131.jpg,Warping,Warping__20240102-155550,1,1
Warping/Image_20240102160050131.jpg,Warping,Warping__20240102-155550,1,2
Warping/Image_20240102160120092.jpg,Warping,Warping__20240102-155550,1,2
Warping/Image_20240102160150091.jpg,Warping,Warping__20240102-155550,1,2
Warping/Image_20240102160220093.jpg,Warping,Warping__20240102-155550,1,1
Warping/Image_20240102160250099.jpg,Warping,Warping__20240102-155550,1,1
Warping/Image_20240102160320106.jpg,Warping,Warping__20240102-155550,1,0
Warping/Image_20240102160350123.jpg,Warping,Warping__20240102-155550,1,1
Warping/Image_20240102160420121.jpg,Warping,Warping__20240102-155550,1,1
Warping/Image_20240102160450135.jpg,Warping,Warping__20240102-155550,1,0
Warping/Image_20240102160520087.jpg,Warping,Warping__20240102-155550,1,2
Warping/Image_20240102160550087.jpg,Warping,Warping__20240102-155550,1,1
Warping/Image_20240102160620099.jpg,Warping,Warping__20240102-155550,1,0
Warping/Image_20240102160650098.jpg,Warping,Warping__20240102-155550,1,0
Warping/Image_20240102160720112.jpg,Warping,Warping__20240102-155550,1,2
Warping/Image_20240102160750116.jpg,Warping,Warping__20240102-155550,1,2
Warping/Image_20240102160820130.jpg,Warping,Warping__20240102-155550,1,2
Warping/Image_20240102160850129.jpg,Warping,Warping__20240102-155550,1,1
Warping/Image_20240102160920131.jpg,Warping,Warping__20240102-155550,1,1
Warping/Image_20240102160950093.jpg,Warping,Warping__20240102-155550,1,1
Warping/Image_20240102161020091.jpg,Warping,Warping__20240102-155550,1,0
Warping/Image_20240102161050105.jpg,Warping,Warping__20240102-155550,1,1
Warping/Image_20240102161120108.jpg,Warping,Warping__20240102-155550,1,1
Warping/Image_20240102161150118.jpg,Warping,Warping__20240102-155550,1,0
Warping/Image_20240102161220129.jpg,Warping,Warping__20240102-155550,1,1
Warping/Image_20240102161250136.jpg,Warping,Warping__20240102-155550,1,2
Warping/Image_20240102161320087.jpg,Warping,Warping__20240102-155550,1,1
Warping/Image_20240102161350096.jpg,Warping,Warping__20240102-155550,1,2
Warping/Image_20240102161420098.jpg,Warping,Warping__20240102-155550,1,2
Warping/Image_20240102161450096.jpg,Warping,Warping__20240102-155550,1,2
Warping/Image_20240102161520106.jpg,Warping,Warping__20240102-155550,1,2
Warping/Image_20240102161550122.jpg,Warping,Warping__20240102-155550,1,2
Warping/Image_20240102161620122.jpg,Warping,Warping__20240102-155550,1,2
Warping/Image_20240102161650132.jpg,Warping,Warping__20240102-155550,1,1
Warping/Image_20240102161720133.jpg,Warping,Warping__20240102-155550,1,0
Warping/Image_20240102161750091.jpg,Warping,Warping__20240102-155550,1,0
Warping/Image_20240102161820098.jpg,Warping,Warping__20240102-155550,1,1
Warping/Image_20240102161850097.jpg,Warping,Warping__20240102-155550,1,1
Warping/Image_20240102161920112.jpg,Warping,Warping__20240102-155550,1,1
Warping/Image_20240102161950112.jpg,Warping,Warping__20240102-155550,1,2
Warping/Image_20240102162020122.jpg,Warping,Warping__20240102-155550,1,0
Warping/Image_20240102162050120.jpg,Warping,Warping__20240102-155550,1,0
Warping/Image_20240102162120086.jpg,Warping,Warping__20240102-155550,1,0
Warping/Image_20240102162150089.jpg,Warping,Warping__20240102-155550,1,2
Warping/Image_20240102162220096.jpg,Warping,Warping__20240102-155550,1,2
Warping/Image_20240102162250097.jpg,Warping,Warping__20240102-155550,1,2
Warping/Image_20240102162320109.jpg,Warping,Warping__20240102-155550,1,1
Warping/Image_20240102162350116.jpg,Warping,Warping__20240102-155550,1,2
Warping/Image_20240102162420117.jpg,Warping,Warping__20240102-155550,1,0
Warping/Image_20240102162450127.jpg,Warping,Warping__20240102-155550,1,0
Warping/Image_20240102162520129.jpg,Warping,Warping__20240102-155550,1,2
Warping/Image_20240102162550094.jpg,Warping,Warping__20240102-155550,1,1
Warping/Image_20240102162620092.jpg,Warping,Warping__20240102-155550,1,0
Warping/Image_20240102162650102.jpg,Warping,Warping__20240102-155550,1,1
Warping/Image_20240102162720110.jpg,Warping,Warping__20240102-155550,1,0
Warping/Image_20240102170950136.jpg,Warping,Warping__20240102-170950,2,2
Warping/Image_20240102171020145.jpg,Warping,Warping__20240102-170950,2,0
Warping/Image_20240102171050092.jpg,Warping,Warping__20240102-170950,2,2
Warping/Image_20240102171120098.jpg,Warping,Warping__20240102-170950,2,0
Warping/Image_20240102171150110.jpg,Warping,Warping__20240102-170950,2,1
Warping/Image_20240102171220104.jpg,Warping,Warping__20240102-170950,2,1
Warping/Image_20240102171250126.jpg,Warping,Warping__20240102-170950,2,2
Warping/Image_20240102171320123.jpg,Warping,Warping__20240102-170950,2,1
Warping/Image_20240102171350137.jpg,Warping,Warping__20240102-170950,2,2
Warping/Image_20240102171420092.jpg,Warping,Warping__20240102-170950,2,1
Warping/Image_20240102171450094.jpg,Warping,Warping__20240102-170950,2,2
Warping/Image_20240102171520093.jpg,Warping,Warping__20240102-170950,2,2
Warping/Image_20240102181750123.jpg,Warping,Warping__20240102-181750,0,0
Warping/Image_20240102181820127.jpg,Warping,Warping__20240102-181750,0,1
Warping/Image_20240102181850136.jpg,Warping,Warping__20240102-181750,0,2
Warping/Image_20240102181920145.jpg,Warping,Warping__20240102-181750,0,1
Warping/Image_20240102181950148.jpg,Warping,Warping__20240102-181750,0,1
Warping/Image_20240102182020103.jpg,Warping,Warping__20240102-181750,0,1
Warping/Image_20240102182050106.jpg,Warping,Warping__20240102-181750,0,1
Warping/Image_20240102182120106.jpg,Warping,Warping__20240102-181750,0,0
Warping/Image_20240102182150116.jpg,Warping,Warping__20240102-181750,0,0
Warping/Image_20240102182220130.jpg,Warping,Warping__20240102-181750,0,1
Warping/Image_20240102182250125.jpg,Warping,Warping__20240102-181750,0,2
Warping/Image_20240102182320143.jpg,Warping,Warping__20240102-181750,0,2
Warping/Image_20240102182350093.jpg,Warping,Warping__20240102-181750,0,0
Warping/Image_20240102182420103.jpg,Warping,Warping__20240102-181750,0,1
Warping/Image_20240102182450098.jpg,Warping,Warping__20240102-181750,0,1
Warping/Image_20240102182520118.jpg,Warping,Warping__20240102-181750,0,0
Warping/Image_20240102182550122.jpg,Warping,Warping__20240102-181750,0,2
Warping/Image_20240102182620132.jpg,Warping,Warping__20240102-181750,0,0
Warping/Image_20240102182650139.jpg,Warping,Warping__20240102-181750,0,1
Warping/Image_20240102182720090.jpg,Warping,Warping__20240102-181750,0,1
Warping/Image_20240102182750095.jpg,Warping,Warping__20240102-181750,0,2
Warping/Image_20240102182820093.jpg,Warping,Warping__20240102-181750,0,2
Warping/Image_20240102182850110.jpg,Warping,Warping__20240102-181750,0,0
Warping/Image_20240102182920103.jpg,Warping,Warping__20240102-181750,0,0
Warping/Image_20240102182950126.jpg,Warping,Warping__20240102-181750,0,2
Warping/Image_20240102183020126.jpg,Warping,Warping__20240102-181750,0,2
Warping/Image_20240102183050125.jpg,Warping,Warping__20240102-181750,0,2
Warping/Image_20240102183120140.jpg,Warping,Warping__20240102-181750,0,1
Warping/Image_20240102183150090.jpg,Warping,Warping__20240102-181750,0,2
Warping/Image_20240102183220104.jpg,Warping,Warping__20240102-181750,0,0
Warping/Image_20240102183250105.jpg,Warping,Warping__20240102-181750,0,2
Warping/Image_20240102183320115.jpg,Warping,Warping__20240102-181750,0,0
Warping/Image_20240102183350120.jpg,Warping,Warping__20240102-181750,0,1
Warping/Image_20240102183420125.jpg,Warping,Warping__20240102-181750,0,0
Warping/Image_20240102183450137.jpg,Warping,Warping__20240102-181750,0,1
Warping/Image_20240102183520133.jpg,Warping,Warping__20240102-181750,0,0
Warping/Image_20240102183550088.jpg,Warping,Warping__20240102-181750,0,0
Warping/Image_20240103113109635.jpg,Warping,Warping__20240103-113109,2,1
Warping/Image_20240103113839624.jpg,Warping,Warping__20240103-113109,2,1
Warping/Image_20240103113909637.jpg,Warping,Warping__20240103-113109,2,0
Warping/Image_20240103113939640.jpg,Warping,Warping__20240103-113109,2,2
Warping/Image_20240103114009655.jpg,Warping,Warping__20240103-113109,2,1
Warping/Image_20240103114039650.jpg,Warping,Warping__20240103-113109,2,1
Warping/Image_20240103114109670.jpg,Warping,Warping__20240103-113109,2,2
Warping/Image_20240103114139644.jpg,Warping,Warping__20240103-113109,2,1
Warping/Image_20240103114209625.jpg,Warping,Warping__20240103-113109,2,1
Warping/Image_20240103114239634.jpg,Warping,Warping__20240103-113109,2,1
Warping/Image_20240103114309639.jpg,Warping,Warping__20240103-113109,2,2
Warping/Image_20240103114339643.jpg,Warping,Warping__20240103-113109,2,2
Warping/Image_20240103114409655.jpg,Warping,Warping__20240103-113109,2,1
Warping/Image_20240103114439643.jpg,Warping,Warping__20240103-113109,2,0
Warping/Image_20240103114509663.jpg,Warping,Warping__20240103-113109,2,0
Warping/Image_20240103114539663.jpg,Warping,Warping__20240103-113109,2,2
Warping/Image_20240103114609682.jpg,Warping,Warping__20240103-113109,2,0
Warping/Image_20240103114639634.jpg,Warping,Warping__20240103-113109,2,0
Warping/Image_20240103114709637.jpg,Warping,Warping__20240103-113109,2,0
Warping/Image_20240103114739644.jpg,Warping,Warping__20240103-113109,2,1
Warping/Image_20240103114809647.jpg,Warping,Warping__20240103-113109,2,2
Warping/Image_20240103114839655.jpg,Warping,Warping__20240103-113109,2,0
Warping/Image_20240103114909651.jpg,Warping,Warping__20240103-113109,2,1
Warping/Image_20240103114939673.jpg,Warping,Warping__20240103-113109,2,1
Warping/Image_20240103115009626.jpg,Warping,Warping__20240103-113109,2,1
Warping/Image_20240103115039681.jpg,Warping,Warping__20240103-113109,2,1
Warping/Image_20240103115109659.jpg,Warping,Warping__20240103-113109,2,2
Warping/Image_20240103115139643.jpg,Warping,Warping__20240103-113109,2,1
Warping/Image_20240103115209641.jpg,Warping,Warping__20240103-113109,2,2
Warping/Image_20240103115239651.jpg,Warping,Warping__20240103-113109,2,1
Warping/Image_20240103115309650.jpg,Warping,Warping__20240103-113109,2,2
Warping/Image_20240117114549997.jpg,Warping,Warping__20240117-114549,2,2
Warping/Image_20240117114620007.jpg,Warping,Warping__20240117-114549,2,1
Warping/Image_20240117114650007.jpg,Warping,Warping__20240117-114549,2,0
Warping/Image_20240117114719970.jpg,Warping,Warping__20240117-114549,2,0
Warping/Image_20240117114749970.jpg,Warping,Warping__20240117-114549,2,0
Warping/Image_20240117114819977.jpg,Warping,Warping__20240117-114549,2,1
Warping/Image_20240117114849986.jpg,Warping,Warping__20240117-114549,2,1
Warping/Image_20240117114919993.jpg,Warping,Warping__20240117-114549,2,2
Warping/Image_20240117114950006.jpg,Warping,Warping__20240117-114549,2,0
Warping/Image_20240117115020004.jpg,Warping,Warping__20240117-114549,2,0
Warping/Image_20240117115050010.jpg,Warping,Warping__20240117-114549,2,1
Warping/Image_20240117115119973.jpg,Warping,Warping__20240117-114549,2,2
Warping/Image_20240117115149971.jpg,Warping,Warping__20240117-114549,2,2
Warping/Image_20240117115220030.jpg,Warping,Warping__20240117-114549,2,2
Warping/Image_20240117115249978.jpg,Warping,Warping__20240117-114549,2,2
Warping/Image_20240117115319984.jpg,Warping,Warping__20240117-114549,2,2
Warping/Image_20240117115349999.jpg,Warping,Warping__20240117-114549,2,1
Warping/Image_20240117115420004.jpg,Warping,Warping__20240117-114549,2,1
Warping/Image_20240117115450007.jpg,Warping,Warping__20240117-114549,2,2
Warping/Image_20240117115519971.jpg,Warping,Warping__20240117-114549,2,0
Warping/Image_20240117115550026.jpg,Warping,Warping__20240117-114549,2,1
Warping/Image_20240117115620029.jpg,Warping,Warping__20240117-114549,2,2
Warping/Image_20240117115649981.jpg,Warping,Warping__20240117-114549,2,2
Warping/Image_20240117115719992.jpg,Warping,Warping__20240117-114549,2,2
Warping/Image_20240117115749999.jpg,Warping,Warping__20240117-114549,2,2
Warping/Image_20240117115820001.jpg,Warping,Warping__20240117-114549,2,0
Warping/Image_20240117115850010.jpg,Warping,Warping__20240117-114549,2,1
Warping/Image_20240117115920012.jpg,Warping,Warping__20240117-114549,2,0
Warping/Image_20240117115950016.jpg,Warping,Warping__20240117-114549,2,2
Warping/Image_20240117120020030.jpg,Warping,Warping__20240117-114549,2,1
Warping/Image_20240117120049984.jpg,Warping,Warping__20240117-114549,2,0
Warping/Image_20240117120119995.jpg,Warping,Warping__20240117-114549,2,2
Warping/Image_20240117120149992.jpg,Warping,Warping__20240117-114549,2,2
Warping/Image_20240117120220000.jpg,Warping,Warping__20240117-114549,2,2
Warping/Image_20240117120250012.jpg,Warping,Warping__20240117-114549,2,2
Warping/Image_20240117120320010.jpg,Warping,Warping__20240117-114549,2,1
Warping/Image_20240117120350020.jpg,Warping,Warping__20240117-114549,2,0
Warping/Image_20240117120419973.jpg,Warping,Warping__20240117-114549,2,0
Warping/Image_20240117122149991.jpg,Warping,Warping__20240117-122149,1,1
Warping/Image_20240117122219986.jpg,Warping,Warping__20240117-122149,1,0
Warping/Image_20240117122249997.jpg,Warping,Warping__20240117-122149,1,2
Warping/Image_20240117122320002.jpg,Warping,Warping__20240117-122149,1,0
Warping/Image_20240117122350018.jpg,Warping,Warping__20240117-122149,1,0
Warping/Image_20240117122420026.jpg,Warping,Warping__20240117-122149,1,1
Warping/Image_20240117122449973.jpg,Warping,Warping__20240117-122149,1,0
Warping/Image_20240117122519971.jpg,Warping,Warping__20240117-122149,1,0
Warping/Image_20240117122549990.jpg,Warping,Warping__20240117-122149,1,0
Warping/Image_20240117122619992.jpg,Warping,Warping__20240117-122149,1,2
Warping/Image_20240117122649994.jpg,Warping,Warping__20240117-122149,1,0
Warping/Image_20240117122720008.jpg,Warping,Warping__20240117-122149,1,0
Warping/Image_20240117122750016.jpg,Warping,Warping__20240117-122149,1,0
Warping/Image_20240117122820010.jpg,Warping,Warping__20240117-122149,1,2
Warping/Image_20240117122849975.jpg,Warping,Warping__20240117-122149,1,2
Warping/Image_20240117122919980.jpg,Warping,Warping__20240117-122149,1,2
Warping/Image_20240117122949984.jpg,Warping,Warping__20240117-122149,1,1
Warping/Image_20240117123019982.jpg,Warping,Warping__20240117-122149,1,1
Warping/Image_20240117123049990.jpg,Warping,Warping__20240117-122149,1,0
Warping/Image_20240117123120002.jpg,Warping,Warping__20240117-122149,1,0
Warping/Image_20240117123150006.jpg,Warping,Warping__20240117-122149,1,1
Warping/Image_20240117132719529.jpg,Warping,Warping__20240117-132719,0,1
Warping/Image_20240117132749534.jpg,Warping,Warping__20240117-132719,0,2
Warping/Image_20240117132819538.jpg,Warping,Warping__20240117-132719,0,1
Warping/Image_20240117132849547.jpg,Warping,Warping__20240117-132719,0,1
Warping/Image_20240117132919500.jpg,Warping,Warping__20240117-132719,0,2
Warping/Image_20240117132949557.jpg,Warping,Warping__20240117-132719,0,2
Warping/Image_20240117133019513.jpg,Warping,Warping__20240117-132719,0,2
Warping/Image_20240117133049516.jpg,Warping,Warping__20240117-132719,0,0
Warping/Image_20240117133119530.jpg,Warping,Warping__20240117-132719,0,2
Warping/Image_20240117133149528.jpg,Warping,Warping__20240117-132719,0,1
Warping/Image_20240117133219541.jpg,Warping,Warping__20240117-132719,0,2
Warping/Image_20240117133249542.jpg,Warping,Warping__20240117-132719,0,1
Warping/Image_20240117133319501.jpg,Warping,Warping__20240117-132719,0,2
Warping/Image_20240117133349507.jpg,Warping,Warping__20240117-132719,0,2
Warping/Image_20240117133419503.jpg,Warping,Warping__20240117-132719,0,0
Warping/Image_20240117133449510.jpg,Warping,Warping__20240117-132719,0,0
Warping/Image_20240117133519517.jpg,Warping,Warping__20240117-132719,0,0
Warping/Image_20240117133549526.jpg,Warping,Warping__20240117-132719,0,1
Warping/Image_20240117142119524.jpg,Warping,Warping__20240117-142119,0,0
Warping/Image_20240117142149545.jpg,Warping,Warping__20240117-142119,0,1
Warping/Image_20240117142219546.jpg,Warping,Warping__20240117-142119,0,2
Warping/Image_20240117142249552.jpg,Warping,Warping__20240117-142119,0,0
Warping/Image_20240117142319509.jpg,Warping,Warping__20240117-142119,0,1
Warping/Image_20240117142349515.jpg,Warping,Warping__20240117-142119,0,1
Warping/Image_20240117142419517.jpg,Warping,Warping__20240117-142119,0,1
Warping/Image_20240117142449530.jpg,Warping,Warping__20240117-142119,0,1
Warping/Image_20240117142519530.jpg,Warping,Warping__20240117-142119,0,2
Warping/Image_20240117142549543.jpg,Warping,Warping__20240117-142119,0,0
Warping/Image_20240117142619544.jpg,Warping,Warping__20240117-142119,0,0
Warping/Image_20240117142649556.jpg,Warping,Warping__20240117-142119,0,2
Warping/Image_20240117142719506.jpg,Warping,Warping__20240117-142119,0,2
Warping/Image_20240117142749518.jpg,Warping,Warping__20240117-142119,0,0
Warping/Image_20240117142819513.jpg,Warping,Warping__20240117-142119,0,2
Warping/Image_20240117142849524.jpg,Warping,Warping__20240117-142119,0,1
Warping/Image_20240117142919536.jpg,Warping,Warping__20240117-142119,0,2
Warping/Image_20240117142949540.jpg,Warping,Warping__20240117-142119,0,0
Warping/Image_20240117143019544.jpg,Warping,Warping__20240117-142119,0,0
Warping/Image_20240117143049554.jpg,Warping,Warping__20240117-142119,0,0
Warping/Image_20240117143119557.jpg,Warping,Warping__20240117-142119,0,2
Warping/Image_20240117143149517.jpg,Warping,Warping__20240117-142119,0,2
Warping/Image_20240117143219513.jpg,Warping,Warping__20240117-142119,0,1
Warping/Image_20240117144919520.jpg,Warping,Warping__20240117-144919,2,2
Warping/Image_20240117144949537.jpg,Warping,Warping__20240117-144919,2,0
Warping/Image_20240117145019537.jpg,Warping,Warping__20240117-144919,2,2
Warping/Image_20240117145049548.jpg,Warping,Warping__20240117-144919,2,2
Warping/Image_20240117145119554.jpg,Warping,Warping__20240117-144919,2,1
Warping/Image_20240117145149502.jpg,Warping,Warping__20240117-144919,2,0
Warping/Image_20240117145219517.jpg,Warping,Warping__20240117-144919,2,1
Warping/Image_20240117145249524.jpg,Warping,Warping__20240117-144919,2,0
Warping/Image_20240117145319521.jpg,Warping,Warping__20240117-144919,2,1
Warping/Image_20240117145349534.jpg,Warping,Warping__20240117-144919,2,1
Warping/Image_20240117145419546.jpg,Warping,Warping__20240117-144919,2,2
Warping/Image_20240117145449553.jpg,Warping,Warping__20240117-144919,2,2
Warping/Image_20240117145519556.jpg,Warping,Warping__20240117-144919,2,0
Warping/Image_20240117145549498.jpg,Warping,Warping__20240117-144919,2,1
Warping/Image_20240117145619515.jpg,Warping,Warping__20240117-144919,2,2
Warping/Image_20240117145649524.jpg,Warping,Warping__20240117-144919,2,0
